{"stats":{"minecraft:killed":{"alexsmobs:lobster":24,"minecraft:spider":3,"minecraft:skeleton":4,"minecraft:bee":5,"minecraft:chicken":3,"minecraft:pig":10,"alexsmobs:seal":3,"alexsmobs:stradpole":1,"minecraft:creeper":2,"minecraft:sheep":5,"minecraft:zombie":15,"minecraft:donkey":4,"minecraft:cow":1,"alexsmobs:seagull":1,"minecraft:slime":3,"minecraft:horse":20,"goblintraders:goblin_trader":2},"minecraft:crafted":{"minecraft:grindstone":1,"minecraft:oak_planks":684,"minecraft:cooked_chicken":3,"minecraft:cobblestone_stairs":4,"minecraft:stone":3,"minecraft:diamond_shovel":1,"minecraft:bookshelf":16,"minecraft:glass":16,"minecraft:iron_boots":1,"garnished:nut_planks":20,"minecraft:stone_hoe":3,"minecraft:glass_bottle":3,"minecraft:oak_slab":12,"sophisticatedbackpacks:backpack":1,"minecraft:emerald":143,"minecraft:cooked_porkchop":14,"minecraft:crafting_table":6,"farmersdelight:iron_knife":1,"minecraft:wooden_pickaxe":1,"minecraft:iron_helmet":1,"minecraft:fletching_table":4,"minecraft:lectern":1,"minecraft:iron_chestplate":1,"minecraft:book":4,"minecraft:paper":12,"minecraft:diamond_pickaxe":4,"minecraft:shield":1,"minecraft:stick":4534,"minecraft:stone_slab":6,"quark:oak_chest":17,"minecraft:iron_ingot":76,"minecraft:iron_pickaxe":3,"minecraft:stone_sword":1,"createindustry:lead_ingot":4,"minecraft:gold_ingot":58,"minecraft:shears":1,"minecraft:furnace":2,"minecraft:bone_meal":6,"creatingspace:nickel_ingot":29,"minecraft:oak_trapdoor":6,"minecraft:flint_and_steel":1,"minecraft:iron_axe":4,"minecraft:stone_pickaxe":1,"minecraft:redstone_block":81,"minecraft:wheat":144,"sophisticatedbackpacks:iron_backpack":1,"minecraft:sugar":1,"create:andesite_alloy":32,"minecraft:enchanting_table":1,"minecraft:dried_kelp":12,"everycomp:q/garnished/nut_chest":2,"minecraft:iron_sword":1,"sophisticatedbackpacks:gold_backpack":1,"minecraft:bucket":2,"minecraft:stone_axe":1,"minecraft:bread":48,"minecraft:air":0,"minecraft:fermented_spider_eye":1,"minecraft:wooden_axe":1,"minecraft:iron_shovel":1,"minecraft:iron_leggings":1,"minecraft:white_bed":4,"minecraft:andesite":256,"minecraft:torch":116},"minecraft:broken":{"minecraft:iron_shovel":1,"minecraft:stone_pickaxe":1,"minecraft:stone_axe":1,"minecraft:stone_hoe":1,"minecraft:iron_axe":4,"minecraft:iron_pickaxe":2},"minecraft:custom":{"minecraft:animals_bred":10,"minecraft:interact_with_crafting_table":75,"minecraft:bell_ring":24,"minecraft:leave_game":2,"minecraft:time_since_death":75901,"minecraft:sprint_one_cm":639387,"minecraft:drop":61,"minecraft:talked_to_villager":50,"minecraft:play_time":346858,"minecraft:deaths":1,"minecraft:jump":6180,"minecraft:interact_with_brewingstand":4,"minecraft:walk_on_water_one_cm":78785,"minecraft:enchant_item":3,"minecraft:interact_with_furnace":91,"minecraft:traded_with_villager":158,"minecraft:sleep_in_bed":5,"minecraft:damage_dealt":15066,"minecraft:crouch_one_cm":40712,"minecraft:mob_kills":109,"minecraft:damage_dealt_resisted":51,"minecraft:climb_one_cm":1480,"minecraft:walk_one_cm":1023775,"minecraft:damage_dealt_absorbed":120,"minecraft:sneak_time":13278,"minecraft:walk_under_water_one_cm":9768,"minecraft:total_world_time":346858,"minecraft:interact_with_grindstone":1,"minecraft:time_since_rest":65638,"minecraft:damage_taken":2386,"minecraft:swim_one_cm":16738,"minecraft:fly_one_cm":1303667,"minecraft:open_chest":214,"minecraft:fall_one_cm":181974},"minecraft:used":{"minecraft:iron_shovel":256,"minecraft:stone":2,"minecraft:iron_sword":245,"minecraft:carrot":110,"everycomp:q/garnished/nut_chest":2,"minecraft:lava_bucket":8,"minecraft:villager_spawn_egg":1,"createindustry:deepslate_nickel_ore":1,"minecraft:oak_sapling":29,"minecraft:furnace":11,"minecraft:beetroot_seeds":20,"minecraft:egg":1,"minecraft:diorite":1,"minecraft:stone_pickaxe":132,"minecraft:oak_planks":3,"minecraft:wooden_pickaxe":11,"minecraft:sugar_cane":41,"createcafe:coffee_beans":40,"minecraft:bread":49,"minecraft:lectern":5,"minecraft:deepslate":2,"minecraft:gravel":42,"supplementaries:flax_seeds":3,"minecraft:grindstone":1,"minecraft:bone_meal":6,"minecraft:oak_trapdoor":6,"minecraft:enchanting_table":1,"minecraft:stone_sword":117,"minecraft:flint_and_steel":1,"minecraft:redstone":1,"minecraft:deepslate_gold_ore":1,"minecraft:stone_hoe":251,"minecraft:cooked_chicken":1,"minecraft:stick":1,"minecraft:torch":93,"minecraft:brewing_stand":1,"minecraft:dirt":62,"minecraft:hopper":4,"minecraft:bookshelf":15,"minecraft:iron_axe":1014,"createcafe:cassava_seeds":56,"minecraft:gunpowder":1,"farmersdelight:tomato_seeds":3,"minecraft:cobbled_deepslate":137,"minecraft:wheat_seeds":229,"farmersdelight:iron_knife":43,"minecraft:water_bucket":218,"minecraft:cobblestone_stairs":1,"minecraft:glass_bottle":3,"minecraft:fletching_table":6,"minecraft:gold_ore":2,"farmersdelight:onion":7,"minecraft:oak_slab":1,"minecraft:crafting_table":16,"minecraft:white_bed":10,"minecraft:diamond_pickaxe":2258,"minecraft:diamond_shovel":112,"minecraft:iron_pickaxe":535,"minecraft:stone_axe":141,"minecraft:cobblestone":130,"minecraft:purple_bed":1,"minecraft:cooked_porkchop":14,"minecraft:bucket":226,"minecraft:yellow_bed":2,"quark:oak_chest":17,"alexsmobs:animal_dictionary":1},"minecraft:killed_by":{"alexsmobs:murmur_head":1},"minecraft:dropped":{"minecraft:oak_log":5,"minecraft:diamond":1,"creatingspace:raw_nickel":2,"minecraft:dirt":8,"create_bic_bit:sunflower_seeds":2,"minecraft:bone":2,"create_new_age:thorium":96,"minecraft:stone_axe":1,"minecraft:sugar_cane":23,"minecraft:oak_planks":6,"minecraft:music_disc_far":1,"minecraft:azure_bluet":2,"createcafe:cassava_seeds":2,"minecraft:gunpowder":1,"minecraft:arrow":8,"minecraft:egg":1,"minecraft:water_bucket":1,"minecraft:iron_ingot":1,"minecraft:wheat_seeds":14,"minecraft:mossy_cobblestone":1,"createcafe:coffee_beans":5,"minecraft:iron_helmet":1,"minecraft:cobblestone":5,"minecraft:diorite":22,"minecraft:wooden_axe":1,"regions_unexplored:dusktrap":1,"createindustry:raw_lead":5,"minecraft:iron_leggings":1,"minecraft:pumpkin":7,"minecraft:string":12,"minecraft:bucket":2,"minecraft:dandelion":1,"minecraft:furnace":1,"minecraft:stone_sword":1,"minecraft:raw_copper":56,"minecraft:raw_iron":6,"minecraft:iron_boots":2,"create_questing:blueprint":1,"createindustry:raw_nickel":10,"minecraft:diamond_pickaxe":1,"minecraft:andesite":19,"minecraft:spider_eye":4,"minecraft:wooden_pickaxe":1},"minecraft:picked_up":{"minecraft:wheat":116,"minecraft:brewing_stand":1,"minecraft:string":19,"minecraft:raw_copper":185,"createindustry:raw_nickel":43,"minecraft:iron_leggings":1,"minecraft:beetroot":8,"minecraft:cobbled_deepslate":502,"minecraft:bucket":1,"delightful:acorn":28,"regions_unexplored:maple_shrub":1,"createindustry:raw_lead":61,"minecraft:calcite":1,"minecraft:furnace":10,"minecraft:iron_boots":2,"minecraft:stick":106,"createcafe:coffee_fruit":122,"regions_unexplored:corpse_flower":1,"minecraft:composter":2,"minecraft:torch":5,"create:andesite_casing":35,"createcafe:cassava_seeds":123,"quark:blossom_log":11,"minecraft:porkchop":22,"minecraft:diorite":512,"minecraft:cauldron":4,"garnished:ungarnished_chestnut":2,"minecraft:rotten_flesh":10,"createcafe:coffee_beans":120,"farmersdelight:onion":7,"garnished:nut_log":10,"supplementaries:ash":40,"minecraft:obsidian":4,"alexsmobs:lobster_tail":14,"minecraft:cobblestone":332,"minecraft:birch_log":113,"minecraft:magma_block":1,"minecraft:feather":5,"minecraft:water_bucket":1,"minecraft:andesite":26,"minecraft:potato":2,"minecraft:flint":16,"minecraft:tuff":23,"create:raw_zinc":86,"farmersrespite:coffee_beans":1,"minecraft:lapis_lazuli":62,"minecraft:dirt":234,"minecraft:bone":13,"delightful:mini_melon":2,"minecraft:wheat_seeds":404,"minecraft:raw_gold":71,"create_new_age:magnetite_block":2,"regions_unexplored:pink_bioshroom":1,"minecraft:fletching_table":2,"minecraft:oak_planks":44,"create_questing:blueprint":1,"creatingspace:deepslate_nickel_ore":1,"regions_unexplored:blue_bioshroom_block":2,"minecraft:sand":16,"createindustry:raw_lithium":41,"minecraft:mossy_cobblestone":1,"minecraft:diamond":25,"minecraft:deepslate":691,"minecraft:deepslate_gold_ore":1,"minecraft:granite":17,"minecraft:emerald":3,"minecraft:oak_sapling":136,"creatingspace:raw_nickel":16,"minecraft:crafting_table":11,"create_new_age:thorium":224,"minecraft:allium":1,"minecraft:azure_bluet":3,"minecraft:chicken":3,"minecraft:brown_mushroom":1,"minecraft:pink_wool":1,"regions_unexplored:blue_bioshroom":2,"garnished:ungarnished_pecan":1,"minecraft:white_carpet":1,"minecraft:cartography_table":1,"minecraft:deepslate_diamond_ore":5,"minecraft:beef":2,"farmersdelight:straw":5,"minecraft:lectern":4,"minecraft:sugar_cane":85,"minecraft:birch_sapling":16,"minecraft:egg":4,"minecraft:raw_iron":142,"minecraft:stone":21,"minecraft:oak_door":2,"regions_unexplored:volcanic_ash":1,"minecraft:carrot":283,"minecraft:redstone":959,"regions_unexplored:dusktrap":2,"minecraft:arrow":12,"createindustry:deepslate_nickel_ore":1,"minecraft:beetroot_seeds":22,"minecraft:peony":1,"minecraft:hay_block":16,"minecraft:mutton":8,"minecraft:white_wool":16,"minecraft:rail":3,"minecraft:oxeye_daisy":1,"minecraft:stripped_oak_log":72,"garnished:ungarnished_hazelnut":1,"minecraft:basalt":9,"minecraft:leather":19,"regions_unexplored:blue_bioshroom_stem":25,"minecraft:oak_log":685,"minecraft:yellow_bed":2,"minecraft:gunpowder":7,"minecraft:cobblestone_stairs":2,"quark:limestone":3,"minecraft:apple":14,"minecraft:iron_ingot":1,"minecraft:music_disc_far":1,"minecraft:pumpkin":14,"minecraft:dandelion":6,"minecraft:gravel":139,"minecraft:blast_furnace":1,"minecraft:white_bed":6,"minecraft:gold_ore":2,"quark:oak_chest":1,"minecraft:spider_eye":5,"minecraft:purple_bed":1,"minecraft:slime_ball":4,"minecraft:stone_axe":1,"minecraft:iron_helmet":1,"minecraft:deepslate_redstone_ore":2,"createcafe:cassava_root":124,"create_bic_bit:sunflower_seeds":37,"minecraft:coal":145,"minecraft:hopper":4,"minecraft:sunflower":34},"minecraft:mined":{"create:deepslate_zinc_ore":49,"minecraft:white_bed":6,"minecraft:oak_sapling":3,"quark:yellow_blossom_leaves":1,"create:andesite_casing":34,"minecraft:cobblestone_stairs":2,"minecraft:brewing_stand":1,"minecraft:obsidian":4,"minecraft:granite":17,"minecraft:grass_block":67,"creatingspace:deepslate_nickel_ore":3,"minecraft:composter":2,"minecraft:oxeye_daisy":1,"regions_unexplored:blue_bioshroom":1,"regions_unexplored:blue_bioshroom_block":1,"minecraft:magma_block":1,"minecraft:iron_ore":74,"minecraft:cobbled_deepslate":12,"minecraft:fire":3,"createindustry:nickel_ore":7,"minecraft:pumpkin":7,"minecraft:fletching_table":2,"minecraft:deepslate_lapis_ore":8,"minecraft:azure_bluet":2,"supplementaries:stick":1,"minecraft:dirt_path":33,"minecraft:water_cauldron":4,"quark:limestone":3,"minecraft:deepslate_redstone_ore":204,"minecraft:brown_mushroom":2,"creatingspace:nickel_ore":12,"regions_unexplored:corpse_flower":1,"minecraft:powder_snow":1,"minecraft:blast_furnace":1,"minecraft:calcite":4,"createcafe:cassava_crop":31,"quark:blossom_log":11,"minecraft:cobblestone":23,"minecraft:sugar_cane":42,"minecraft:oak_planks":39,"minecraft:wall_torch":2,"minecraft:amethyst_block":2,"minecraft:birch_log":114,"minecraft:wheat":144,"minecraft:grass":546,"minecraft:oak_log":687,"delightful:mini_melon":2,"minecraft:beetroots":8,"regions_unexplored:blue_bioshroom_stem":26,"createindustry:deepslate_lithium_ore":41,"minecraft:sand":16,"minecraft:dirt":136,"minecraft:smooth_basalt":1,"minecraft:oak_leaves":52,"minecraft:deepslate":1073,"create:zinc_ore":23,"minecraft:tuff":30,"farmersdelight:onions":1,"minecraft:deepslate_diamond_ore":16,"regions_unexplored:dusktrap":1,"create_new_age:thorium_ore":34,"minecraft:cartography_table":1,"minecraft:hay_block":16,"farmersdelight:wild_onions":1,"minecraft:furnace":9,"minecraft:carrots":69,"minecraft:andesite":25,"supplementaries:gunpowder":1,"createcafe:coffee_crop":27,"minecraft:peony":1,"createindustry:lead_ore":29,"minecraft:potatoes":2,"minecraft:deepslate_iron_ore":35,"minecraft:rail":3,"minecraft:stripped_oak_log":73,"createindustry:deepslate_nickel_ore":24,"regions_unexplored:medium_grass":3,"minecraft:stone":268,"regions_unexplored:deepslate_viridescent_nylium":6,"quark:oak_chest":1,"minecraft:basalt":10,"create_new_age:magnetite_block":2,"supplementaries:ashen_basalt":1,"minecraft:dandelion":7,"minecraft:crafting_table":11,"regions_unexplored:volcanic_ash":1,"minecraft:lectern":4,"minecraft:tall_grass":82,"minecraft:copper_ore":33,"minecraft:deepslate_gold_ore":44,"minecraft:lapis_ore":2,"minecraft:diorite":504,"supplementaries:urn":5,"minecraft:purple_bed":1,"createindustry:deepslate_lead_ore":9,"minecraft:white_carpet":1,"minecraft:birch_leaves":3,"minecraft:yellow_bed":2,"garnished:nut_log":10,"minecraft:coal_ore":116,"minecraft:sunflower":43,"minecraft:gravel":162,"minecraft:cobweb":8,"regions_unexplored:maple_shrub":1,"minecraft:gold_ore":14}},"DataVersion":3120}