{"stats":{"minecraft:custom":{"minecraft:mob_kills":72,"minecraft:interact_with_crafting_table":41,"minecraft:damage_dealt_resisted":51,"minecraft:time_since_death":136121,"minecraft:climb_one_cm":1480,"minecraft:sprint_one_cm":203089,"minecraft:walk_one_cm":386084,"minecraft:drop":51,"minecraft:play_time":136121,"minecraft:sneak_time":5921,"minecraft:walk_under_water_one_cm":7042,"minecraft:jump":2296,"minecraft:walk_on_water_one_cm":62088,"minecraft:total_world_time":136121,"minecraft:interact_with_furnace":56,"minecraft:sleep_in_bed":3,"minecraft:time_since_rest":18409,"minecraft:damage_taken":866,"minecraft:damage_dealt":8357,"minecraft:swim_one_cm":16738,"minecraft:fly_one_cm":406463,"minecraft:open_chest":13,"minecraft:crouch_one_cm":20274,"minecraft:fall_one_cm":60977},"minecraft:mined":{"create:deepslate_zinc_ore":36,"minecraft:tuff":17,"minecraft:white_bed":1,"minecraft:oak_sapling":2,"quark:yellow_blossom_leaves":1,"minecraft:deepslate_diamond_ore":9,"minecraft:grass_block":6,"creatingspace:deepslate_nickel_ore":2,"create_new_age:thorium_ore":28,"minecraft:oxeye_daisy":1,"regions_unexplored:blue_bioshroom":1,"regions_unexplored:blue_bioshroom_block":1,"minecraft:hay_block":16,"farmersdelight:wild_onions":1,"minecraft:magma_block":1,"minecraft:furnace":9,"minecraft:carrots":5,"minecraft:iron_ore":53,"minecraft:fire":3,"minecraft:andesite":24,"minecraft:pumpkin":7,"supplementaries:gunpowder":1,"minecraft:azure_bluet":2,"createindustry:lead_ore":5,"minecraft:potatoes":2,"minecraft:deepslate_iron_ore":23,"minecraft:rail":3,"quark:limestone":3,"minecraft:stripped_oak_log":73,"createindustry:deepslate_nickel_ore":18,"regions_unexplored:medium_grass":3,"minecraft:stone":141,"regions_unexplored:deepslate_viridescent_nylium":6,"minecraft:deepslate_redstone_ore":82,"creatingspace:nickel_ore":10,"quark:oak_chest":1,"minecraft:basalt":5,"create_new_age:magnetite_block":2,"minecraft:dandelion":7,"minecraft:powder_snow":1,"minecraft:crafting_table":10,"regions_unexplored:volcanic_ash":1,"minecraft:calcite":4,"quark:blossom_log":11,"minecraft:copper_ore":17,"minecraft:tall_grass":38,"minecraft:cobblestone":12,"minecraft:deepslate_gold_ore":20,"minecraft:lapis_ore":2,"minecraft:oak_planks":34,"minecraft:sugar_cane":9,"minecraft:diorite":354,"minecraft:wall_torch":2,"minecraft:amethyst_block":2,"createindustry:deepslate_lead_ore":1,"minecraft:wheat":11,"garnished:nut_log":5,"minecraft:grass":122,"minecraft:oak_log":176,"minecraft:coal_ore":95,"delightful:mini_melon":2,"regions_unexplored:blue_bioshroom_stem":26,"createindustry:deepslate_lithium_ore":39,"minecraft:sunflower":3,"minecraft:gravel":11,"minecraft:dirt":9,"minecraft:cobweb":8,"minecraft:smooth_basalt":1,"regions_unexplored:maple_shrub":1,"minecraft:oak_leaves":5,"minecraft:deepslate":265},"minecraft:dropped":{"minecraft:water_bucket":1,"minecraft:iron_ingot":1,"minecraft:wheat_seeds":2,"minecraft:oak_log":5,"minecraft:mossy_cobblestone":1,"createcafe:coffee_beans":5,"minecraft:iron_helmet":1,"creatingspace:raw_nickel":2,"minecraft:dirt":8,"minecraft:diorite":22,"minecraft:wooden_axe":1,"createindustry:raw_lead":5,"create_bic_bit:sunflower_seeds":2,"minecraft:iron_leggings":1,"minecraft:pumpkin":7,"minecraft:bucket":2,"minecraft:bone":2,"minecraft:dandelion":1,"minecraft:furnace":1,"minecraft:stone_axe":1,"create_new_age:thorium":96,"minecraft:sugar_cane":23,"minecraft:stone_sword":1,"minecraft:raw_copper":56,"minecraft:raw_iron":6,"minecraft:oak_planks":6,"minecraft:iron_boots":2,"minecraft:music_disc_far":1,"minecraft:azure_bluet":2,"create_questing:blueprint":1,"createindustry:raw_nickel":10,"createcafe:cassava_seeds":1,"minecraft:gunpowder":1,"minecraft:diamond_pickaxe":1,"minecraft:andesite":19,"minecraft:spider_eye":4,"minecraft:arrow":8,"minecraft:wooden_pickaxe":1},"minecraft:used":{"minecraft:stone_sword":117,"minecraft:redstone":1,"minecraft:iron_sword":108,"minecraft:torch":87,"minecraft:dirt":11,"everycomp:q/garnished/nut_chest":2,"minecraft:iron_axe":277,"minecraft:gunpowder":1,"minecraft:oak_sapling":22,"minecraft:furnace":11,"minecraft:cobbled_deepslate":89,"minecraft:water_bucket":165,"minecraft:diorite":1,"minecraft:stone_pickaxe":132,"minecraft:wooden_pickaxe":11,"minecraft:crafting_table":13,"minecraft:white_bed":1,"minecraft:diamond_pickaxe":654,"minecraft:bread":20,"minecraft:iron_pickaxe":535,"minecraft:stone_axe":141,"minecraft:cobblestone":114,"minecraft:cooked_porkchop":6,"minecraft:bucket":166,"quark:oak_chest":11,"alexsmobs:animal_dictionary":1,"minecraft:bone_meal":6},"minecraft:crafted":{"minecraft:oak_planks":132,"minecraft:furnace":2,"minecraft:bone_meal":6,"minecraft:iron_boots":1,"garnished:nut_planks":20,"minecraft:iron_axe":2,"minecraft:stone_pickaxe":1,"sophisticatedbackpacks:iron_backpack":1,"minecraft:wheat":144,"sophisticatedbackpacks:backpack":1,"minecraft:cooked_porkchop":6,"minecraft:crafting_table":3,"everycomp:q/garnished/nut_chest":2,"minecraft:wooden_pickaxe":1,"minecraft:iron_helmet":1,"minecraft:iron_sword":1,"sophisticatedbackpacks:gold_backpack":1,"minecraft:bucket":2,"minecraft:stone_axe":1,"minecraft:bread":48,"minecraft:air":0,"minecraft:iron_chestplate":1,"minecraft:diamond_pickaxe":2,"minecraft:shield":1,"minecraft:stick":48,"quark:oak_chest":12,"minecraft:iron_ingot":65,"minecraft:iron_pickaxe":3,"minecraft:wooden_axe":1,"minecraft:stone_sword":1,"minecraft:iron_leggings":1,"minecraft:gold_ingot":16,"minecraft:torch":84},"minecraft:killed":{"alexsmobs:lobster":24,"minecraft:spider":2,"alexsmobs:seagull":1,"minecraft:slime":3,"minecraft:skeleton":2,"minecraft:horse":8,"goblintraders:goblin_trader":1,"minecraft:pig":10,"alexsmobs:seal":3,"minecraft:creeper":1,"minecraft:sheep":5,"minecraft:zombie":9,"minecraft:cow":1},"minecraft:picked_up":{"creatingspace:raw_nickel":13,"minecraft:wheat":2,"minecraft:crafting_table":10,"minecraft:allium":1,"create_new_age:thorium":164,"minecraft:azure_bluet":3,"minecraft:pink_wool":1,"regions_unexplored:blue_bioshroom":2,"garnished:ungarnished_pecan":1,"minecraft:string":10,"createindustry:raw_nickel":28,"minecraft:raw_copper":124,"minecraft:iron_leggings":1,"minecraft:cobbled_deepslate":385,"delightful:acorn":3,"minecraft:bucket":1,"regions_unexplored:maple_shrub":1,"minecraft:beef":2,"minecraft:calcite":1,"createindustry:raw_lead":11,"minecraft:sugar_cane":46,"minecraft:iron_boots":2,"minecraft:furnace":10,"minecraft:stick":15,"minecraft:raw_iron":89,"minecraft:torch":4,"regions_unexplored:volcanic_ash":1,"quark:blossom_log":11,"minecraft:porkchop":22,"createcafe:cassava_seeds":10,"minecraft:diorite":363,"minecraft:carrot":8,"minecraft:redstone":313,"garnished:ungarnished_chestnut":2,"minecraft:arrow":12,"minecraft:rotten_flesh":5,"createcafe:coffee_beans":11,"farmersdelight:onion":1,"minecraft:hay_block":16,"garnished:nut_log":5,"supplementaries:ash":22,"minecraft:mutton":8,"minecraft:rail":3,"alexsmobs:lobster_tail":14,"minecraft:white_wool":4,"minecraft:cobblestone":150,"minecraft:oxeye_daisy":1,"minecraft:stripped_oak_log":72,"garnished:ungarnished_hazelnut":1,"minecraft:feather":2,"minecraft:magma_block":1,"minecraft:basalt":4,"minecraft:water_bucket":1,"minecraft:andesite":23,"minecraft:leather":5,"regions_unexplored:blue_bioshroom_stem":25,"minecraft:potato":2,"minecraft:flint":1,"minecraft:tuff":12,"create:raw_zinc":36,"minecraft:oak_log":175,"minecraft:gunpowder":5,"minecraft:lapis_lazuli":16,"quark:limestone":3,"minecraft:dirt":19,"minecraft:bone":4,"delightful:mini_melon":2,"minecraft:wheat_seeds":29,"create_new_age:magnetite_block":2,"minecraft:raw_gold":20,"minecraft:iron_ingot":1,"minecraft:music_disc_far":1,"regions_unexplored:pink_bioshroom":1,"minecraft:oak_planks":39,"create_questing:blueprint":1,"minecraft:pumpkin":14,"minecraft:dandelion":6,"regions_unexplored:blue_bioshroom_block":2,"minecraft:gravel":4,"createindustry:raw_lithium":39,"minecraft:white_bed":1,"quark:oak_chest":1,"minecraft:spider_eye":4,"minecraft:mossy_cobblestone":1,"minecraft:slime_ball":4,"minecraft:diamond":16,"minecraft:deepslate":2,"minecraft:stone_axe":1,"minecraft:iron_helmet":1,"minecraft:emerald":3,"minecraft:oak_sapling":27,"create_bic_bit:sunflower_seeds":3,"minecraft:coal":111,"minecraft:sunflower":2},"minecraft:broken":{"minecraft:stone_pickaxe":1,"minecraft:iron_axe":1,"minecraft:stone_axe":1,"minecraft:iron_pickaxe":2}},"DataVersion":3120}