{"stats":{"minecraft:killed":{"alexsmobs:lobster":24,"minecraft:spider":3,"minecraft:skeleton":4,"minecraft:bee":5,"minecraft:chicken":3,"minecraft:pig":10,"alexsmobs:seal":3,"minecraft:iron_golem":3,"alexsmobs:stradpole":1,"minecraft:creeper":2,"minecraft:sheep":5,"minecraft:zombie":15,"minecraft:donkey":4,"minecraft:cow":1,"alexsmobs:seagull":2,"minecraft:slime":3,"minecraft:horse":20,"goblintraders:goblin_trader":2},"minecraft:crafted":{"minecraft:grindstone":1,"minecraft:oak_planks":808,"minecraft:cobblestone_slab":36,"minecraft:oak_sign":9,"minecraft:cooked_chicken":3,"minecraft:stone":3,"minecraft:cobblestone_stairs":4,"minecraft:diamond_shovel":1,"minecraft:bookshelf":16,"minecraft:hopper":2,"minecraft:glass":16,"minecraft:iron_boots":1,"garnished:nut_planks":20,"minecraft:stone_hoe":3,"minecraft:glass_bottle":3,"minecraft:oak_slab":60,"sophisticatedbackpacks:backpack":1,"minecraft:emerald":143,"minecraft:cooked_porkchop":14,"minecraft:diamond_axe":1,"minecraft:crafting_table":8,"farmersdelight:iron_knife":1,"minecraft:wooden_pickaxe":1,"minecraft:iron_helmet":1,"minecraft:fletching_table":4,"minecraft:light_gray_bed":1,"minecraft:lectern":1,"minecraft:iron_chestplate":1,"minecraft:book":4,"minecraft:paper":12,"minecraft:diamond_pickaxe":4,"minecraft:shield":1,"minecraft:stick":4542,"minecraft:stone_slab":6,"quark:oak_chest":24,"minecraft:iron_ingot":76,"minecraft:iron_pickaxe":3,"minecraft:stone_sword":1,"createindustry:lead_ingot":4,"minecraft:gold_ingot":58,"minecraft:composter":4,"minecraft:shears":2,"minecraft:furnace":2,"minecraft:bone_meal":6,"creatingspace:nickel_ingot":29,"minecraft:oak_trapdoor":6,"minecraft:flint_and_steel":1,"minecraft:iron_axe":4,"minecraft:stone_pickaxe":1,"minecraft:redstone_block":81,"minecraft:wheat":144,"sophisticatedbackpacks:iron_backpack":1,"minecraft:sugar":1,"create:andesite_alloy":32,"minecraft:enchanting_table":1,"minecraft:dried_kelp":12,"everycomp:q/garnished/nut_chest":2,"minecraft:iron_sword":1,"sophisticatedbackpacks:gold_backpack":1,"minecraft:bucket":2,"minecraft:stone_axe":1,"minecraft:bread":116,"minecraft:air":0,"minecraft:oak_boat":1,"minecraft:fermented_spider_eye":1,"minecraft:wooden_axe":1,"minecraft:iron_shovel":1,"minecraft:iron_leggings":1,"minecraft:white_bed":15,"minecraft:andesite":256,"minecraft:torch":116},"minecraft:broken":{"minecraft:iron_shovel":1,"minecraft:stone_pickaxe":1,"minecraft:stone_axe":1,"minecraft:stone_hoe":1,"minecraft:iron_axe":4,"minecraft:iron_pickaxe":2},"minecraft:custom":{"minecraft:animals_bred":51,"minecraft:interact_with_crafting_table":99,"minecraft:bell_ring":24,"minecraft:leave_game":3,"minecraft:time_since_death":164824,"minecraft:sprint_one_cm":741270,"minecraft:drop":94,"minecraft:talked_to_villager":51,"minecraft:play_time":435781,"minecraft:deaths":1,"minecraft:jump":7367,"minecraft:interact_with_brewingstand":4,"minecraft:walk_on_water_one_cm":85299,"minecraft:enchant_item":3,"minecraft:interact_with_furnace":95,"minecraft:traded_with_villager":158,"minecraft:sleep_in_bed":5,"minecraft:damage_dealt":17736,"minecraft:crouch_one_cm":76681,"minecraft:interact_with_anvil":1,"minecraft:mob_kills":113,"minecraft:inspect_hopper":1,"minecraft:damage_dealt_resisted":51,"minecraft:climb_one_cm":1480,"minecraft:walk_one_cm":1190833,"minecraft:damage_dealt_absorbed":120,"minecraft:sneak_time":24773,"minecraft:walk_under_water_one_cm":9902,"minecraft:total_world_time":435781,"minecraft:interact_with_grindstone":1,"minecraft:time_since_rest":154561,"minecraft:damage_taken":3088,"minecraft:swim_one_cm":16738,"minecraft:fly_one_cm":1542649,"minecraft:open_chest":276,"minecraft:fall_one_cm":220746},"minecraft:used":{"minecraft:iron_shovel":256,"minecraft:oak_sign":8,"minecraft:stone":2,"minecraft:iron_sword":275,"minecraft:zombie_spawn_egg":1,"minecraft:carrot":232,"everycomp:q/garnished/nut_chest":2,"minecraft:lava_bucket":9,"minecraft:villager_spawn_egg":4,"createindustry:deepslate_nickel_ore":1,"minecraft:oak_sapling":29,"minecraft:furnace":11,"minecraft:beetroot_seeds":20,"minecraft:egg":1,"minecraft:diorite":1,"minecraft:stone_pickaxe":132,"minecraft:oak_planks":3,"minecraft:wooden_pickaxe":11,"minecraft:composter":5,"minecraft:diamond_axe":63,"minecraft:sugar_cane":41,"createcafe:coffee_beans":40,"minecraft:bread":50,"minecraft:lectern":5,"minecraft:deepslate":2,"minecraft:gravel":42,"supplementaries:flax_seeds":6,"minecraft:grindstone":1,"minecraft:oak_boat":1,"minecraft:bone_meal":6,"minecraft:oak_trapdoor":6,"minecraft:enchanting_table":1,"minecraft:stone_sword":117,"minecraft:flint_and_steel":1,"minecraft:redstone":1,"minecraft:deepslate_gold_ore":1,"minecraft:stone_hoe":251,"minecraft:cooked_chicken":3,"minecraft:stick":1,"minecraft:torch":93,"minecraft:brewing_stand":1,"minecraft:dirt":140,"minecraft:anvil":1,"minecraft:hopper":7,"minecraft:bookshelf":15,"minecraft:iron_axe":1014,"createcafe:cassava_seeds":56,"minecraft:gunpowder":1,"farmersdelight:tomato_seeds":3,"minecraft:cobbled_deepslate":137,"minecraft:light_gray_bed":1,"minecraft:wheat_seeds":325,"farmersdelight:iron_knife":43,"minecraft:water_bucket":221,"minecraft:cobblestone_stairs":1,"minecraft:glass_bottle":3,"minecraft:fletching_table":6,"minecraft:cobblestone_slab":37,"minecraft:gold_ore":2,"farmersdelight:onion":7,"minecraft:oak_slab":1,"minecraft:crafting_table":23,"minecraft:white_bed":21,"minecraft:diamond_pickaxe":2371,"minecraft:diamond_shovel":194,"minecraft:iron_pickaxe":535,"minecraft:stone_axe":141,"minecraft:cobblestone":381,"minecraft:purple_bed":1,"minecraft:cooked_porkchop":14,"minecraft:bucket":231,"minecraft:yellow_bed":2,"quark:oak_chest":22,"alexsmobs:animal_dictionary":1},"minecraft:killed_by":{"alexsmobs:murmur_head":1},"minecraft:dropped":{"minecraft:oak_log":5,"minecraft:diamond":1,"creatingspace:raw_nickel":2,"minecraft:dirt":8,"create_bic_bit:sunflower_seeds":2,"minecraft:bone":2,"minecraft:stone_axe":1,"create_new_age:thorium":96,"minecraft:sugar_cane":23,"minecraft:oak_planks":6,"minecraft:music_disc_far":1,"minecraft:azure_bluet":2,"minecraft:carrot":316,"createcafe:cassava_seeds":2,"minecraft:gunpowder":1,"minecraft:arrow":8,"minecraft:egg":1,"minecraft:water_bucket":1,"minecraft:iron_ingot":1,"minecraft:bread":43,"minecraft:wheat_seeds":14,"minecraft:mossy_cobblestone":1,"createcafe:coffee_beans":5,"minecraft:iron_helmet":1,"minecraft:cobblestone":5,"minecraft:diorite":22,"minecraft:wooden_axe":1,"regions_unexplored:dusktrap":1,"createindustry:raw_lead":5,"minecraft:iron_leggings":1,"minecraft:pumpkin":7,"minecraft:string":12,"minecraft:bucket":2,"minecraft:dandelion":1,"minecraft:furnace":1,"minecraft:anvil":1,"minecraft:stone_sword":1,"minecraft:raw_copper":56,"minecraft:tuff":2,"minecraft:raw_iron":6,"minecraft:iron_boots":2,"create_questing:blueprint":1,"createindustry:raw_nickel":10,"minecraft:diamond_pickaxe":1,"minecraft:andesite":19,"minecraft:spider_eye":4,"minecraft:wooden_pickaxe":1},"minecraft:picked_up":{"minecraft:wheat":227,"minecraft:anvil":1,"minecraft:brewing_stand":1,"minecraft:string":19,"minecraft:raw_copper":185,"createindustry:raw_nickel":43,"minecraft:iron_leggings":1,"minecraft:beetroot":8,"minecraft:cobbled_deepslate":502,"minecraft:bucket":1,"delightful:acorn":29,"regions_unexplored:maple_shrub":1,"minecraft:cobblestone_slab":1,"createindustry:raw_lead":61,"minecraft:calcite":1,"minecraft:furnace":10,"minecraft:iron_boots":2,"minecraft:stick":106,"createcafe:coffee_fruit":122,"regions_unexplored:corpse_flower":1,"minecraft:composter":3,"minecraft:torch":5,"create:andesite_casing":35,"createcafe:cassava_seeds":124,"quark:blossom_log":11,"minecraft:porkchop":22,"minecraft:diorite":512,"supplementaries:flax":3,"minecraft:cauldron":4,"garnished:ungarnished_chestnut":2,"minecraft:rotten_flesh":10,"createcafe:coffee_beans":122,"farmersdelight:onion":7,"garnished:nut_log":10,"supplementaries:ash":40,"minecraft:obsidian":4,"alexsmobs:lobster_tail":14,"minecraft:cobblestone":362,"minecraft:birch_log":131,"minecraft:magma_block":1,"minecraft:feather":7,"minecraft:water_bucket":1,"minecraft:andesite":26,"minecraft:potato":2,"minecraft:flint":16,"minecraft:tuff":23,"create:raw_zinc":86,"farmersrespite:coffee_beans":1,"supplementaries:flax_seeds":6,"minecraft:lapis_lazuli":62,"minecraft:dirt":322,"minecraft:bone":13,"create_new_age:magnetite_block":2,"delightful:mini_melon":2,"minecraft:wheat_seeds":735,"minecraft:raw_gold":71,"regions_unexplored:pink_bioshroom":1,"minecraft:fletching_table":2,"minecraft:oak_planks":44,"create_questing:blueprint":1,"creatingspace:deepslate_nickel_ore":1,"regions_unexplored:blue_bioshroom_block":2,"minecraft:sand":16,"createindustry:raw_lithium":41,"minecraft:mossy_cobblestone":1,"minecraft:diamond":25,"minecraft:deepslate":691,"minecraft:deepslate_gold_ore":1,"minecraft:granite":17,"minecraft:emerald":3,"minecraft:bread":3,"minecraft:oak_sapling":141,"creatingspace:raw_nickel":16,"minecraft:crafting_table":16,"create_new_age:thorium":224,"minecraft:allium":1,"minecraft:azure_bluet":3,"minecraft:chicken":3,"minecraft:brown_mushroom":1,"minecraft:pink_wool":1,"regions_unexplored:blue_bioshroom":2,"garnished:ungarnished_pecan":1,"minecraft:white_carpet":1,"minecraft:cartography_table":1,"minecraft:deepslate_diamond_ore":5,"minecraft:beef":2,"farmersdelight:straw":5,"minecraft:poppy":2,"minecraft:light_gray_wool":4,"minecraft:lectern":4,"minecraft:sugar_cane":144,"minecraft:birch_sapling":21,"minecraft:egg":4,"minecraft:raw_iron":142,"minecraft:stone":21,"minecraft:oak_door":2,"regions_unexplored:volcanic_ash":1,"minecraft:carrot":552,"minecraft:redstone":959,"regions_unexplored:dusktrap":2,"minecraft:arrow":12,"createindustry:deepslate_nickel_ore":1,"minecraft:beetroot_seeds":22,"minecraft:peony":1,"minecraft:hay_block":16,"minecraft:mutton":8,"minecraft:white_wool":49,"minecraft:rail":3,"minecraft:oxeye_daisy":1,"minecraft:stripped_oak_log":72,"garnished:ungarnished_hazelnut":1,"minecraft:basalt":9,"minecraft:leather":19,"regions_unexplored:blue_bioshroom_stem":25,"minecraft:oak_log":712,"minecraft:yellow_bed":2,"minecraft:gunpowder":7,"minecraft:cobblestone_stairs":2,"quark:limestone":3,"minecraft:apple":14,"minecraft:iron_ingot":21,"minecraft:music_disc_far":1,"minecraft:pumpkin":14,"minecraft:dandelion":6,"minecraft:gravel":139,"minecraft:blast_furnace":1,"minecraft:white_bed":6,"minecraft:gold_ore":2,"quark:oak_chest":1,"minecraft:spider_eye":5,"minecraft:purple_bed":1,"minecraft:slime_ball":4,"minecraft:stone_axe":1,"minecraft:iron_helmet":1,"minecraft:deepslate_redstone_ore":2,"createcafe:cassava_root":124,"create_bic_bit:sunflower_seeds":37,"minecraft:coal":145,"minecraft:hopper":5,"minecraft:sunflower":36},"minecraft:mined":{"create:deepslate_zinc_ore":49,"minecraft:white_bed":6,"minecraft:oak_sapling":3,"quark:yellow_blossom_leaves":1,"create:andesite_casing":34,"minecraft:cobblestone_stairs":2,"minecraft:brewing_stand":1,"minecraft:obsidian":4,"minecraft:granite":17,"minecraft:grass_block":76,"creatingspace:deepslate_nickel_ore":3,"minecraft:composter":3,"minecraft:hopper":1,"minecraft:oxeye_daisy":1,"regions_unexplored:blue_bioshroom":1,"regions_unexplored:blue_bioshroom_block":1,"minecraft:magma_block":1,"minecraft:iron_ore":74,"minecraft:cobbled_deepslate":12,"minecraft:fire":3,"createindustry:nickel_ore":7,"minecraft:pumpkin":7,"minecraft:fletching_table":2,"minecraft:deepslate_lapis_ore":8,"minecraft:azure_bluet":2,"supplementaries:stick":1,"minecraft:water_cauldron":4,"minecraft:dirt_path":33,"quark:limestone":3,"minecraft:deepslate_redstone_ore":204,"minecraft:brown_mushroom":2,"creatingspace:nickel_ore":12,"regions_unexplored:corpse_flower":1,"minecraft:powder_snow":1,"minecraft:blast_furnace":1,"minecraft:calcite":4,"quark:blossom_log":11,"createcafe:cassava_crop":31,"minecraft:cobblestone":65,"minecraft:sugar_cane":81,"minecraft:oak_planks":39,"minecraft:wall_torch":2,"minecraft:amethyst_block":2,"minecraft:birch_log":132,"minecraft:wheat":270,"minecraft:grass":561,"minecraft:oak_log":714,"delightful:mini_melon":2,"minecraft:beetroots":8,"regions_unexplored:blue_bioshroom_stem":26,"createindustry:deepslate_lithium_ore":41,"minecraft:sand":16,"minecraft:dirt":215,"minecraft:smooth_basalt":1,"minecraft:oak_leaves":52,"minecraft:deepslate":1073,"create:zinc_ore":23,"minecraft:tuff":30,"farmersdelight:onions":1,"minecraft:deepslate_diamond_ore":16,"regions_unexplored:dusktrap":1,"create_new_age:thorium_ore":34,"minecraft:cartography_table":1,"minecraft:hay_block":16,"farmersdelight:wild_onions":1,"minecraft:furnace":9,"minecraft:carrots":124,"supplementaries:flax":3,"minecraft:andesite":25,"supplementaries:gunpowder":1,"createcafe:coffee_crop":27,"minecraft:peony":1,"createindustry:lead_ore":29,"minecraft:potatoes":2,"minecraft:cobblestone_slab":3,"minecraft:deepslate_iron_ore":35,"minecraft:rail":3,"minecraft:stripped_oak_log":73,"createindustry:deepslate_nickel_ore":24,"regions_unexplored:medium_grass":3,"minecraft:stone":268,"regions_unexplored:deepslate_viridescent_nylium":6,"quark:oak_chest":1,"minecraft:basalt":10,"create_new_age:magnetite_block":2,"supplementaries:ashen_basalt":1,"minecraft:dandelion":7,"minecraft:crafting_table":16,"regions_unexplored:volcanic_ash":1,"minecraft:lectern":4,"minecraft:tall_grass":82,"minecraft:copper_ore":33,"minecraft:deepslate_gold_ore":44,"minecraft:lapis_ore":2,"minecraft:diorite":504,"supplementaries:urn":5,"minecraft:purple_bed":1,"createindustry:deepslate_lead_ore":9,"minecraft:white_carpet":1,"minecraft:birch_leaves":3,"minecraft:yellow_bed":2,"garnished:nut_log":10,"minecraft:coal_ore":116,"minecraft:sunflower":43,"minecraft:gravel":162,"minecraft:cobweb":8,"regions_unexplored:maple_shrub":1,"minecraft:gold_ore":14}},"DataVersion":3120}