{"stats":{"minecraft:custom":{"minecraft:interact_with_crafting_table":55,"minecraft:time_since_death":220121,"minecraft:sprint_one_cm":396005,"minecraft:drop":58,"minecraft:talked_to_villager":36,"minecraft:play_time":220121,"minecraft:jump":4099,"minecraft:interact_with_brewingstand":4,"minecraft:walk_on_water_one_cm":65220,"minecraft:interact_with_furnace":70,"minecraft:traded_with_villager":134,"minecraft:sleep_in_bed":3,"minecraft:damage_dealt":13780,"minecraft:crouch_one_cm":23936,"minecraft:mob_kills":101,"minecraft:damage_dealt_resisted":51,"minecraft:climb_one_cm":1480,"minecraft:walk_one_cm":629630,"minecraft:sneak_time":7127,"minecraft:walk_under_water_one_cm":8491,"minecraft:total_world_time":220121,"minecraft:time_since_rest":102409,"minecraft:damage_taken":1689,"minecraft:swim_one_cm":16738,"minecraft:fly_one_cm":785713,"minecraft:open_chest":76,"minecraft:fall_one_cm":115682},"minecraft:dropped":{"minecraft:oak_log":5,"creatingspace:raw_nickel":2,"minecraft:dirt":8,"create_bic_bit:sunflower_seeds":2,"minecraft:bone":2,"create_new_age:thorium":96,"minecraft:stone_axe":1,"minecraft:sugar_cane":23,"minecraft:oak_planks":6,"minecraft:music_disc_far":1,"minecraft:azure_bluet":2,"createcafe:cassava_seeds":2,"minecraft:gunpowder":1,"minecraft:arrow":8,"minecraft:water_bucket":1,"minecraft:iron_ingot":1,"minecraft:wheat_seeds":14,"minecraft:mossy_cobblestone":1,"createcafe:coffee_beans":5,"minecraft:iron_helmet":1,"minecraft:cobblestone":4,"minecraft:diorite":22,"minecraft:wooden_axe":1,"regions_unexplored:dusktrap":1,"createindustry:raw_lead":5,"minecraft:iron_leggings":1,"minecraft:pumpkin":7,"minecraft:string":12,"minecraft:bucket":2,"minecraft:dandelion":1,"minecraft:furnace":1,"minecraft:stone_sword":1,"minecraft:raw_copper":56,"minecraft:raw_iron":6,"minecraft:iron_boots":2,"create_questing:blueprint":1,"createindustry:raw_nickel":10,"minecraft:diamond_pickaxe":1,"minecraft:andesite":19,"minecraft:spider_eye":4,"minecraft:wooden_pickaxe":1},"minecraft:mined":{"create:deepslate_zinc_ore":49,"minecraft:white_bed":1,"minecraft:oak_sapling":3,"quark:yellow_blossom_leaves":1,"create:andesite_casing":34,"minecraft:brewing_stand":1,"minecraft:obsidian":4,"minecraft:grass_block":9,"creatingspace:deepslate_nickel_ore":2,"minecraft:composter":2,"minecraft:oxeye_daisy":1,"regions_unexplored:blue_bioshroom":1,"regions_unexplored:blue_bioshroom_block":1,"minecraft:magma_block":1,"minecraft:fire":3,"minecraft:iron_ore":53,"minecraft:cobbled_deepslate":12,"createindustry:nickel_ore":7,"minecraft:pumpkin":7,"minecraft:fletching_table":2,"minecraft:deepslate_lapis_ore":2,"minecraft:azure_bluet":2,"supplementaries:stick":1,"minecraft:water_cauldron":4,"quark:limestone":3,"minecraft:deepslate_redstone_ore":82,"minecraft:brown_mushroom":2,"creatingspace:nickel_ore":10,"regions_unexplored:corpse_flower":1,"minecraft:powder_snow":1,"minecraft:calcite":4,"quark:blossom_log":11,"minecraft:cobblestone":16,"minecraft:sugar_cane":32,"minecraft:oak_planks":39,"minecraft:wall_torch":2,"minecraft:amethyst_block":2,"minecraft:birch_log":84,"minecraft:wheat":13,"minecraft:grass":154,"minecraft:oak_log":603,"delightful:mini_melon":2,"regions_unexplored:blue_bioshroom_stem":26,"createindustry:deepslate_lithium_ore":41,"minecraft:sand":16,"minecraft:dirt":16,"minecraft:smooth_basalt":1,"minecraft:oak_leaves":46,"minecraft:deepslate":313,"minecraft:tuff":17,"minecraft:deepslate_diamond_ore":11,"regions_unexplored:dusktrap":1,"create_new_age:thorium_ore":28,"minecraft:cartography_table":1,"minecraft:hay_block":16,"farmersdelight:wild_onions":1,"minecraft:furnace":9,"minecraft:carrots":5,"minecraft:andesite":24,"supplementaries:gunpowder":1,"minecraft:peony":1,"createindustry:lead_ore":5,"minecraft:potatoes":2,"minecraft:deepslate_iron_ore":33,"minecraft:rail":3,"minecraft:stripped_oak_log":73,"createindustry:deepslate_nickel_ore":18,"regions_unexplored:medium_grass":3,"minecraft:stone":142,"regions_unexplored:deepslate_viridescent_nylium":6,"quark:oak_chest":1,"minecraft:basalt":10,"minecraft:dandelion":7,"create_new_age:magnetite_block":2,"supplementaries:ashen_basalt":1,"minecraft:crafting_table":11,"regions_unexplored:volcanic_ash":1,"minecraft:lectern":4,"minecraft:tall_grass":46,"minecraft:copper_ore":32,"minecraft:lapis_ore":2,"minecraft:deepslate_gold_ore":21,"minecraft:diorite":502,"supplementaries:urn":5,"createindustry:deepslate_lead_ore":1,"minecraft:white_carpet":1,"minecraft:birch_leaves":1,"minecraft:yellow_bed":1,"garnished:nut_log":10,"minecraft:coal_ore":95,"minecraft:sunflower":3,"minecraft:gravel":115,"minecraft:cobweb":8,"regions_unexplored:maple_shrub":1},"minecraft:used":{"minecraft:iron_shovel":126,"minecraft:iron_sword":212,"everycomp:q/garnished/nut_chest":2,"minecraft:lava_bucket":8,"minecraft:villager_spawn_egg":1,"minecraft:furnace":11,"minecraft:oak_sapling":29,"minecraft:diorite":1,"minecraft:stone_pickaxe":132,"minecraft:oak_planks":3,"minecraft:wooden_pickaxe":11,"minecraft:sugar_cane":23,"minecraft:bread":46,"minecraft:lectern":5,"minecraft:gravel":42,"minecraft:bone_meal":6,"minecraft:oak_trapdoor":2,"minecraft:stone_sword":117,"minecraft:flint_and_steel":1,"minecraft:redstone":1,"minecraft:stick":1,"minecraft:torch":88,"minecraft:brewing_stand":1,"minecraft:dirt":19,"minecraft:iron_axe":894,"minecraft:gunpowder":1,"minecraft:cobbled_deepslate":137,"minecraft:water_bucket":178,"minecraft:glass_bottle":3,"minecraft:fletching_table":6,"minecraft:oak_slab":1,"minecraft:crafting_table":15,"minecraft:white_bed":1,"minecraft:diamond_pickaxe":939,"minecraft:iron_pickaxe":535,"minecraft:stone_axe":141,"minecraft:cobblestone":121,"minecraft:cooked_porkchop":6,"minecraft:bucket":187,"minecraft:yellow_bed":1,"quark:oak_chest":11,"alexsmobs:animal_dictionary":1},"minecraft:crafted":{"minecraft:oak_planks":628,"minecraft:bookshelf":13,"minecraft:glass":16,"minecraft:iron_boots":1,"garnished:nut_planks":20,"minecraft:glass_bottle":3,"minecraft:oak_slab":12,"sophisticatedbackpacks:backpack":1,"minecraft:emerald":122,"minecraft:cooked_porkchop":6,"minecraft:crafting_table":5,"minecraft:wooden_pickaxe":1,"minecraft:iron_helmet":1,"minecraft:fletching_table":4,"minecraft:lectern":1,"minecraft:iron_chestplate":1,"minecraft:book":4,"minecraft:paper":12,"minecraft:diamond_pickaxe":2,"minecraft:shield":1,"minecraft:stick":3902,"quark:oak_chest":12,"minecraft:iron_ingot":66,"minecraft:iron_pickaxe":3,"minecraft:stone_sword":1,"minecraft:gold_ingot":16,"minecraft:furnace":2,"minecraft:bone_meal":6,"creatingspace:nickel_ingot":29,"minecraft:oak_trapdoor":2,"minecraft:flint_and_steel":1,"minecraft:iron_axe":4,"minecraft:stone_pickaxe":1,"minecraft:wheat":144,"sophisticatedbackpacks:iron_backpack":1,"minecraft:sugar":1,"create:andesite_alloy":32,"minecraft:enchanting_table":1,"everycomp:q/garnished/nut_chest":2,"minecraft:iron_sword":1,"sophisticatedbackpacks:gold_backpack":1,"minecraft:bucket":2,"minecraft:stone_axe":1,"minecraft:bread":48,"minecraft:air":0,"minecraft:fermented_spider_eye":1,"minecraft:wooden_axe":1,"minecraft:iron_shovel":1,"minecraft:iron_leggings":1,"minecraft:andesite":256,"minecraft:torch":84},"minecraft:killed":{"alexsmobs:lobster":24,"minecraft:spider":3,"minecraft:skeleton":2,"minecraft:bee":5,"minecraft:pig":10,"alexsmobs:seal":3,"alexsmobs:stradpole":1,"minecraft:creeper":2,"minecraft:sheep":5,"minecraft:zombie":13,"minecraft:donkey":4,"minecraft:cow":1,"alexsmobs:seagull":1,"minecraft:slime":3,"minecraft:horse":20,"goblintraders:goblin_trader":1},"minecraft:picked_up":{"minecraft:wheat":4,"minecraft:brewing_stand":1,"minecraft:string":19,"createindustry:raw_nickel":35,"minecraft:raw_copper":183,"minecraft:iron_leggings":1,"minecraft:cobbled_deepslate":445,"minecraft:bucket":1,"delightful:acorn":27,"regions_unexplored:maple_shrub":1,"createindustry:raw_lead":11,"minecraft:calcite":1,"minecraft:furnace":10,"minecraft:iron_boots":2,"minecraft:stick":101,"regions_unexplored:corpse_flower":1,"minecraft:composter":2,"minecraft:torch":4,"create:andesite_casing":35,"createcafe:cassava_seeds":12,"minecraft:porkchop":22,"quark:blossom_log":11,"minecraft:diorite":510,"minecraft:cauldron":4,"garnished:ungarnished_chestnut":2,"minecraft:rotten_flesh":9,"createcafe:coffee_beans":12,"farmersdelight:onion":1,"garnished:nut_log":10,"supplementaries:ash":39,"minecraft:obsidian":4,"alexsmobs:lobster_tail":14,"minecraft:cobblestone":226,"minecraft:birch_log":84,"minecraft:magma_block":1,"minecraft:feather":2,"minecraft:water_bucket":1,"minecraft:andesite":25,"minecraft:potato":2,"minecraft:flint":9,"minecraft:tuff":12,"create:raw_zinc":49,"farmersrespite:coffee_beans":1,"minecraft:dirt":32,"minecraft:lapis_lazuli":27,"minecraft:bone":11,"delightful:mini_melon":2,"minecraft:wheat_seeds":47,"minecraft:raw_gold":21,"create_new_age:magnetite_block":2,"regions_unexplored:pink_bioshroom":1,"minecraft:fletching_table":2,"minecraft:oak_planks":44,"create_questing:blueprint":1,"regions_unexplored:blue_bioshroom_block":2,"minecraft:sand":16,"createindustry:raw_lithium":41,"minecraft:mossy_cobblestone":1,"minecraft:deepslate":2,"minecraft:diamond":18,"minecraft:emerald":3,"minecraft:oak_sapling":129,"creatingspace:raw_nickel":13,"minecraft:crafting_table":11,"create_new_age:thorium":164,"minecraft:allium":1,"minecraft:azure_bluet":3,"minecraft:brown_mushroom":1,"minecraft:pink_wool":1,"regions_unexplored:blue_bioshroom":2,"garnished:ungarnished_pecan":1,"minecraft:white_carpet":1,"minecraft:cartography_table":1,"minecraft:beef":2,"minecraft:lectern":4,"minecraft:sugar_cane":67,"minecraft:birch_sapling":15,"minecraft:egg":2,"minecraft:raw_iron":99,"regions_unexplored:volcanic_ash":1,"minecraft:carrot":8,"minecraft:redstone":313,"regions_unexplored:dusktrap":2,"minecraft:arrow":12,"minecraft:peony":1,"minecraft:hay_block":16,"minecraft:mutton":8,"minecraft:white_wool":4,"minecraft:rail":3,"minecraft:oxeye_daisy":1,"minecraft:stripped_oak_log":72,"garnished:ungarnished_hazelnut":1,"minecraft:basalt":9,"minecraft:leather":19,"regions_unexplored:blue_bioshroom_stem":25,"minecraft:oak_log":603,"minecraft:yellow_bed":1,"minecraft:gunpowder":7,"quark:limestone":3,"minecraft:apple":14,"minecraft:music_disc_far":1,"minecraft:iron_ingot":1,"minecraft:pumpkin":14,"minecraft:dandelion":6,"minecraft:gravel":99,"minecraft:white_bed":1,"quark:oak_chest":1,"minecraft:spider_eye":5,"minecraft:slime_ball":4,"minecraft:stone_axe":1,"minecraft:iron_helmet":1,"create_bic_bit:sunflower_seeds":3,"minecraft:coal":111,"minecraft:sunflower":2},"minecraft:broken":{"minecraft:stone_pickaxe":1,"minecraft:stone_axe":1,"minecraft:iron_axe":3,"minecraft:iron_pickaxe":2}},"DataVersion":3120}