{"stats":{"minecraft:picked_up":{"minecraft:wheat_seeds":1,"createcafe:cassava_seeds":1,"minecraft:oak_log":6,"minecraft:oak_sapling":2,"minecraft:sugar_cane":12,"minecraft:dirt":12,"minecraft:cobblestone":5},"minecraft:custom":{"minecraft:time_since_rest":4727,"minecraft:play_time":4727,"minecraft:sprint_one_cm":6067,"minecraft:walk_one_cm":4456,"minecraft:walk_under_water_one_cm":144,"minecraft:jump":52,"minecraft:time_since_death":4727,"minecraft:walk_on_water_one_cm":830,"minecraft:total_world_time":4727,"minecraft:swim_one_cm":1436,"minecraft:interact_with_crafting_table":4,"minecraft:fall_one_cm":836,"minecraft:fly_one_cm":12464},"minecraft:used":{"minecraft:dirt":4,"minecraft:crafting_table":1,"minecraft:stone_pickaxe":2,"minecraft:wooden_pickaxe":11},"minecraft:mined":{"minecraft:grass":3,"minecraft:grass_block":6,"minecraft:oak_log":6,"minecraft:dirt":6,"minecraft:tall_grass":3,"minecraft:stone":5,"minecraft:sugar_cane":6,"minecraft:oak_leaves":1},"minecraft:crafted":{"minecraft:oak_planks":24,"minecraft:crafting_table":1,"minecraft:stick":12,"minecraft:stone_pickaxe":1,"minecraft:wooden_pickaxe":1,"minecraft:wooden_axe":1}},"DataVersion":3120}