{"stats":{"minecraft:broken":{"minecraft:stone_pickaxe":1,"minecraft:iron_pickaxe":1},"minecraft:picked_up":{"creatingspace:raw_nickel":7,"minecraft:crafting_table":7,"create_new_age:thorium":159,"minecraft:azure_bluet":2,"minecraft:string":10,"createindustry:raw_nickel":15,"minecraft:raw_copper":112,"minecraft:iron_leggings":1,"minecraft:cobbled_deepslate":164,"createindustry:raw_lead":10,"minecraft:sugar_cane":46,"minecraft:iron_boots":2,"minecraft:furnace":9,"minecraft:raw_iron":67,"minecraft:stick":3,"minecraft:torch":1,"minecraft:porkchop":6,"createcafe:cassava_seeds":1,"minecraft:diorite":37,"minecraft:redstone":25,"minecraft:arrow":12,"minecraft:rotten_flesh":2,"createcafe:coffee_beans":1,"minecraft:hay_block":16,"minecraft:cobblestone":131,"minecraft:rail":3,"minecraft:basalt":2,"minecraft:andesite":19,"minecraft:leather":4,"minecraft:potato":1,"minecraft:tuff":10,"minecraft:oak_log":17,"minecraft:gunpowder":3,"minecraft:lapis_lazuli":16,"minecraft:dirt":19,"minecraft:bone":4,"minecraft:wheat_seeds":2,"minecraft:raw_gold":16,"minecraft:music_disc_far":1,"minecraft:iron_ingot":1,"minecraft:oak_planks":39,"create_questing:blueprint":1,"minecraft:pumpkin":14,"minecraft:dandelion":1,"createindustry:raw_lithium":10,"minecraft:spider_eye":4,"minecraft:slime_ball":4,"minecraft:diamond":1,"minecraft:stone_axe":1,"minecraft:iron_helmet":1,"minecraft:oak_sapling":5,"create_bic_bit:sunflower_seeds":2,"minecraft:coal":89},"minecraft:custom":{"minecraft:mob_kills":25,"minecraft:interact_with_crafting_table":27,"minecraft:time_since_death":52727,"minecraft:sprint_one_cm":56514,"minecraft:walk_one_cm":135114,"minecraft:drop":44,"minecraft:play_time":52727,"minecraft:sneak_time":1186,"minecraft:walk_under_water_one_cm":990,"minecraft:jump":585,"minecraft:walk_on_water_one_cm":3627,"minecraft:total_world_time":52727,"minecraft:interact_with_furnace":37,"minecraft:sleep_in_bed":1,"minecraft:time_since_rest":41788,"minecraft:damage_taken":645,"minecraft:damage_dealt":4510,"minecraft:swim_one_cm":1436,"minecraft:fly_one_cm":76065,"minecraft:crouch_one_cm":2905,"minecraft:fall_one_cm":14691},"minecraft:used":{"minecraft:stone_sword":117,"minecraft:torch":59,"minecraft:dirt":11,"minecraft:gunpowder":1,"minecraft:furnace":8,"minecraft:diorite":1,"minecraft:stone_pickaxe":132,"minecraft:wooden_pickaxe":11,"minecraft:crafting_table":7,"minecraft:bread":4,"minecraft:iron_pickaxe":494,"minecraft:stone_axe":64,"minecraft:cobblestone":14,"minecraft:cooked_porkchop":6},"minecraft:dropped":{"minecraft:iron_ingot":1,"minecraft:wheat_seeds":2,"minecraft:oak_log":5,"createcafe:coffee_beans":1,"minecraft:iron_helmet":1,"creatingspace:raw_nickel":2,"minecraft:dirt":8,"minecraft:diorite":22,"minecraft:wooden_axe":1,"createindustry:raw_lead":5,"create_bic_bit:sunflower_seeds":2,"minecraft:iron_leggings":1,"minecraft:pumpkin":7,"minecraft:dandelion":1,"minecraft:bone":2,"minecraft:furnace":1,"create_new_age:thorium":96,"minecraft:stone_axe":1,"minecraft:sugar_cane":23,"minecraft:raw_copper":56,"minecraft:raw_iron":6,"minecraft:oak_planks":6,"minecraft:iron_boots":2,"minecraft:music_disc_far":1,"minecraft:azure_bluet":2,"create_questing:blueprint":1,"createindustry:raw_nickel":10,"createcafe:cassava_seeds":1,"minecraft:gunpowder":1,"minecraft:andesite":19,"minecraft:spider_eye":4,"minecraft:arrow":8,"minecraft:wooden_pickaxe":1},"minecraft:killed":{"minecraft:spider":2,"minecraft:slime":3,"minecraft:horse":8,"minecraft:skeleton":2,"minecraft:pig":3,"minecraft:zombie":6},"minecraft:mined":{"minecraft:tuff":15,"minecraft:deepslate_diamond_ore":1,"minecraft:grass_block":6,"creatingspace:deepslate_nickel_ore":2,"create_new_age:thorium_ore":27,"minecraft:hay_block":16,"minecraft:furnace":8,"minecraft:iron_ore":37,"minecraft:andesite":20,"minecraft:pumpkin":7,"supplementaries:gunpowder":1,"minecraft:azure_bluet":1,"createindustry:lead_ore":5,"minecraft:deepslate_iron_ore":20,"minecraft:rail":3,"createindustry:deepslate_nickel_ore":5,"minecraft:stone":128,"minecraft:deepslate_redstone_ore":6,"creatingspace:nickel_ore":4,"minecraft:basalt":3,"minecraft:dandelion":1,"minecraft:crafting_table":7,"regions_unexplored:volcanic_ash":1,"minecraft:calcite":3,"minecraft:tall_grass":8,"minecraft:copper_ore":14,"minecraft:cobblestone":4,"minecraft:lapis_ore":2,"minecraft:deepslate_gold_ore":16,"minecraft:sugar_cane":9,"minecraft:oak_planks":34,"minecraft:diorite":22,"minecraft:wall_torch":1,"minecraft:amethyst_block":2,"minecraft:grass":14,"minecraft:oak_log":12,"minecraft:coal_ore":73,"createindustry:deepslate_lithium_ore":10,"minecraft:sunflower":1,"minecraft:gravel":6,"minecraft:dirt":9,"minecraft:cobweb":8,"minecraft:smooth_basalt":1,"minecraft:oak_leaves":2,"minecraft:deepslate":169},"minecraft:crafted":{"minecraft:oak_planks":28,"minecraft:furnace":2,"minecraft:iron_boots":1,"minecraft:stone_pickaxe":1,"sophisticatedbackpacks:iron_backpack":1,"minecraft:wheat":144,"sophisticatedbackpacks:backpack":1,"minecraft:cooked_porkchop":6,"minecraft:crafting_table":1,"minecraft:wooden_pickaxe":1,"minecraft:iron_helmet":1,"minecraft:iron_sword":1,"sophisticatedbackpacks:gold_backpack":1,"minecraft:stone_axe":1,"minecraft:bread":48,"minecraft:air":0,"minecraft:iron_chestplate":1,"minecraft:shield":1,"minecraft:stick":40,"quark:oak_chest":1,"minecraft:iron_ingot":51,"minecraft:iron_pickaxe":3,"minecraft:wooden_axe":1,"minecraft:stone_sword":1,"minecraft:iron_leggings":1,"minecraft:gold_ingot":16,"minecraft:torch":84}},"DataVersion":3120}