{"stats":{"minecraft:killed":{"minecraft:pig":7,"minecraft:sheep":7,"minecraft:chicken":2},"minecraft:crafted":{"minecraft:oak_planks":56,"minecraft:cooked_porkchop":13,"minecraft:crafting_table":1,"minecraft:wooden_pickaxe":1,"minecraft:furnace":2,"minecraft:stone":1,"minecraft:stone_axe":1,"minecraft:cooked_mutton":10,"minecraft:air":0,"minecraft:stick":36,"minecraft:stone_pickaxe":1,"minecraft:wooden_axe":1},"minecraft:broken":{"minecraft:wooden_axe":1},"minecraft:custom":{"minecraft:interact_with_furnace":16,"minecraft:mob_kills":16,"minecraft:animals_bred":30,"minecraft:interact_with_crafting_table":4,"minecraft:leave_game":2,"minecraft:time_since_death":19863,"minecraft:time_since_rest":19863,"minecraft:sprint_one_cm":67410,"minecraft:damage_taken":80,"minecraft:walk_one_cm":23175,"minecraft:drop":29,"minecraft:damage_dealt":1353,"minecraft:talked_to_villager":1,"minecraft:swim_one_cm":5022,"minecraft:fly_one_cm":62249,"minecraft:open_chest":13,"minecraft:crouch_one_cm":1359,"minecraft:play_time":19863,"minecraft:sneak_time":645,"minecraft:walk_under_water_one_cm":4262,"minecraft:jump":275,"minecraft:interact_with_brewingstand":1,"minecraft:interact_with_blast_furnace":3,"minecraft:walk_on_water_one_cm":2586,"minecraft:total_world_time":19863,"minecraft:fall_one_cm":8269},"minecraft:used":{"minecraft:cooked_mutton":2,"minecraft:stone_pickaxe":74,"minecraft:wooden_pickaxe":6,"minecraft:crafting_table":3,"minecraft:oak_log":2,"minecraft:wooden_axe":44,"minecraft:stone_axe":8,"minecraft:furnace":3,"alexsmobs:animal_dictionary":4},"minecraft:dropped":{"minecraft:furnace":1,"minecraft:stone_axe":1,"alexsmobs:animal_dictionary":2,"minecraft:crafting_table":1,"createcafe:coffee_beans":1,"minecraft:cooked_porkchop":3,"minecraft:oak_planks":1,"create_questing:blueprint":2,"minecraft:stick":1,"alexsmobs:flying_fish":1,"minecraft:oak_sapling":4,"minecraft:sunflower":9,"minecraft:stone_pickaxe":2},"minecraft:picked_up":{"minecraft:wheat":27,"minecraft:crafting_table":3,"create_new_age:thorium":4,"minecraft:feather":1,"minecraft:chicken":2,"minecraft:oak_log":22,"minecraft:wheat_seeds":49,"minecraft:stone_pickaxe":1,"minecraft:furnace":2,"create_questing:blueprint":1,"minecraft:porkchop":13,"createcafe:cassava_seeds":1,"minecraft:carrot":29,"alexsmobs:animal_dictionary":1,"createcafe:coffee_beans":1,"minecraft:oak_sapling":4,"create_bic_bit:sunflower_seeds":8,"minecraft:mutton":10,"minecraft:coal":38,"alexsmobs:flying_fish":2,"minecraft:white_wool":7,"minecraft:cobblestone":56,"minecraft:sunflower":11},"minecraft:mined":{"minecraft:crafting_table":3,"create_new_age:thorium_ore":1,"minecraft:sugar_cane":1,"minecraft:furnace":2,"minecraft:grass":15,"minecraft:coal_ore":21,"minecraft:oak_log":22,"minecraft:sunflower":11,"minecraft:stone":56,"minecraft:oak_leaves":7}},"DataVersion":3120}