{"stats":{"minecraft:killed":{"minecraft:spider":2,"quark:toretoise":3,"minecraft:skeleton":7,"minecraft:chicken":5,"minecraft:pig":7,"minecraft:zombie_villager":1,"minecraft:sheep":7,"minecraft:zombie":8},"minecraft:custom":{"minecraft:mob_kills":40,"minecraft:animals_bred":30,"minecraft:interact_with_crafting_table":38,"minecraft:leave_game":2,"minecraft:time_since_death":79979,"minecraft:sprint_one_cm":190289,"minecraft:walk_one_cm":122756,"minecraft:damage_blocked_by_shield":40,"minecraft:drop":65,"minecraft:talked_to_villager":4,"minecraft:play_time":79979,"minecraft:sneak_time":2975,"minecraft:walk_under_water_one_cm":8937,"minecraft:jump":1086,"minecraft:interact_with_brewingstand":1,"minecraft:interact_with_blast_furnace":3,"minecraft:walk_on_water_one_cm":7657,"minecraft:total_world_time":79979,"minecraft:interact_with_furnace":37,"minecraft:traded_with_villager":1,"minecraft:time_since_rest":79979,"minecraft:damage_taken":344,"minecraft:damage_dealt":6476,"minecraft:swim_one_cm":6260,"minecraft:fly_one_cm":230569,"minecraft:open_chest":116,"minecraft:crouch_one_cm":10323,"minecraft:fall_one_cm":33111},"minecraft:broken":{"minecraft:wooden_axe":1},"minecraft:mined":{"minecraft:tuff":4,"minecraft:deepslate_diamond_ore":4,"minecraft:granite":19,"minecraft:grass_block":3,"create_new_age:thorium_ore":1,"minecraft:furnace":2,"minecraft:iron_ore":4,"minecraft:andesite":7,"minecraft:deepslate_lapis_ore":3,"minecraft:deepslate_iron_ore":35,"minecraft:stone":120,"regions_unexplored:stripped_mauve_log":5,"minecraft:tripwire":2,"minecraft:deepslate_redstone_ore":8,"minecraft:crafting_table":3,"minecraft:torch":2,"regions_unexplored:mauve_log":11,"minecraft:deepslate_gold_ore":28,"minecraft:sugar_cane":1,"minecraft:diorite":14,"regions_unexplored:mauve_leaves":1,"minecraft:grass":18,"minecraft:coal_ore":21,"minecraft:oak_log":22,"minecraft:sunflower":11,"minecraft:dirt":18,"minecraft:oak_leaves":7,"minecraft:deepslate":62},"minecraft:dropped":{"minecraft:wheat_seeds":4,"minecraft:crafting_table":1,"createcafe:coffee_beans":1,"minecraft:cooked_porkchop":4,"minecraft:feather":4,"minecraft:stick":1,"alexsmobs:flying_fish":1,"create_bic_bit:sunflower_seeds":8,"minecraft:sunflower":11,"minecraft:white_wool":14,"regions_unexplored:mauve_sapling":20,"minecraft:furnace":1,"minecraft:stone_axe":1,"create_new_age:thorium":4,"alexsmobs:animal_dictionary":2,"minecraft:rotten_flesh":10,"minecraft:oak_planks":1,"decorative_blocks:oak_palisade":6,"regions_unexplored:mauve_log":2,"create_questing:blueprint":2,"createcafe:cassava_seeds":1,"minecraft:filled_map":1,"minecraft:stone":1,"minecraft:oak_sapling":4,"minecraft:wooden_pickaxe":1,"minecraft:stone_pickaxe":2,"create:andesite_alloy":2},"minecraft:used":{"minecraft:iron_sword":93,"regions_unexplored:mauve_log":1,"minecraft:torch":5,"minecraft:dirt":2,"minecraft:wooden_axe":44,"minecraft:iron_axe":23,"minecraft:furnace":5,"minecraft:cooked_mutton":2,"minecraft:stone_pickaxe":74,"minecraft:wooden_pickaxe":6,"minecraft:cobblestone_slab":114,"minecraft:crafting_table":5,"shieldexp:iron_shield":1,"minecraft:oak_log":2,"alexsmobs:flying_fish":1,"minecraft:diamond_pickaxe":237,"minecraft:string":2,"minecraft:iron_pickaxe":20,"minecraft:stone_axe":8,"minecraft:cobblestone":45,"minecraft:cooked_porkchop":7,"alexsmobs:animal_dictionary":4},"minecraft:picked_up":{"minecraft:crafting_table":3,"create_new_age:thorium":4,"minecraft:wheat":27,"minecraft:chicken":5,"minecraft:string":5,"minecraft:cobbled_deepslate":60,"minecraft:furnace":2,"minecraft:raw_iron":38,"minecraft:torch":2,"sophisticatedbackpacks:backpack":1,"minecraft:porkchop":13,"createcafe:cassava_seeds":1,"minecraft:diorite":14,"minecraft:carrot":29,"minecraft:redstone":32,"minecraft:arrow":9,"minecraft:rotten_flesh":10,"regions_unexplored:mauve_sapling":20,"createcafe:coffee_beans":1,"regions_unexplored:mauve_log":10,"minecraft:mutton":10,"minecraft:white_wool":7,"alexsmobs:flying_fish":2,"minecraft:cobblestone":120,"create:iron_sheet":41,"minecraft:feather":7,"minecraft:andesite":7,"minecraft:filled_map":1,"minecraft:tuff":4,"regions_unexplored:stripped_mauve_log":5,"minecraft:oak_log":22,"create:andesite_alloy":1,"minecraft:lapis_lazuli":22,"minecraft:dirt":21,"minecraft:bone":11,"minecraft:wheat_seeds":53,"minecraft:raw_gold":28,"minecraft:stone_pickaxe":1,"minecraft:oak_planks":1,"create_questing:blueprint":1,"minecraft:cooked_porkchop":1,"alexsmobs:animal_dictionary":1,"minecraft:diamond":4,"minecraft:granite":19,"minecraft:oak_sapling":4,"create_bic_bit:sunflower_seeds":8,"minecraft:coal":38,"minecraft:sunflower":11},"minecraft:crafted":{"minecraft:oak_planks":56,"minecraft:cobblestone_slab":114,"minecraft:iron_nugget":162,"minecraft:furnace":4,"minecraft:stone":1,"shieldexp:iron_shield":1,"minecraft:cooked_mutton":10,"minecraft:iron_boots":1,"minecraft:iron_axe":1,"minecraft:stone_pickaxe":1,"minecraft:filled_map":1,"minecraft:oak_slab":6,"create:andesite_alloy":17,"sophisticatedbackpacks:backpack":1,"minecraft:cooked_porkchop":13,"minecraft:crafting_table":3,"minecraft:wooden_pickaxe":1,"minecraft:iron_sword":1,"minecraft:stone_axe":1,"sophisticatedbackpacks:upgrade_base":1,"immersive_aircraft:propeller":1,"minecraft:air":0,"minecraft:iron_chestplate":1,"create:white_seat":1,"decorative_blocks:oak_palisade":6,"minecraft:stick":36,"quark:oak_chest":1,"minecraft:iron_ingot":38,"minecraft:compass":1,"minecraft:wooden_axe":1,"minecraft:iron_leggings":1,"create:propeller":1,"minecraft:andesite":28}},"DataVersion":3120}