{"stats":{"minecraft:killed":{"minecraft:pig":7,"minecraft:sheep":7,"minecraft:skeleton":1,"minecraft:zombie":1,"minecraft:chicken":5},"minecraft:custom":{"minecraft:interact_with_furnace":24,"minecraft:mob_kills":21,"minecraft:animals_bred":30,"minecraft:interact_with_crafting_table":20,"minecraft:leave_game":2,"minecraft:time_since_death":43979,"minecraft:time_since_rest":43979,"minecraft:sprint_one_cm":108936,"minecraft:damage_taken":140,"minecraft:walk_one_cm":59222,"minecraft:drop":51,"minecraft:damage_dealt":1861,"minecraft:swim_one_cm":5175,"minecraft:talked_to_villager":1,"minecraft:fly_one_cm":103450,"minecraft:open_chest":75,"minecraft:crouch_one_cm":3052,"minecraft:play_time":43979,"minecraft:sneak_time":1186,"minecraft:walk_under_water_one_cm":5943,"minecraft:jump":490,"minecraft:interact_with_brewingstand":1,"minecraft:interact_with_blast_furnace":3,"minecraft:walk_on_water_one_cm":5973,"minecraft:total_world_time":43979,"minecraft:fall_one_cm":16469},"minecraft:broken":{"minecraft:wooden_axe":1},"minecraft:mined":{"minecraft:deepslate_redstone_ore":8,"minecraft:tuff":2,"minecraft:deepslate_diamond_ore":4,"minecraft:crafting_table":3,"minecraft:torch":2,"minecraft:granite":19,"minecraft:grass_block":3,"create_new_age:thorium_ore":1,"minecraft:deepslate_gold_ore":10,"minecraft:sugar_cane":1,"minecraft:diorite":14,"minecraft:furnace":2,"minecraft:iron_ore":4,"minecraft:andesite":7,"minecraft:deepslate_lapis_ore":3,"minecraft:grass":17,"minecraft:oak_log":22,"minecraft:coal_ore":21,"minecraft:deepslate_iron_ore":21,"minecraft:sunflower":11,"minecraft:dirt":18,"minecraft:stone":120,"minecraft:deepslate":43,"minecraft:oak_leaves":7,"minecraft:tripwire":2},"minecraft:dropped":{"minecraft:furnace":1,"create_new_age:thorium":4,"minecraft:stone_axe":1,"alexsmobs:animal_dictionary":2,"minecraft:crafting_table":1,"createcafe:coffee_beans":1,"minecraft:cooked_porkchop":3,"minecraft:feather":1,"minecraft:oak_planks":1,"decorative_blocks:oak_palisade":6,"create_questing:blueprint":2,"minecraft:stick":1,"createcafe:cassava_seeds":1,"minecraft:stone":1,"alexsmobs:flying_fish":1,"minecraft:oak_sapling":4,"create_bic_bit:sunflower_seeds":8,"minecraft:sunflower":11,"minecraft:stone_pickaxe":2,"minecraft:wooden_pickaxe":1,"minecraft:white_wool":14},"minecraft:picked_up":{"minecraft:wheat":27,"create_new_age:thorium":4,"minecraft:crafting_table":3,"minecraft:feather":4,"minecraft:chicken":5,"minecraft:andesite":7,"minecraft:tuff":2,"minecraft:oak_log":22,"minecraft:lapis_lazuli":22,"minecraft:dirt":21,"minecraft:string":2,"minecraft:bone":1,"minecraft:wheat_seeds":50,"minecraft:cobbled_deepslate":41,"minecraft:raw_gold":10,"minecraft:stone_pickaxe":1,"minecraft:oak_planks":1,"minecraft:furnace":2,"create_questing:blueprint":1,"minecraft:raw_iron":24,"minecraft:torch":2,"minecraft:porkchop":13,"createcafe:cassava_seeds":1,"minecraft:diorite":14,"minecraft:carrot":29,"minecraft:redstone":32,"alexsmobs:animal_dictionary":1,"minecraft:rotten_flesh":2,"minecraft:arrow":2,"createcafe:coffee_beans":1,"minecraft:diamond":4,"minecraft:granite":19,"minecraft:oak_sapling":4,"create_bic_bit:sunflower_seeds":8,"minecraft:mutton":10,"minecraft:coal":38,"alexsmobs:flying_fish":2,"minecraft:white_wool":7,"minecraft:cobblestone":120,"minecraft:sunflower":11},"minecraft:used":{"minecraft:cooked_mutton":2,"minecraft:stone_pickaxe":74,"minecraft:wooden_pickaxe":6,"minecraft:iron_sword":12,"minecraft:torch":3,"minecraft:crafting_table":3,"minecraft:oak_log":2,"minecraft:wooden_axe":44,"minecraft:diamond_pickaxe":199,"minecraft:iron_pickaxe":5,"minecraft:string":2,"minecraft:stone_axe":8,"minecraft:cobblestone":19,"minecraft:furnace":3,"minecraft:cooked_porkchop":2,"alexsmobs:animal_dictionary":4},"minecraft:crafted":{"minecraft:oak_planks":56,"sophisticatedbackpacks:backpack":1,"minecraft:cooked_porkchop":13,"minecraft:crafting_table":1,"minecraft:wooden_pickaxe":1,"minecraft:iron_sword":1,"minecraft:furnace":2,"minecraft:stone":1,"minecraft:stone_axe":1,"sophisticatedbackpacks:upgrade_base":1,"shieldexp:iron_shield":1,"minecraft:cooked_mutton":10,"minecraft:air":0,"minecraft:iron_boots":1,"minecraft:iron_chestplate":1,"decorative_blocks:oak_palisade":6,"minecraft:stick":36,"quark:oak_chest":1,"minecraft:stone_pickaxe":1,"minecraft:wooden_axe":1,"minecraft:iron_leggings":1}},"DataVersion":3120}