{"stats":{"minecraft:killed":{"minecraft:pig":7,"minecraft:sheep":7,"minecraft:chicken":2},"minecraft:custom":{"minecraft:interact_with_furnace":24,"minecraft:mob_kills":16,"minecraft:animals_bred":30,"minecraft:interact_with_crafting_table":20,"minecraft:leave_game":2,"minecraft:time_since_death":31979,"minecraft:time_since_rest":31979,"minecraft:sprint_one_cm":82192,"minecraft:damage_taken":80,"minecraft:walk_one_cm":34733,"minecraft:drop":43,"minecraft:damage_dealt":1353,"minecraft:swim_one_cm":5022,"minecraft:talked_to_villager":1,"minecraft:fly_one_cm":82174,"minecraft:open_chest":72,"minecraft:crouch_one_cm":1359,"minecraft:play_time":31979,"minecraft:sneak_time":652,"minecraft:walk_under_water_one_cm":4262,"minecraft:jump":345,"minecraft:interact_with_brewingstand":1,"minecraft:interact_with_blast_furnace":3,"minecraft:walk_on_water_one_cm":2586,"minecraft:total_world_time":31979,"minecraft:fall_one_cm":9697},"minecraft:broken":{"minecraft:wooden_axe":1},"minecraft:mined":{"minecraft:crafting_table":3,"create_new_age:thorium_ore":1,"minecraft:sugar_cane":1,"minecraft:furnace":2,"minecraft:grass":15,"minecraft:oak_log":22,"minecraft:coal_ore":21,"minecraft:sunflower":11,"minecraft:stone":56,"minecraft:oak_leaves":7,"minecraft:tripwire":2},"minecraft:dropped":{"minecraft:furnace":1,"minecraft:stone_axe":1,"alexsmobs:animal_dictionary":2,"minecraft:crafting_table":1,"createcafe:coffee_beans":1,"minecraft:cooked_porkchop":3,"minecraft:oak_planks":1,"create_questing:blueprint":2,"minecraft:stick":1,"alexsmobs:flying_fish":1,"minecraft:oak_sapling":4,"minecraft:sunflower":9,"minecraft:stone_pickaxe":2,"minecraft:white_wool":14},"minecraft:picked_up":{"minecraft:wheat":27,"create_new_age:thorium":4,"minecraft:crafting_table":3,"minecraft:feather":1,"minecraft:chicken":2,"minecraft:oak_log":22,"minecraft:string":2,"minecraft:wheat_seeds":49,"minecraft:stone_pickaxe":1,"minecraft:furnace":2,"create_questing:blueprint":1,"minecraft:porkchop":13,"createcafe:cassava_seeds":1,"minecraft:carrot":29,"alexsmobs:animal_dictionary":1,"createcafe:coffee_beans":1,"minecraft:oak_sapling":4,"create_bic_bit:sunflower_seeds":8,"minecraft:mutton":10,"minecraft:coal":38,"alexsmobs:flying_fish":2,"minecraft:white_wool":7,"minecraft:cobblestone":56,"minecraft:sunflower":11},"minecraft:used":{"minecraft:cooked_mutton":2,"minecraft:stone_pickaxe":74,"minecraft:wooden_pickaxe":6,"minecraft:crafting_table":3,"minecraft:oak_log":2,"minecraft:wooden_axe":44,"minecraft:string":2,"minecraft:stone_axe":8,"minecraft:furnace":3,"alexsmobs:animal_dictionary":4},"minecraft:crafted":{"minecraft:oak_planks":56,"sophisticatedbackpacks:backpack":1,"minecraft:cooked_porkchop":13,"minecraft:crafting_table":1,"minecraft:wooden_pickaxe":1,"minecraft:iron_sword":1,"minecraft:furnace":2,"minecraft:stone":1,"minecraft:stone_axe":1,"sophisticatedbackpacks:upgrade_base":1,"shieldexp:iron_shield":1,"minecraft:cooked_mutton":10,"minecraft:air":0,"minecraft:iron_boots":1,"minecraft:iron_chestplate":1,"decorative_blocks:oak_palisade":6,"minecraft:stick":36,"quark:oak_chest":1,"minecraft:stone_pickaxe":1,"minecraft:wooden_axe":1,"minecraft:iron_leggings":1}},"DataVersion":3120}