{"stats":{"minecraft:crafted":{"minecraft:oak_planks":56,"minecraft:cooked_porkchop":13,"minecraft:crafting_table":1,"minecraft:stick":36,"minecraft:wooden_pickaxe":1,"minecraft:stone_pickaxe":1,"minecraft:wooden_axe":1,"minecraft:furnace":2,"minecraft:stone":1,"minecraft:stone_axe":1,"minecraft:cooked_mutton":10,"minecraft:air":0},"minecraft:killed":{"minecraft:sheep":7,"minecraft:pig":7,"minecraft:chicken":2},"minecraft:broken":{"minecraft:wooden_axe":1},"minecraft:custom":{"minecraft:time_since_rest":15623,"minecraft:interact_with_furnace":16,"minecraft:sprint_one_cm":39345,"minecraft:damage_taken":80,"minecraft:walk_one_cm":16668,"minecraft:mob_kills":16,"minecraft:drop":4,"minecraft:damage_dealt":1340,"minecraft:swim_one_cm":4869,"minecraft:talked_to_villager":1,"minecraft:interact_with_crafting_table":4,"minecraft:fly_one_cm":43096,"minecraft:open_chest":11,"minecraft:crouch_one_cm":1251,"minecraft:play_time":15623,"minecraft:sneak_time":617,"minecraft:walk_under_water_one_cm":4223,"minecraft:jump":201,"minecraft:interact_with_blast_furnace":3,"minecraft:leave_game":1,"minecraft:walk_on_water_one_cm":2075,"minecraft:time_since_death":15623,"minecraft:total_world_time":15623,"minecraft:fall_one_cm":6059},"minecraft:used":{"minecraft:oak_log":2,"minecraft:cooked_mutton":2,"minecraft:wooden_axe":44,"minecraft:stone_pickaxe":74,"minecraft:wooden_pickaxe":6,"minecraft:stone_axe":8,"minecraft:crafting_table":3,"minecraft:furnace":3,"alexsmobs:animal_dictionary":4},"minecraft:dropped":{"minecraft:furnace":1,"alexsmobs:animal_dictionary":1,"minecraft:stone_pickaxe":1,"create_questing:blueprint":1},"minecraft:picked_up":{"create_questing:blueprint":1,"minecraft:crafting_table":3,"create_new_age:thorium":4,"minecraft:feather":1,"minecraft:chicken":2,"minecraft:porkchop":13,"createcafe:cassava_seeds":1,"minecraft:oak_log":22,"alexsmobs:animal_dictionary":1,"minecraft:stone_pickaxe":1,"minecraft:oak_sapling":4,"minecraft:mutton":10,"minecraft:coal":38,"alexsmobs:flying_fish":2,"minecraft:white_wool":7,"minecraft:cobblestone":56,"minecraft:furnace":2},"minecraft:mined":{"minecraft:furnace":2,"minecraft:crafting_table":3,"minecraft:grass":10,"minecraft:coal_ore":21,"minecraft:oak_log":22,"create_new_age:thorium_ore":1,"minecraft:stone":56,"minecraft:oak_leaves":7}},"DataVersion":3120}