{"stats":{"minecraft:crafted":{"minecraft:oak_planks":12,"sophisticatedbackpacks:backpack":1,"minecraft:crafting_table":1,"minecraft:iron_helmet":1,"minecraft:iron_sword":1,"minecraft:furnace":1,"minecraft:bucket":1,"minecraft:cooked_mutton":10,"minecraft:air":0,"minecraft:iron_boots":1,"minecraft:iron_chestplate":1,"minecraft:iron_axe":1,"minecraft:stick":20,"quark:oak_chest":1,"minecraft:iron_ingot":36,"shieldexp:diamond_shield":1,"minecraft:iron_pickaxe":2,"minecraft:stone_pickaxe":2,"minecraft:iron_leggings":1,"minecraft:torch":36},"minecraft:killed":{"minecraft:magma_cube":7,"minecraft:piglin":1,"minecraft:spider":1,"minecraft:sheep":1,"minecraft:zombie":2,"alexsmobs:soul_vulture":1,"alexsmobs:straddler":3,"minecraft:wither_skeleton":1,"quark:wraith":4},"minecraft:broken":{"minecraft:stone_pickaxe":2,"minecraft:iron_pickaxe":1},"minecraft:custom":{"minecraft:interact_with_furnace":44,"minecraft:mob_kills":19,"minecraft:interact_with_crafting_table":23,"minecraft:leave_game":2,"minecraft:time_since_death":97374,"minecraft:time_since_rest":97374,"minecraft:sprint_one_cm":223390,"minecraft:damage_taken":542,"minecraft:walk_one_cm":280184,"minecraft:trigger_trapped_chest":7,"minecraft:drop":2,"minecraft:damage_dealt":2502,"minecraft:fly_one_cm":82856,"minecraft:open_chest":23,"minecraft:crouch_one_cm":12974,"minecraft:play_time":97374,"minecraft:sneak_time":5195,"minecraft:walk_under_water_one_cm":441,"minecraft:jump":864,"minecraft:walk_on_water_one_cm":3056,"minecraft:total_world_time":97374,"minecraft:fall_one_cm":14838,"minecraft:horse_one_cm":2388},"minecraft:used":{"minecraft:cooked_mutton":10,"minecraft:water_bucket":1,"minecraft:diorite":19,"minecraft:stone_pickaxe":262,"minecraft:iron_sword":53,"minecraft:polished_blackstone_bricks":1,"minecraft:torch":42,"minecraft:crafting_table":5,"minecraft:iron_axe":29,"minecraft:bread":3,"minecraft:iron_pickaxe":299,"minecraft:basalt":3,"minecraft:cobblestone":118,"minecraft:furnace":3,"minecraft:bucket":2,"minecraft:cobbled_deepslate":11},"minecraft:dropped":{"minecraft:stone_sword":1,"minecraft:raw_iron":43},"minecraft:picked_up":{"sophisticatedstorage:crafting_upgrade":1,"creatingspace:raw_nickel":1,"minecraft:crafting_table":5,"create_new_age:thorium":33,"minecraft:basalt":3,"minecraft:magma_cream":1,"minecraft:andesite":27,"minecraft:leather":6,"create:raw_zinc":6,"minecraft:lapis_lazuli":65,"minecraft:string":6,"minecraft:soul_soil":5,"createindustry:raw_nickel":13,"minecraft:raw_copper":138,"minecraft:bone":3,"quark:purple_shard":37,"minecraft:gold_nugget":16,"minecraft:cobbled_deepslate":30,"minecraft:raw_gold":22,"create_new_age:magnetite_block":1,"minecraft:iron_ingot":33,"quark:soul_bead":4,"createindustry:raw_lead":23,"minecraft:oak_planks":15,"minecraft:furnace":3,"minecraft:raw_iron":90,"minecraft:torch":1,"alexsmobs:straddlite":2,"minecraft:polished_blackstone_bricks":1,"createindustry:raw_lithium":10,"minecraft:diorite":21,"minecraft:redstone":45,"supplementaries:blackstone_tile":1,"minecraft:stone_sword":1,"minecraft:diamond":2,"quark:red_shard":31,"supplementaries:sconce_soul":4,"minecraft:polished_blackstone":3,"minecraft:mutton":2,"minecraft:coal":77,"minecraft:white_wool":1,"minecraft:cobblestone":505},"minecraft:mined":{"minecraft:nether_gold_ore":4,"minecraft:deepslate_redstone_ore":6,"create:deepslate_zinc_ore":6,"creatingspace:nickel_ore":1,"minecraft:deepslate_diamond_ore":2,"minecraft:red_stained_glass":9,"create_new_age:magnetite_block":1,"supplementaries:sconce_wall_soul":4,"minecraft:crafting_table":5,"minecraft:torch":1,"create_new_age:thorium_ore":9,"minecraft:purple_stained_glass_pane":1,"minecraft:soul_campfire":9,"minecraft:copper_ore":40,"minecraft:deepslate_coal_ore":11,"minecraft:lapis_ore":10,"minecraft:deepslate_gold_ore":15,"minecraft:oak_planks":18,"minecraft:diorite":22,"minecraft:red_stained_glass_pane":5,"minecraft:deepslate_copper_ore":2,"minecraft:polished_blackstone_bricks":1,"minecraft:black_stained_glass_pane":2,"minecraft:redstone_ore":4,"minecraft:furnace":3,"minecraft:purple_stained_glass":12,"minecraft:fire":1,"minecraft:iron_ore":68,"createindustry:nickel_ore":7,"minecraft:andesite":29,"minecraft:grass":1,"supplementaries:blackstone_tile":2,"createindustry:lead_ore":23,"minecraft:coal_ore":65,"minecraft:deepslate_iron_ore":22,"createindustry:deepslate_lithium_ore":10,"createindustry:deepslate_nickel_ore":6,"minecraft:polished_blackstone":3,"minecraft:stone":139,"minecraft:netherrack":1,"minecraft:gold_ore":7,"minecraft:deepslate":30}},"DataVersion":3120}