{"stats":{"minecraft:crafted":{"minecraft:oak_planks":12,"minecraft:crafting_table":1,"minecraft:stick":8,"minecraft:stone_pickaxe":2,"minecraft:torch":8,"minecraft:cooked_mutton":10,"minecraft:air":0},"minecraft:killed":{"minecraft:sheep":1},"minecraft:broken":{"minecraft:stone_pickaxe":1},"minecraft:custom":{"minecraft:time_since_rest":23866,"minecraft:interact_with_furnace":14,"minecraft:sprint_one_cm":56273,"minecraft:walk_one_cm":34160,"minecraft:mob_kills":1,"minecraft:damage_dealt":80,"minecraft:interact_with_crafting_table":4,"minecraft:fly_one_cm":40624,"minecraft:open_chest":22,"minecraft:crouch_one_cm":45,"minecraft:play_time":23866,"minecraft:sneak_time":51,"minecraft:jump":224,"minecraft:leave_game":1,"minecraft:walk_on_water_one_cm":198,"minecraft:time_since_death":23866,"minecraft:total_world_time":23866,"minecraft:fall_one_cm":4741,"minecraft:horse_one_cm":2388},"minecraft:used":{"minecraft:cooked_mutton":1,"minecraft:stone_pickaxe":153,"minecraft:torch":9,"minecraft:cobblestone":3,"minecraft:crafting_table":1},"minecraft:picked_up":{"minecraft:crafting_table":1,"minecraft:raw_iron":8,"create_new_age:thorium":33,"minecraft:diorite":18,"minecraft:raw_copper":40,"minecraft:coal":3,"minecraft:mutton":2,"minecraft:white_wool":1,"minecraft:cobblestone":468},"minecraft:mined":{"minecraft:iron_ore":8,"minecraft:crafting_table":1,"minecraft:grass":1,"minecraft:coal_ore":3,"create_new_age:thorium_ore":9,"minecraft:copper_ore":13,"minecraft:stone":102,"minecraft:diorite":18}},"DataVersion":3120}