{"stats":{"minecraft:crafted":{"minecraft:oak_planks":12,"minecraft:iron_boots":1,"minecraft:iron_chestplate":1,"minecraft:crafting_table":1,"minecraft:stick":12,"minecraft:iron_helmet":1,"minecraft:iron_ingot":29,"minecraft:iron_pickaxe":1,"minecraft:stone_pickaxe":2,"minecraft:iron_sword":1,"minecraft:iron_leggings":1,"minecraft:furnace":1,"minecraft:torch":20,"minecraft:cooked_mutton":10,"minecraft:air":0},"minecraft:killed":{"minecraft:sheep":1},"minecraft:broken":{"minecraft:stone_pickaxe":2},"minecraft:custom":{"minecraft:time_since_rest":47866,"minecraft:interact_with_furnace":34,"minecraft:sprint_one_cm":69753,"minecraft:damage_taken":10,"minecraft:walk_one_cm":116390,"minecraft:mob_kills":1,"minecraft:drop":1,"minecraft:damage_dealt":80,"minecraft:interact_with_crafting_table":13,"minecraft:fly_one_cm":43514,"minecraft:open_chest":22,"minecraft:crouch_one_cm":3818,"minecraft:play_time":47866,"minecraft:sneak_time":2024,"minecraft:jump":429,"minecraft:leave_game":1,"minecraft:walk_on_water_one_cm":198,"minecraft:time_since_death":47866,"minecraft:total_world_time":47866,"minecraft:fall_one_cm":6396,"minecraft:horse_one_cm":2388},"minecraft:used":{"minecraft:cooked_mutton":2,"minecraft:diorite":19,"minecraft:stone_pickaxe":262,"minecraft:iron_pickaxe":73,"minecraft:torch":21,"minecraft:cobblestone":46,"minecraft:crafting_table":3,"minecraft:furnace":2,"minecraft:cobbled_deepslate":9},"minecraft:dropped":{"minecraft:raw_iron":43},"minecraft:picked_up":{"creatingspace:raw_nickel":1,"minecraft:crafting_table":3,"minecraft:raw_iron":72,"create_new_age:thorium":33,"minecraft:andesite":25,"minecraft:torch":1,"minecraft:diorite":20,"minecraft:lapis_lazuli":31,"minecraft:raw_copper":124,"minecraft:cobbled_deepslate":18,"create_new_age:magnetite_block":1,"minecraft:coal":20,"minecraft:mutton":2,"minecraft:furnace":2,"minecraft:white_wool":1,"minecraft:cobblestone":482},"minecraft:mined":{"minecraft:furnace":2,"creatingspace:nickel_ore":1,"minecraft:iron_ore":56,"create_new_age:magnetite_block":1,"minecraft:andesite":27,"minecraft:torch":1,"minecraft:crafting_table":3,"minecraft:grass":1,"minecraft:coal_ore":20,"minecraft:deepslate_iron_ore":16,"create_new_age:thorium_ore":9,"minecraft:copper_ore":37,"minecraft:lapis_ore":4,"minecraft:stone":116,"minecraft:deepslate":18,"minecraft:diorite":21}},"DataVersion":3120}