{"stats":{"minecraft:crafted":{"minecraft:oak_planks":12,"sophisticatedbackpacks:backpack":1,"minecraft:crafting_table":1,"minecraft:iron_helmet":1,"minecraft:iron_sword":1,"minecraft:furnace":1,"minecraft:bucket":1,"minecraft:cooked_mutton":10,"minecraft:air":0,"minecraft:iron_boots":1,"minecraft:iron_chestplate":1,"minecraft:iron_axe":1,"minecraft:stick":20,"quark:oak_chest":1,"minecraft:iron_ingot":36,"shieldexp:diamond_shield":1,"minecraft:iron_pickaxe":2,"minecraft:stone_pickaxe":2,"minecraft:iron_leggings":1,"minecraft:torch":36},"minecraft:killed":{"minecraft:magma_cube":6,"minecraft:piglin":1,"minecraft:spider":1,"minecraft:sheep":1,"minecraft:zombie":2,"alexsmobs:straddler":3,"minecraft:wither_skeleton":1},"minecraft:broken":{"minecraft:stone_pickaxe":2,"minecraft:iron_pickaxe":1},"minecraft:custom":{"minecraft:interact_with_furnace":44,"minecraft:mob_kills":13,"minecraft:interact_with_crafting_table":23,"minecraft:leave_game":1,"minecraft:time_since_death":83866,"minecraft:time_since_rest":83866,"minecraft:sprint_one_cm":201201,"minecraft:damage_taken":282,"minecraft:walk_one_cm":227821,"minecraft:drop":2,"minecraft:damage_dealt":1492,"minecraft:fly_one_cm":76755,"minecraft:open_chest":23,"minecraft:crouch_one_cm":10940,"minecraft:play_time":83866,"minecraft:sneak_time":4541,"minecraft:walk_under_water_one_cm":441,"minecraft:jump":768,"minecraft:walk_on_water_one_cm":3056,"minecraft:total_world_time":83866,"minecraft:fall_one_cm":12004,"minecraft:horse_one_cm":2388},"minecraft:used":{"minecraft:cooked_mutton":8,"minecraft:water_bucket":1,"minecraft:diorite":19,"minecraft:stone_pickaxe":262,"minecraft:iron_sword":33,"minecraft:torch":42,"minecraft:crafting_table":5,"minecraft:iron_axe":20,"minecraft:bread":1,"minecraft:iron_pickaxe":288,"minecraft:cobblestone":106,"minecraft:furnace":3,"minecraft:bucket":2,"minecraft:cobbled_deepslate":9},"minecraft:dropped":{"minecraft:stone_sword":1,"minecraft:raw_iron":43},"minecraft:picked_up":{"sophisticatedstorage:crafting_upgrade":1,"creatingspace:raw_nickel":1,"minecraft:crafting_table":5,"create_new_age:thorium":33,"minecraft:basalt":3,"minecraft:magma_cream":1,"minecraft:andesite":27,"minecraft:leather":6,"create:raw_zinc":6,"minecraft:lapis_lazuli":65,"minecraft:string":6,"createindustry:raw_nickel":13,"minecraft:raw_copper":138,"minecraft:bone":1,"minecraft:cobbled_deepslate":30,"minecraft:raw_gold":22,"create_new_age:magnetite_block":1,"minecraft:iron_ingot":33,"createindustry:raw_lead":23,"minecraft:oak_planks":15,"minecraft:furnace":3,"minecraft:raw_iron":90,"minecraft:torch":1,"alexsmobs:straddlite":2,"minecraft:polished_blackstone_bricks":1,"createindustry:raw_lithium":10,"minecraft:diorite":21,"minecraft:redstone":45,"supplementaries:blackstone_tile":1,"minecraft:stone_sword":1,"minecraft:diamond":2,"minecraft:polished_blackstone":3,"minecraft:mutton":2,"minecraft:coal":76,"minecraft:white_wool":1,"minecraft:cobblestone":505},"minecraft:mined":{"minecraft:deepslate_redstone_ore":6,"create:deepslate_zinc_ore":6,"creatingspace:nickel_ore":1,"minecraft:deepslate_diamond_ore":2,"create_new_age:magnetite_block":1,"minecraft:crafting_table":5,"minecraft:torch":1,"create_new_age:thorium_ore":9,"minecraft:copper_ore":40,"minecraft:deepslate_coal_ore":11,"minecraft:lapis_ore":10,"minecraft:deepslate_gold_ore":15,"minecraft:oak_planks":18,"minecraft:diorite":22,"minecraft:deepslate_copper_ore":2,"minecraft:polished_blackstone_bricks":1,"minecraft:redstone_ore":4,"minecraft:furnace":3,"minecraft:iron_ore":68,"createindustry:nickel_ore":7,"minecraft:andesite":29,"minecraft:grass":1,"supplementaries:blackstone_tile":1,"createindustry:lead_ore":23,"minecraft:coal_ore":65,"minecraft:deepslate_iron_ore":22,"createindustry:deepslate_lithium_ore":10,"createindustry:deepslate_nickel_ore":6,"minecraft:polished_blackstone":3,"minecraft:stone":139,"minecraft:gold_ore":7,"minecraft:deepslate":30}},"DataVersion":3120}