{"stats":{"minecraft:killed":{"minecraft:spider":1,"minecraft:sheep":1,"minecraft:zombie":2},"minecraft:crafted":{"minecraft:oak_planks":12,"sophisticatedbackpacks:backpack":1,"minecraft:crafting_table":1,"minecraft:iron_helmet":1,"minecraft:iron_sword":1,"minecraft:furnace":1,"minecraft:bucket":1,"minecraft:cooked_mutton":10,"minecraft:air":0,"minecraft:iron_boots":1,"minecraft:iron_chestplate":1,"minecraft:iron_axe":1,"minecraft:stick":20,"quark:oak_chest":1,"minecraft:iron_ingot":36,"shieldexp:diamond_shield":1,"minecraft:iron_pickaxe":2,"minecraft:stone_pickaxe":2,"minecraft:iron_leggings":1,"minecraft:torch":36},"minecraft:broken":{"minecraft:stone_pickaxe":2,"minecraft:iron_pickaxe":1},"minecraft:custom":{"minecraft:interact_with_furnace":44,"minecraft:mob_kills":4,"minecraft:interact_with_crafting_table":23,"minecraft:leave_game":1,"minecraft:time_since_death":71866,"minecraft:time_since_rest":71866,"minecraft:sprint_one_cm":130399,"minecraft:damage_taken":133,"minecraft:walk_one_cm":185801,"minecraft:drop":1,"minecraft:damage_dealt":640,"minecraft:fly_one_cm":55219,"minecraft:open_chest":22,"minecraft:crouch_one_cm":4049,"minecraft:play_time":71866,"minecraft:sneak_time":2118,"minecraft:walk_under_water_one_cm":441,"minecraft:jump":642,"minecraft:walk_on_water_one_cm":3056,"minecraft:total_world_time":71866,"minecraft:fall_one_cm":9887,"minecraft:horse_one_cm":2388},"minecraft:used":{"minecraft:cooked_mutton":4,"minecraft:water_bucket":1,"minecraft:diorite":19,"minecraft:stone_pickaxe":262,"minecraft:iron_sword":12,"minecraft:torch":37,"minecraft:crafting_table":5,"minecraft:iron_axe":20,"minecraft:iron_pickaxe":264,"minecraft:cobblestone":60,"minecraft:furnace":3,"minecraft:bucket":2,"minecraft:cobbled_deepslate":9},"minecraft:dropped":{"minecraft:raw_iron":43},"minecraft:picked_up":{"sophisticatedstorage:crafting_upgrade":1,"creatingspace:raw_nickel":1,"minecraft:crafting_table":5,"create_new_age:thorium":33,"minecraft:andesite":27,"minecraft:leather":4,"create:raw_zinc":6,"minecraft:lapis_lazuli":65,"minecraft:string":6,"createindustry:raw_nickel":13,"minecraft:raw_copper":138,"minecraft:cobbled_deepslate":28,"minecraft:raw_gold":12,"create_new_age:magnetite_block":1,"minecraft:iron_ingot":33,"createindustry:raw_lead":23,"minecraft:oak_planks":15,"minecraft:furnace":3,"minecraft:raw_iron":90,"minecraft:torch":1,"createindustry:raw_lithium":10,"minecraft:diorite":21,"minecraft:redstone":22,"minecraft:mutton":2,"minecraft:coal":75,"minecraft:white_wool":1,"minecraft:cobblestone":505},"minecraft:mined":{"minecraft:deepslate_redstone_ore":1,"create:deepslate_zinc_ore":6,"creatingspace:nickel_ore":1,"create_new_age:magnetite_block":1,"minecraft:crafting_table":5,"minecraft:torch":1,"create_new_age:thorium_ore":9,"minecraft:copper_ore":40,"minecraft:deepslate_coal_ore":11,"minecraft:lapis_ore":10,"minecraft:deepslate_gold_ore":5,"minecraft:oak_planks":18,"minecraft:diorite":22,"minecraft:deepslate_copper_ore":2,"minecraft:redstone_ore":4,"minecraft:furnace":3,"minecraft:iron_ore":68,"createindustry:nickel_ore":7,"minecraft:andesite":29,"minecraft:grass":1,"createindustry:lead_ore":23,"minecraft:coal_ore":65,"minecraft:deepslate_iron_ore":22,"createindustry:deepslate_lithium_ore":10,"createindustry:deepslate_nickel_ore":6,"minecraft:stone":139,"minecraft:gold_ore":7,"minecraft:deepslate":28}},"DataVersion":3120}