{"stats":{"minecraft:killed":{"minecraft:sheep":1,"minecraft:zombie":1},"minecraft:crafted":{"minecraft:oak_planks":12,"minecraft:crafting_table":1,"minecraft:iron_helmet":1,"minecraft:iron_sword":1,"minecraft:furnace":1,"minecraft:bucket":1,"minecraft:cooked_mutton":10,"minecraft:air":0,"minecraft:iron_boots":1,"minecraft:iron_chestplate":1,"minecraft:iron_axe":1,"minecraft:stick":16,"minecraft:iron_ingot":29,"minecraft:iron_pickaxe":1,"minecraft:stone_pickaxe":2,"minecraft:iron_leggings":1,"minecraft:torch":28},"minecraft:broken":{"minecraft:stone_pickaxe":2},"minecraft:custom":{"minecraft:interact_with_furnace":34,"minecraft:mob_kills":2,"minecraft:interact_with_crafting_table":14,"minecraft:leave_game":1,"minecraft:time_since_death":59866,"minecraft:time_since_rest":59866,"minecraft:sprint_one_cm":108849,"minecraft:damage_taken":81,"minecraft:walk_one_cm":155165,"minecraft:drop":1,"minecraft:damage_dealt":280,"minecraft:fly_one_cm":49583,"minecraft:open_chest":22,"minecraft:crouch_one_cm":4049,"minecraft:play_time":59866,"minecraft:sneak_time":2118,"minecraft:walk_under_water_one_cm":441,"minecraft:jump":565,"minecraft:walk_on_water_one_cm":3056,"minecraft:total_world_time":59866,"minecraft:fall_one_cm":9082,"minecraft:horse_one_cm":2388},"minecraft:used":{"minecraft:cooked_mutton":4,"minecraft:water_bucket":1,"minecraft:diorite":19,"minecraft:stone_pickaxe":262,"minecraft:iron_sword":4,"minecraft:torch":32,"minecraft:crafting_table":4,"minecraft:iron_axe":19,"minecraft:iron_pickaxe":193,"minecraft:cobblestone":57,"minecraft:furnace":2,"minecraft:bucket":2,"minecraft:cobbled_deepslate":9},"minecraft:dropped":{"minecraft:raw_iron":43},"minecraft:picked_up":{"creatingspace:raw_nickel":1,"minecraft:crafting_table":4,"create_new_age:thorium":33,"minecraft:andesite":26,"minecraft:lapis_lazuli":65,"createindustry:raw_nickel":13,"minecraft:raw_copper":130,"minecraft:cobbled_deepslate":22,"minecraft:raw_gold":8,"create_new_age:magnetite_block":1,"minecraft:iron_ingot":33,"createindustry:raw_lead":20,"minecraft:oak_planks":15,"minecraft:furnace":2,"minecraft:raw_iron":85,"minecraft:torch":1,"createindustry:raw_lithium":10,"minecraft:diorite":21,"minecraft:redstone":18,"minecraft:mutton":2,"minecraft:coal":42,"minecraft:white_wool":1,"minecraft:cobblestone":496},"minecraft:mined":{"creatingspace:nickel_ore":1,"create_new_age:magnetite_block":1,"minecraft:crafting_table":4,"minecraft:torch":1,"create_new_age:thorium_ore":9,"minecraft:copper_ore":40,"minecraft:lapis_ore":10,"minecraft:deepslate_gold_ore":1,"minecraft:oak_planks":18,"minecraft:diorite":22,"minecraft:redstone_ore":4,"minecraft:furnace":2,"minecraft:iron_ore":67,"createindustry:nickel_ore":7,"minecraft:andesite":28,"minecraft:grass":1,"createindustry:lead_ore":20,"minecraft:coal_ore":43,"minecraft:deepslate_iron_ore":18,"createindustry:deepslate_lithium_ore":10,"createindustry:deepslate_nickel_ore":6,"minecraft:stone":130,"minecraft:gold_ore":7,"minecraft:deepslate":22}},"DataVersion":3120}