{"stats":{"minecraft:killed":{"alexsmobs:lobster":19,"minecraft:spider":5,"minecraft:skeleton":7,"minecraft:axolotl":1,"minecraft:pig":2,"minecraft:zombie_villager":1,"alexsmobs:seal":1,"minecraft:iron_golem":1,"minecraft:creeper":2,"minecraft:zombie":5},"minecraft:crafted":{"minecraft:oak_planks":20,"minecraft:coal":35,"minecraft:furnace":6,"sophisticatedbackpacks:crafting_upgrade":1,"createindustry:lithium_ingot":41,"everycomp:q/regions_unexplored/mauve_chest":2,"sophisticatedstorage:upgrade_base":1,"regions_unexplored:mauve_planks":24,"minecraft:iron_boots":1,"garnished:nut_planks":24,"minecraft:stone_pickaxe":1,"minecraft:name_tag":1,"create_dd:coal_piece":280,"sophisticatedbackpacks:iron_backpack":1,"minecraft:cooked_beef":3,"regions_unexplored:blue_bioshroom_planks":80,"minecraft:diamond_sword":1,"minecraft:emerald":31,"sophisticatedbackpacks:backpack":1,"minecraft:cooked_porkchop":1,"minecraft:diamond_axe":1,"minecraft:crafting_table":7,"minecraft:iron_helmet":1,"everycomp:q/garnished/nut_chest":1,"minecraft:wooden_pickaxe":1,"sophisticatedstorage:crafting_upgrade":1,"miners_delight:baked_tentacles":23,"sophisticatedbackpacks:gold_backpack":1,"minecraft:stone_axe":2,"sophisticatedbackpacks:upgrade_base":1,"minecraft:air":0,"minecraft:paper":12,"minecraft:diamond_pickaxe":1,"sophisticatedbackpacks:diamond_backpack":1,"minecraft:stick":96,"minecraft:flint":20,"everycomp:q/regions_unexplored/blue_bioshroom_chest":2,"minecraft:iron_ingot":78,"minecraft:iron_pickaxe":3,"minecraft:stone_sword":1,"minecraft:iron_leggings":1,"minecraft:gold_ingot":41,"minecraft:torch":164},"minecraft:broken":{"minecraft:stone_pickaxe":1,"minecraft:iron_pickaxe":2},"minecraft:custom":{"minecraft:mob_kills":44,"minecraft:interact_with_crafting_table":41,"goblintraders:trade_with_goblin":64,"minecraft:leave_game":1,"minecraft:time_since_death":250013,"minecraft:sprint_one_cm":94685,"minecraft:walk_one_cm":373848,"minecraft:drop":39,"minecraft:talked_to_villager":4,"minecraft:play_time":250013,"minecraft:sneak_time":2601,"minecraft:walk_under_water_one_cm":21204,"minecraft:jump":1447,"minecraft:walk_on_water_one_cm":73523,"minecraft:enchant_item":2,"minecraft:total_world_time":250013,"minecraft:interact_with_furnace":81,"minecraft:sleep_in_bed":2,"minecraft:time_since_rest":180826,"minecraft:damage_taken":1342,"minecraft:damage_dealt":5621,"minecraft:swim_one_cm":89781,"minecraft:fly_one_cm":134898,"minecraft:open_chest":36,"minecraft:crouch_one_cm":5593,"minecraft:fall_one_cm":26966},"minecraft:used":{"everycomp:q/regions_unexplored/blue_bioshroom_chest":5,"minecraft:stone_sword":118,"minecraft:redstone":3,"minecraft:torch":115,"minecraft:dirt":4,"regions_unexplored:argillite":1,"minecraft:carrot":2,"minecraft:tuff":10,"minecraft:granite":23,"minecraft:axolotl_bucket":1,"miners_delight:baked_tentacles":23,"farmersdelight:tomato":6,"alexsmobs:lobster_tail":5,"miners_delight:tentacles":5,"minecraft:furnace":11,"minecraft:cooked_beef":5,"minecraft:cobbled_deepslate":182,"minecraft:water_bucket":84,"minecraft:diorite":1,"minecraft:stone_pickaxe":132,"minecraft:wooden_pickaxe":16,"minecraft:diamond_axe":15,"minecraft:crafting_table":7,"regions_unexplored:dusktrap":2,"minecraft:white_bed":2,"minecraft:diamond_pickaxe":2028,"minecraft:bread":7,"minecraft:iron_pickaxe":533,"minecraft:gravel":2,"minecraft:stone_axe":47,"minecraft:diamond_sword":37,"minecraft:cobblestone":26,"minecraft:cooked_porkchop":1,"minecraft:bucket":86,"alexsmobs:animal_dictionary":1},"minecraft:dropped":{"minecraft:iron_ingot":37,"minecraft:wheat_seeds":6,"minecraft:diamond":10,"minecraft:cobblestone":111,"sophisticatedstorage:crafting_upgrade":1,"culturaldelights:squid":7,"regions_unexplored:argillite":2,"minecraft:stick":2,"minecraft:emerald":3,"minecraft:dirt":21,"garnished:ungarnished_hazelnut":1,"minecraft:gold_ingot":33,"minecraft:redstone":8,"minecraft:gravel":31,"minecraft:stone_axe":1,"minecraft:stone_sword":1,"minecraft:cobbled_deepslate":67,"minecraft:raw_iron":10,"minecraft:rotten_flesh":2,"minecraft:oak_planks":1,"createcafe:cassava_seeds":1,"alexsmobs:lobster_tail":2,"minecraft:diamond_pickaxe":2,"minecraft:spider_eye":1,"minecraft:bow":1,"minecraft:wooden_pickaxe":1,"minecraft:calcite":1},"minecraft:picked_up":{"creatingspace:raw_nickel":31,"minecraft:crafting_table":2,"create_new_age:thorium":132,"minecraft:wheat":6,"minecraft:nether_brick_fence":1,"minecraft:wooden_pickaxe":1,"garnished:ungarnished_macadamia":1,"everycomp:q/regions_unexplored/blue_bioshroom_chest":3,"minecraft:string":5,"minecraft:raw_copper":72,"createindustry:raw_nickel":27,"garnished:ungarnished_almond":1,"minecraft:cobbled_deepslate":1099,"minecraft:bucket":1,"createindustry:raw_lead":19,"minecraft:calcite":1,"minecraft:poppy":1,"minecraft:sugar_cane":14,"minecraft:furnace":5,"minecraft:stick":4,"minecraft:raw_iron":111,"miners_delight:tentacles":28,"minecraft:torch":19,"minecraft:porkchop":1,"createcafe:cassava_seeds":1,"minecraft:diorite":13,"minecraft:carrot":1,"minecraft:redstone":765,"regions_unexplored:argillite":3,"regions_unexplored:dusktrap":3,"garnished:ungarnished_chestnut":1,"minecraft:stone_sword":1,"minecraft:arrow":4,"minecraft:rotten_flesh":7,"regions_unexplored:mauve_sapling":3,"regions_unexplored:mauve_log":14,"culturaldelights:squid":14,"garnished:nut_log":6,"alexsmobs:lobster_tail":7,"minecraft:cobblestone":402,"garnished:ungarnished_hazelnut":1,"sophisticatedstorage:crafting_upgrade":1,"minecraft:cooked_beef":3,"minecraft:andesite":26,"minecraft:leather":1,"regions_unexplored:blue_bioshroom_stem":25,"garnished:ungarnished_pistachio":5,"alexsmobs:cachalot_whale_tooth":2,"minecraft:flint":7,"minecraft:oak_log":5,"minecraft:tuff":94,"create:raw_zinc":51,"minecraft:gunpowder":2,"minecraft:lapis_lazuli":233,"farmersdelight:tomato":6,"minecraft:dirt":26,"culturaldelights:glow_squid":1,"minecraft:bone":2,"minecraft:bow":1,"minecraft:wheat_seeds":16,"minecraft:raw_gold":52,"create_new_age:magnetite_block":1,"minecraft:iron_ingot":4,"minecraft:oak_planks":1,"minecraft:gravel":52,"createindustry:raw_lithium":41,"minecraft:white_bed":2,"minecraft:spider_eye":2,"minecraft:diamond":95,"minecraft:granite":45,"minecraft:coal":117,"minecraft:diamond_pickaxe":3},"minecraft:mined":{"create:zinc_ore":10,"create:deepslate_zinc_ore":37,"minecraft:tuff":126,"minecraft:white_bed":1,"minecraft:deepslate_diamond_ore":73,"regions_unexplored:dusktrap":3,"minecraft:granite":45,"minecraft:grass_block":7,"creatingspace:deepslate_nickel_ore":6,"create_new_age:thorium_ore":37,"minecraft:redstone_wire":2,"regions_unexplored:blue_bioshroom_block":2,"regions_unexplored:argillite":3,"minecraft:redstone_ore":4,"minecraft:furnace":5,"minecraft:iron_ore":87,"minecraft:andesite":26,"minecraft:deepslate_lapis_ore":29,"createindustry:lead_ore":16,"minecraft:deepslate_iron_ore":15,"createindustry:deepslate_nickel_ore":18,"regions_unexplored:ash_vent":2,"regions_unexplored:medium_grass":1,"minecraft:stone":410,"regions_unexplored:deepslate_viridescent_nylium":2,"minecraft:deepslate_redstone_ore":159,"creatingspace:nickel_ore":25,"minecraft:basalt":1,"create_new_age:magnetite_block":1,"minecraft:crafting_table":2,"minecraft:torch":9,"everycomp:q/regions_unexplored/blue_bioshroom_chest":3,"minecraft:calcite":1,"minecraft:copper_ore":17,"minecraft:tall_grass":3,"minecraft:cobblestone":6,"regions_unexplored:mauve_log":14,"minecraft:deepslate_gold_ore":47,"minecraft:sugar_cane":8,"minecraft:diorite":15,"minecraft:wall_torch":2,"minecraft:wheat":3,"minecraft:grass":7,"garnished:nut_log":6,"minecraft:oak_log":5,"minecraft:coal_ore":101,"regions_unexplored:blue_bioshroom_stem":27,"createindustry:deepslate_lithium_ore":41,"minecraft:gravel":41,"minecraft:dripstone_block":1,"minecraft:dirt":3,"regions_unexplored:green_bioshroom_stem":2,"minecraft:gold_ore":3,"minecraft:oak_leaves":1,"minecraft:deepslate":1290}},"DataVersion":3120}