{"stats":{"minecraft:picked_up":{"createcafe:cassava_seeds":1,"minecraft:oak_log":5,"minecraft:coal":1,"minecraft:dirt":22,"minecraft:cobblestone":23},"minecraft:custom":{"minecraft:time_since_rest":14270,"minecraft:play_time":14270,"minecraft:sprint_one_cm":1321,"minecraft:damage_taken":165,"minecraft:walk_one_cm":14511,"minecraft:jump":64,"minecraft:time_since_death":14270,"minecraft:total_world_time":14270,"minecraft:interact_with_crafting_table":3,"minecraft:fall_one_cm":1553,"minecraft:fly_one_cm":5648},"minecraft:used":{"minecraft:dirt":4,"minecraft:cobblestone":3,"minecraft:crafting_table":1,"minecraft:stone_pickaxe":21,"minecraft:wooden_pickaxe":3},"minecraft:mined":{"minecraft:grass":1,"minecraft:coal_ore":1,"minecraft:grass_block":4,"minecraft:oak_log":5,"minecraft:dirt":2,"minecraft:stone":23},"minecraft:crafted":{"minecraft:oak_planks":20,"minecraft:crafting_table":1,"minecraft:stick":8,"minecraft:stone_pickaxe":1,"minecraft:wooden_pickaxe":1}},"DataVersion":3120}