{"stats":{"minecraft:killed":{"alexsmobs:lobster":19,"minecraft:pig":2,"minecraft:zombie_villager":1,"alexsmobs:seal":1,"minecraft:spider":1,"minecraft:skeleton":2,"minecraft:zombie":1,"minecraft:axolotl":1},"minecraft:crafted":{"minecraft:oak_planks":20,"regions_unexplored:blue_bioshroom_planks":64,"minecraft:cooked_porkchop":1,"minecraft:crafting_table":2,"minecraft:wooden_pickaxe":1,"minecraft:iron_helmet":1,"minecraft:furnace":2,"miners_delight:baked_tentacles":10,"minecraft:stone_axe":2,"minecraft:air":0,"minecraft:iron_boots":1,"minecraft:stick":24,"everycomp:q/regions_unexplored/blue_bioshroom_chest":2,"minecraft:iron_ingot":25,"minecraft:iron_pickaxe":3,"minecraft:stone_pickaxe":1,"minecraft:stone_sword":1,"minecraft:iron_leggings":1,"minecraft:torch":28},"minecraft:broken":{"minecraft:stone_pickaxe":1,"minecraft:iron_pickaxe":2},"minecraft:custom":{"minecraft:interact_with_furnace":32,"minecraft:mob_kills":28,"minecraft:interact_with_crafting_table":16,"minecraft:time_since_death":104433,"minecraft:sleep_in_bed":2,"minecraft:time_since_rest":35246,"minecraft:sprint_one_cm":44782,"minecraft:damage_taken":700,"minecraft:walk_one_cm":211565,"minecraft:drop":25,"minecraft:damage_dealt":2114,"minecraft:swim_one_cm":83659,"minecraft:talked_to_villager":4,"minecraft:fly_one_cm":83501,"minecraft:open_chest":3,"minecraft:crouch_one_cm":1578,"minecraft:play_time":104433,"minecraft:sneak_time":775,"minecraft:walk_under_water_one_cm":16109,"minecraft:jump":966,"minecraft:walk_on_water_one_cm":64778,"minecraft:total_world_time":104433,"minecraft:fall_one_cm":15849},"minecraft:used":{"everycomp:q/regions_unexplored/blue_bioshroom_chest":5,"minecraft:water_bucket":81,"minecraft:stone_sword":75,"minecraft:stone_pickaxe":132,"minecraft:wooden_pickaxe":16,"minecraft:torch":38,"minecraft:dirt":4,"regions_unexplored:argillite":1,"minecraft:crafting_table":4,"minecraft:carrot":2,"regions_unexplored:dusktrap":2,"minecraft:white_bed":2,"minecraft:tuff":10,"minecraft:granite":23,"miners_delight:baked_tentacles":9,"minecraft:diamond_pickaxe":346,"alexsmobs:lobster_tail":5,"minecraft:iron_pickaxe":533,"minecraft:bread":7,"minecraft:stone_axe":47,"minecraft:cobblestone":14,"miners_delight:tentacles":5,"minecraft:furnace":7,"minecraft:cooked_porkchop":1,"minecraft:bucket":82,"alexsmobs:animal_dictionary":1,"minecraft:cobbled_deepslate":170},"minecraft:dropped":{"minecraft:gravel":31,"minecraft:stone_axe":1,"minecraft:wheat_seeds":6,"minecraft:cobbled_deepslate":67,"minecraft:diamond":7,"minecraft:cobblestone":96,"minecraft:rotten_flesh":2,"minecraft:oak_planks":1,"culturaldelights:squid":7,"regions_unexplored:argillite":2,"minecraft:stick":2,"createcafe:cassava_seeds":1,"minecraft:emerald":3,"minecraft:dirt":21,"alexsmobs:lobster_tail":2,"garnished:ungarnished_hazelnut":1,"minecraft:diamond_pickaxe":1,"minecraft:wooden_pickaxe":1,"minecraft:bow":1,"minecraft:calcite":1,"minecraft:redstone":8},"minecraft:picked_up":{"garnished:ungarnished_hazelnut":1,"creatingspace:raw_nickel":3,"minecraft:crafting_table":2,"create_new_age:thorium":121,"regions_unexplored:blue_bioshroom_stem":25,"minecraft:wooden_pickaxe":1,"garnished:ungarnished_macadamia":1,"garnished:ungarnished_pistachio":5,"alexsmobs:cachalot_whale_tooth":2,"minecraft:flint":2,"minecraft:tuff":10,"create:raw_zinc":23,"minecraft:oak_log":5,"everycomp:q/regions_unexplored/blue_bioshroom_chest":3,"minecraft:string":2,"minecraft:dirt":25,"createindustry:raw_nickel":3,"garnished:ungarnished_almond":1,"culturaldelights:glow_squid":1,"minecraft:bow":1,"minecraft:wheat_seeds":6,"minecraft:cobbled_deepslate":360,"minecraft:raw_gold":13,"minecraft:bucket":1,"minecraft:calcite":1,"minecraft:oak_planks":1,"minecraft:furnace":5,"minecraft:raw_iron":25,"miners_delight:tentacles":28,"minecraft:torch":15,"minecraft:gravel":31,"minecraft:porkchop":1,"createcafe:cassava_seeds":1,"createindustry:raw_lithium":41,"minecraft:white_bed":2,"minecraft:carrot":1,"minecraft:redstone":205,"garnished:ungarnished_chestnut":1,"regions_unexplored:argillite":3,"regions_unexplored:dusktrap":3,"minecraft:arrow":2,"minecraft:rotten_flesh":2,"minecraft:diamond":22,"minecraft:granite":23,"culturaldelights:squid":14,"garnished:nut_log":6,"minecraft:coal":46,"alexsmobs:lobster_tail":7,"minecraft:cobblestone":137,"minecraft:diamond_pickaxe":2},"minecraft:mined":{"minecraft:deepslate_redstone_ore":48,"create:deepslate_zinc_ore":23,"minecraft:tuff":42,"minecraft:white_bed":1,"creatingspace:nickel_ore":1,"minecraft:deepslate_diamond_ore":22,"minecraft:basalt":1,"regions_unexplored:dusktrap":3,"minecraft:crafting_table":2,"minecraft:torch":7,"everycomp:q/regions_unexplored/blue_bioshroom_chest":3,"minecraft:granite":23,"minecraft:grass_block":6,"minecraft:calcite":1,"creatingspace:deepslate_nickel_ore":2,"create_new_age:thorium_ore":34,"minecraft:tall_grass":3,"minecraft:deepslate_gold_ore":13,"minecraft:wall_torch":1,"regions_unexplored:blue_bioshroom_block":2,"regions_unexplored:argillite":3,"minecraft:furnace":5,"minecraft:iron_ore":15,"minecraft:wheat":3,"garnished:nut_log":6,"minecraft:grass":6,"minecraft:oak_log":5,"minecraft:coal_ore":29,"minecraft:deepslate_iron_ore":10,"regions_unexplored:blue_bioshroom_stem":27,"regions_unexplored:medium_grass":1,"createindustry:deepslate_lithium_ore":41,"minecraft:gravel":13,"minecraft:dripstone_block":1,"minecraft:dirt":3,"regions_unexplored:green_bioshroom_stem":2,"regions_unexplored:ash_vent":2,"createindustry:deepslate_nickel_ore":3,"minecraft:stone":144,"minecraft:oak_leaves":1,"regions_unexplored:deepslate_viridescent_nylium":2,"minecraft:deepslate":544}},"DataVersion":3120}