{"stats":{"minecraft:dropped":{"minecraft:iron_ingot":37,"gourmet:variety_dessert_platter":5,"minecraft:wheat_seeds":6,"minecraft:diamond":10,"minecraft:iron_helmet":1,"minecraft:cobblestone":111,"minecraft:leather":4,"sophisticatedstorage:crafting_upgrade":2,"culturaldelights:squid":7,"regions_unexplored:argillite":2,"alexsmobs:soul_heart":2,"minecraft:stick":2,"minecraft:emerald":3,"minecraft:dirt":21,"garnished:ungarnished_hazelnut":1,"minecraft:string":4,"regions_unexplored:mauve_sapling":1,"minecraft:redstone_block":86,"minecraft:gold_ingot":33,"minecraft:redstone":8,"minecraft:gravel":31,"minecraft:stone_axe":1,"minecraft:raw_copper":72,"minecraft:cobbled_deepslate":67,"minecraft:stone_sword":1,"minecraft:raw_iron":10,"minecraft:rotten_flesh":2,"minecraft:oak_planks":1,"createcafe:cassava_seeds":1,"alexsmobs:lobster_tail":2,"minecraft:diamond_pickaxe":4,"minecraft:spider_eye":1,"minecraft:bow":1,"minecraft:wooden_pickaxe":1,"minecraft:calcite":1},"minecraft:crafted":{"minecraft:oak_planks":20,"minecraft:coal":35,"minecraft:furnace":6,"sophisticatedbackpacks:crafting_upgrade":1,"createindustry:lithium_ingot":41,"everycomp:q/regions_unexplored/mauve_chest":2,"minecraft:diamond_helmet":1,"minecraft:diamond_leggings":1,"sophisticatedstorage:upgrade_base":1,"regions_unexplored:mauve_planks":24,"minecraft:iron_boots":1,"garnished:nut_planks":24,"shieldexp:diamond_shield":1,"minecraft:stone_pickaxe":1,"minecraft:diamond_boots":1,"minecraft:name_tag":1,"create_dd:coal_piece":280,"sophisticatedbackpacks:iron_backpack":1,"minecraft:cooked_beef":3,"regions_unexplored:blue_bioshroom_planks":80,"minecraft:diamond_sword":1,"minecraft:emerald":31,"sophisticatedbackpacks:backpack":1,"minecraft:cooked_porkchop":1,"minecraft:diamond_axe":1,"minecraft:crafting_table":7,"minecraft:iron_helmet":1,"everycomp:q/garnished/nut_chest":1,"minecraft:wooden_pickaxe":1,"sophisticatedstorage:crafting_upgrade":1,"miners_delight:baked_tentacles":23,"sophisticatedbackpacks:gold_backpack":1,"minecraft:stone_axe":2,"sophisticatedbackpacks:upgrade_base":1,"minecraft:air":0,"minecraft:blue_dye":1,"minecraft:paper":12,"minecraft:diamond_pickaxe":1,"sophisticatedbackpacks:diamond_backpack":2,"minecraft:stick":104,"minecraft:flint":20,"everycomp:q/regions_unexplored/blue_bioshroom_chest":2,"minecraft:iron_ingot":78,"minecraft:iron_pickaxe":3,"minecraft:stone_sword":1,"minecraft:iron_leggings":1,"minecraft:gold_ingot":41,"minecraft:torch":164,"minecraft:lapis_lazuli":9},"minecraft:custom":{"minecraft:mob_kills":62,"minecraft:interact_with_crafting_table":48,"goblintraders:trade_with_goblin":64,"minecraft:leave_game":2,"minecraft:time_since_death":301634,"minecraft:sprint_one_cm":161988,"minecraft:walk_one_cm":475365,"minecraft:drop":63,"minecraft:talked_to_villager":4,"minecraft:play_time":301634,"minecraft:sneak_time":6090,"minecraft:walk_under_water_one_cm":30721,"minecraft:jump":2177,"minecraft:walk_on_water_one_cm":76870,"minecraft:enchant_item":5,"minecraft:total_world_time":301634,"minecraft:interact_with_furnace":85,"minecraft:sleep_in_bed":2,"minecraft:time_since_rest":232447,"minecraft:damage_taken":2060,"minecraft:damage_dealt":7216,"minecraft:swim_one_cm":102796,"minecraft:fly_one_cm":248785,"minecraft:open_chest":37,"minecraft:crouch_one_cm":13276,"minecraft:fall_one_cm":45525},"minecraft:used":{"everycomp:q/regions_unexplored/blue_bioshroom_chest":5,"minecraft:stone_sword":118,"minecraft:redstone":3,"create:veridium":3,"gourmet:variety_dessert_platter":5,"minecraft:torch":118,"minecraft:dirt":5,"regions_unexplored:argillite":1,"minecraft:carrot":2,"regions_unexplored:mauve_sapling":3,"minecraft:tuff":10,"minecraft:granite":23,"minecraft:axolotl_bucket":1,"miners_delight:baked_tentacles":23,"farmersdelight:tomato":6,"alexsmobs:lobster_tail":5,"quark:deepslate_furnace":4,"miners_delight:tentacles":5,"minecraft:furnace":11,"minecraft:egg":2,"minecraft:cooked_beef":6,"minecraft:cobbled_deepslate":308,"minecraft:water_bucket":88,"minecraft:diorite":1,"minecraft:blackstone":7,"minecraft:stone_pickaxe":132,"minecraft:wooden_pickaxe":16,"minecraft:diamond_axe":15,"minecraft:crafting_table":7,"regions_unexplored:dusktrap":3,"minecraft:white_bed":2,"minecraft:diamond_pickaxe":2569,"minecraft:bread":7,"minecraft:iron_pickaxe":534,"minecraft:gravel":2,"minecraft:stone_axe":47,"minecraft:coal_block":23,"minecraft:diamond_sword":74,"minecraft:cobblestone":79,"minecraft:cooked_porkchop":1,"minecraft:bucket":89,"alexsmobs:animal_dictionary":1},"minecraft:killed":{"alexsmobs:lobster":19,"minecraft:spider":5,"minecraft:skeleton":7,"minecraft:axolotl":1,"alexsmobs:straddler":2,"alexsmobs:soul_vulture":1,"minecraft:magma_cube":8,"minecraft:pig":3,"minecraft:zombie_villager":1,"quark:foxhound":1,"alexsmobs:seal":1,"minecraft:iron_golem":1,"alexsmobs:stradpole":4,"minecraft:creeper":2,"minecraft:zombie":5},"minecraft:mined":{"create:zinc_ore":10,"create:deepslate_zinc_ore":37,"minecraft:tuff":132,"minecraft:white_bed":1,"minecraft:deepslate_diamond_ore":91,"regions_unexplored:dusktrap":4,"farmersrespite:wither_roots":2,"minecraft:granite":84,"farmersrespite:wild_coffee_bush":2,"minecraft:grass_block":9,"creatingspace:deepslate_nickel_ore":6,"create_new_age:thorium_ore":49,"minecraft:redstone_wire":2,"minecraft:coal_block":2,"regions_unexplored:blue_bioshroom_block":2,"regions_unexplored:argillite":3,"minecraft:redstone_ore":4,"minecraft:furnace":5,"minecraft:iron_ore":87,"minecraft:fire":1,"regions_unexplored:glister_spire":1,"minecraft:andesite":26,"minecraft:deepslate_lapis_ore":41,"createindustry:lead_ore":16,"minecraft:deepslate_iron_ore":39,"createindustry:deepslate_nickel_ore":18,"regions_unexplored:ash_vent":2,"regions_unexplored:medium_grass":1,"create:veridium":4,"minecraft:stone":485,"regions_unexplored:mauve_sapling":1,"regions_unexplored:deepslate_viridescent_nylium":2,"minecraft:deepslate_redstone_ore":167,"creatingspace:nickel_ore":25,"minecraft:blackstone":15,"minecraft:basalt":46,"create_new_age:magnetite_block":1,"minecraft:crafting_table":2,"minecraft:torch":9,"everycomp:q/regions_unexplored/blue_bioshroom_chest":3,"minecraft:calcite":1,"minecraft:nether_quartz_ore":2,"minecraft:copper_ore":17,"minecraft:tall_grass":4,"minecraft:cobblestone":6,"regions_unexplored:mauve_log":14,"minecraft:deepslate_gold_ore":47,"minecraft:lapis_ore":1,"minecraft:sugar_cane":8,"minecraft:diorite":29,"minecraft:wall_torch":2,"minecraft:wheat":3,"minecraft:grass":7,"garnished:nut_log":6,"minecraft:oak_log":5,"minecraft:coal_ore":168,"regions_unexplored:blue_bioshroom_stem":27,"createindustry:deepslate_lithium_ore":41,"minecraft:gravel":41,"minecraft:dirt":4,"minecraft:dripstone_block":1,"regions_unexplored:green_bioshroom_stem":2,"minecraft:netherrack":1,"minecraft:gold_ore":3,"minecraft:oak_leaves":1,"minecraft:deepslate":1484},"minecraft:broken":{"minecraft:stone_pickaxe":1,"minecraft:iron_pickaxe":2},"minecraft:picked_up":{"creatingspace:raw_nickel":31,"minecraft:crafting_table":2,"create_new_age:thorium":179,"minecraft:wheat":6,"minecraft:nether_brick_fence":1,"minecraft:wooden_pickaxe":1,"garnished:ungarnished_macadamia":1,"everycomp:q/regions_unexplored/blue_bioshroom_chest":3,"minecraft:string":5,"minecraft:raw_copper":72,"createindustry:raw_nickel":27,"garnished:ungarnished_almond":1,"minecraft:blackstone":14,"minecraft:cobbled_deepslate":1293,"minecraft:bucket":1,"createindustry:raw_lead":19,"minecraft:calcite":1,"alexsmobs:soul_heart":2,"minecraft:poppy":1,"minecraft:coal_block":2,"minecraft:sugar_cane":14,"minecraft:egg":2,"minecraft:furnace":5,"minecraft:stick":4,"minecraft:raw_iron":140,"miners_delight:tentacles":28,"minecraft:torch":19,"minecraft:porkchop":3,"createcafe:cassava_seeds":1,"minecraft:diorite":27,"minecraft:carrot":1,"minecraft:redstone":805,"regions_unexplored:argillite":3,"regions_unexplored:dusktrap":4,"garnished:ungarnished_chestnut":1,"minecraft:stone_sword":1,"minecraft:arrow":4,"minecraft:rotten_flesh":7,"regions_unexplored:mauve_sapling":4,"regions_unexplored:mauve_log":14,"culturaldelights:squid":14,"create:veridium":3,"garnished:nut_log":6,"alexsmobs:lobster_tail":7,"minecraft:cobblestone":477,"minecraft:basalt":47,"garnished:ungarnished_hazelnut":1,"sophisticatedstorage:crafting_upgrade":1,"minecraft:cooked_beef":3,"minecraft:andesite":26,"farmersrespite:coffee_beans":2,"minecraft:leather":1,"regions_unexplored:blue_bioshroom_stem":25,"garnished:ungarnished_pistachio":5,"alexsmobs:cachalot_whale_tooth":2,"minecraft:flint":7,"minecraft:oak_log":5,"minecraft:tuff":100,"create:raw_zinc":51,"minecraft:gunpowder":2,"minecraft:lapis_lazuli":323,"farmersdelight:tomato":6,"minecraft:dirt":29,"culturaldelights:glow_squid":1,"minecraft:bone":4,"minecraft:bow":1,"minecraft:wheat_seeds":16,"minecraft:raw_gold":52,"create_new_age:magnetite_block":1,"minecraft:iron_ingot":4,"minecraft:oak_planks":1,"minecraft:quartz":2,"minecraft:gravel":52,"createindustry:raw_lithium":41,"minecraft:white_bed":2,"minecraft:spider_eye":2,"minecraft:diamond":117,"minecraft:iron_helmet":1,"minecraft:granite":83,"minecraft:netherrack":1,"minecraft:coal":201,"minecraft:diamond_pickaxe":5}},"DataVersion":3120}