{"stats":{"minecraft:killed":{"alexsmobs:lobster":19,"minecraft:spider":4,"minecraft:skeleton":7,"minecraft:axolotl":1,"minecraft:pig":2,"minecraft:zombie_villager":1,"alexsmobs:seal":1,"minecraft:iron_golem":1,"minecraft:creeper":2,"minecraft:zombie":5},"minecraft:crafted":{"minecraft:oak_planks":20,"minecraft:coal":35,"minecraft:furnace":2,"createindustry:lithium_ingot":35,"minecraft:iron_boots":1,"garnished:nut_planks":12,"minecraft:stone_pickaxe":1,"create_dd:coal_piece":280,"regions_unexplored:blue_bioshroom_planks":64,"minecraft:diamond_sword":1,"minecraft:cooked_porkchop":1,"minecraft:crafting_table":3,"minecraft:wooden_pickaxe":1,"minecraft:iron_helmet":1,"miners_delight:baked_tentacles":23,"minecraft:stone_axe":2,"minecraft:air":0,"minecraft:diamond_pickaxe":1,"minecraft:stick":36,"everycomp:q/regions_unexplored/blue_bioshroom_chest":2,"minecraft:iron_ingot":25,"minecraft:iron_pickaxe":3,"minecraft:stone_sword":1,"minecraft:iron_leggings":1,"minecraft:torch":60},"minecraft:broken":{"minecraft:stone_pickaxe":1,"minecraft:iron_pickaxe":2},"minecraft:custom":{"minecraft:mob_kills":43,"minecraft:interact_with_crafting_table":21,"minecraft:time_since_death":128433,"minecraft:sprint_one_cm":76416,"minecraft:walk_one_cm":261761,"minecraft:drop":29,"minecraft:talked_to_villager":4,"minecraft:play_time":128433,"minecraft:sneak_time":2306,"minecraft:walk_under_water_one_cm":20806,"minecraft:jump":1221,"minecraft:walk_on_water_one_cm":71246,"minecraft:enchant_item":2,"minecraft:total_world_time":128433,"minecraft:interact_with_furnace":37,"minecraft:sleep_in_bed":2,"minecraft:time_since_rest":59246,"minecraft:damage_taken":1191,"minecraft:damage_dealt":5461,"minecraft:swim_one_cm":89781,"minecraft:fly_one_cm":121998,"minecraft:open_chest":8,"minecraft:crouch_one_cm":4474,"minecraft:fall_one_cm":24449},"minecraft:used":{"everycomp:q/regions_unexplored/blue_bioshroom_chest":5,"minecraft:stone_sword":118,"minecraft:torch":69,"minecraft:dirt":4,"regions_unexplored:argillite":1,"minecraft:carrot":2,"minecraft:tuff":10,"minecraft:granite":23,"miners_delight:baked_tentacles":23,"alexsmobs:lobster_tail":5,"miners_delight:tentacles":5,"minecraft:furnace":7,"minecraft:cooked_beef":3,"minecraft:cobbled_deepslate":170,"minecraft:water_bucket":84,"minecraft:stone_pickaxe":132,"minecraft:wooden_pickaxe":16,"minecraft:crafting_table":5,"regions_unexplored:dusktrap":2,"minecraft:white_bed":2,"minecraft:diamond_pickaxe":586,"minecraft:bread":7,"minecraft:iron_pickaxe":533,"minecraft:stone_axe":47,"minecraft:diamond_sword":34,"minecraft:cobblestone":25,"minecraft:cooked_porkchop":1,"minecraft:bucket":85,"alexsmobs:animal_dictionary":1},"minecraft:dropped":{"minecraft:iron_ingot":4,"minecraft:wheat_seeds":6,"minecraft:diamond":7,"minecraft:cobblestone":96,"culturaldelights:squid":7,"regions_unexplored:argillite":2,"minecraft:emerald":3,"minecraft:stick":2,"minecraft:dirt":21,"garnished:ungarnished_hazelnut":1,"minecraft:redstone":8,"minecraft:gravel":31,"minecraft:stone_axe":1,"minecraft:cobbled_deepslate":67,"minecraft:stone_sword":1,"minecraft:raw_iron":10,"minecraft:rotten_flesh":2,"minecraft:oak_planks":1,"createcafe:cassava_seeds":1,"alexsmobs:lobster_tail":2,"minecraft:diamond_pickaxe":2,"minecraft:bow":1,"minecraft:wooden_pickaxe":1,"minecraft:calcite":1},"minecraft:picked_up":{"creatingspace:raw_nickel":3,"minecraft:crafting_table":2,"minecraft:wheat":6,"create_new_age:thorium":121,"minecraft:wooden_pickaxe":1,"garnished:ungarnished_macadamia":1,"everycomp:q/regions_unexplored/blue_bioshroom_chest":3,"minecraft:string":4,"minecraft:raw_copper":72,"createindustry:raw_nickel":3,"garnished:ungarnished_almond":1,"minecraft:cobbled_deepslate":360,"minecraft:bucket":1,"createindustry:raw_lead":10,"minecraft:calcite":1,"minecraft:poppy":1,"minecraft:furnace":5,"minecraft:raw_iron":60,"miners_delight:tentacles":28,"minecraft:torch":15,"minecraft:porkchop":1,"createcafe:cassava_seeds":1,"minecraft:diorite":1,"minecraft:carrot":1,"minecraft:redstone":205,"regions_unexplored:argillite":3,"garnished:ungarnished_chestnut":1,"regions_unexplored:dusktrap":3,"minecraft:stone_sword":1,"minecraft:arrow":4,"minecraft:rotten_flesh":6,"culturaldelights:squid":14,"garnished:nut_log":6,"alexsmobs:lobster_tail":7,"minecraft:cobblestone":254,"garnished:ungarnished_hazelnut":1,"minecraft:cooked_beef":3,"minecraft:andesite":7,"regions_unexplored:blue_bioshroom_stem":25,"garnished:ungarnished_pistachio":5,"alexsmobs:cachalot_whale_tooth":2,"minecraft:flint":3,"minecraft:tuff":10,"create:raw_zinc":23,"minecraft:oak_log":5,"minecraft:gunpowder":2,"farmersdelight:tomato":6,"minecraft:dirt":26,"culturaldelights:glow_squid":1,"minecraft:bone":2,"minecraft:bow":1,"minecraft:wheat_seeds":16,"minecraft:raw_gold":13,"create_new_age:magnetite_block":1,"minecraft:iron_ingot":4,"minecraft:oak_planks":1,"minecraft:gravel":31,"createindustry:raw_lithium":41,"minecraft:white_bed":2,"minecraft:spider_eye":1,"minecraft:diamond":22,"minecraft:granite":43,"minecraft:coal":91,"minecraft:diamond_pickaxe":3},"minecraft:mined":{"create:deepslate_zinc_ore":23,"minecraft:tuff":42,"minecraft:white_bed":1,"minecraft:deepslate_diamond_ore":22,"regions_unexplored:dusktrap":3,"minecraft:granite":43,"minecraft:grass_block":7,"creatingspace:deepslate_nickel_ore":2,"create_new_age:thorium_ore":34,"regions_unexplored:blue_bioshroom_block":2,"regions_unexplored:argillite":3,"minecraft:furnace":5,"minecraft:iron_ore":46,"minecraft:andesite":7,"createindustry:lead_ore":8,"minecraft:deepslate_iron_ore":10,"createindustry:deepslate_nickel_ore":3,"regions_unexplored:ash_vent":2,"regions_unexplored:medium_grass":1,"minecraft:stone":246,"regions_unexplored:deepslate_viridescent_nylium":2,"minecraft:deepslate_redstone_ore":48,"creatingspace:nickel_ore":1,"minecraft:basalt":1,"create_new_age:magnetite_block":1,"minecraft:crafting_table":2,"minecraft:torch":7,"everycomp:q/regions_unexplored/blue_bioshroom_chest":3,"minecraft:calcite":1,"minecraft:cobblestone":4,"minecraft:copper_ore":17,"minecraft:tall_grass":3,"minecraft:deepslate_gold_ore":13,"minecraft:diorite":1,"minecraft:wall_torch":1,"minecraft:wheat":3,"minecraft:grass":6,"garnished:nut_log":6,"minecraft:coal_ore":75,"minecraft:oak_log":5,"regions_unexplored:blue_bioshroom_stem":27,"createindustry:deepslate_lithium_ore":41,"minecraft:dirt":3,"minecraft:gravel":14,"minecraft:dripstone_block":1,"regions_unexplored:green_bioshroom_stem":2,"minecraft:oak_leaves":1,"minecraft:deepslate":544}},"DataVersion":3120}