{"stats":{"minecraft:dropped":{"minecraft:iron_ingot":37,"gourmet:variety_dessert_platter":5,"minecraft:wheat_seeds":6,"minecraft:diamond":10,"minecraft:iron_helmet":1,"minecraft:cobblestone":111,"minecraft:leather":4,"sophisticatedstorage:crafting_upgrade":2,"culturaldelights:squid":7,"regions_unexplored:argillite":2,"alexsmobs:soul_heart":2,"minecraft:stick":2,"minecraft:emerald":3,"minecraft:dirt":22,"garnished:ungarnished_hazelnut":1,"regions_unexplored:glistering_sprout":6,"minecraft:gold_nugget":1,"minecraft:string":4,"regions_unexplored:mauve_sapling":1,"minecraft:redstone_block":86,"minecraft:gold_ingot":33,"minecraft:redstone":8,"minecraft:gravel":31,"minecraft:stone_axe":1,"minecraft:raw_copper":72,"minecraft:cobbled_deepslate":67,"minecraft:stone_sword":1,"minecraft:raw_iron":10,"minecraft:rotten_flesh":2,"minecraft:oak_planks":1,"createcafe:cassava_seeds":1,"minecraft:leather_chestplate":1,"alexsmobs:lobster_tail":2,"minecraft:diamond_pickaxe":4,"minecraft:spider_eye":1,"minecraft:bow":1,"minecraft:wooden_pickaxe":1,"minecraft:calcite":1},"minecraft:crafted":{"minecraft:oak_planks":20,"minecraft:coal":35,"minecraft:furnace":6,"sophisticatedbackpacks:crafting_upgrade":1,"createindustry:lithium_ingot":41,"quark:deepslate_furnace":1,"everycomp:q/regions_unexplored/mauve_chest":2,"minecraft:diamond_helmet":1,"minecraft:diamond_leggings":1,"sophisticatedstorage:upgrade_base":1,"regions_unexplored:mauve_planks":24,"minecraft:iron_boots":1,"garnished:nut_planks":24,"shieldexp:diamond_shield":1,"minecraft:stone_pickaxe":1,"minecraft:diamond_boots":1,"minecraft:name_tag":1,"create_dd:coal_piece":280,"sophisticatedbackpacks:iron_backpack":1,"minecraft:cooked_beef":3,"regions_unexplored:blue_bioshroom_planks":80,"minecraft:diamond_sword":1,"minecraft:emerald":31,"sophisticatedbackpacks:backpack":1,"minecraft:cooked_porkchop":1,"minecraft:diamond_axe":1,"minecraft:crafting_table":7,"culturaldelights:cooked_squid":6,"minecraft:iron_helmet":1,"everycomp:q/garnished/nut_chest":1,"minecraft:wooden_pickaxe":1,"sophisticatedstorage:crafting_upgrade":1,"miners_delight:baked_tentacles":23,"sophisticatedbackpacks:gold_backpack":1,"minecraft:stone_axe":2,"sophisticatedbackpacks:upgrade_base":1,"minecraft:air":0,"minecraft:blue_dye":1,"minecraft:paper":12,"minecraft:diamond_pickaxe":1,"sophisticatedbackpacks:diamond_backpack":2,"minecraft:stick":104,"minecraft:flint":20,"everycomp:q/regions_unexplored/blue_bioshroom_chest":2,"minecraft:iron_ingot":80,"minecraft:iron_pickaxe":3,"minecraft:stone_sword":1,"minecraft:iron_leggings":1,"minecraft:gold_ingot":41,"minecraft:torch":164,"minecraft:shears":1,"minecraft:lapis_lazuli":9},"minecraft:custom":{"minecraft:mob_kills":78,"minecraft:interact_with_crafting_table":48,"goblintraders:trade_with_goblin":64,"minecraft:leave_game":2,"minecraft:time_since_death":325634,"minecraft:climb_one_cm":2017,"minecraft:sprint_one_cm":192906,"minecraft:walk_one_cm":555069,"minecraft:drop":67,"minecraft:talked_to_villager":4,"minecraft:play_time":325634,"minecraft:sneak_time":8742,"minecraft:walk_under_water_one_cm":30721,"minecraft:jump":2591,"minecraft:walk_on_water_one_cm":76870,"minecraft:enchant_item":5,"minecraft:total_world_time":325634,"minecraft:interact_with_furnace":92,"minecraft:sleep_in_bed":2,"minecraft:time_since_rest":256447,"minecraft:damage_taken":2481,"minecraft:damage_dealt":9756,"minecraft:swim_one_cm":102796,"minecraft:fly_one_cm":282800,"minecraft:open_chest":37,"minecraft:crouch_one_cm":20589,"minecraft:fall_one_cm":60167},"minecraft:used":{"everycomp:q/regions_unexplored/blue_bioshroom_chest":5,"minecraft:stone_sword":118,"minecraft:redstone":3,"create:veridium":3,"gourmet:variety_dessert_platter":5,"minecraft:torch":118,"minecraft:dirt":5,"regions_unexplored:argillite":1,"minecraft:carrot":2,"regions_unexplored:mauve_sapling":3,"minecraft:tuff":10,"minecraft:granite":23,"minecraft:axolotl_bucket":1,"miners_delight:baked_tentacles":23,"farmersdelight:tomato":6,"alexsmobs:lobster_tail":5,"quark:deepslate_furnace":5,"miners_delight:tentacles":5,"minecraft:furnace":11,"minecraft:egg":2,"minecraft:cooked_beef":6,"minecraft:cobbled_deepslate":450,"minecraft:water_bucket":88,"minecraft:diorite":1,"minecraft:blackstone":7,"minecraft:stone_pickaxe":132,"minecraft:wooden_pickaxe":16,"culturaldelights:cooked_squid":6,"minecraft:diamond_axe":26,"minecraft:crafting_table":7,"regions_unexplored:dusktrap":3,"minecraft:white_bed":2,"minecraft:diamond_pickaxe":2791,"minecraft:bread":7,"minecraft:iron_pickaxe":534,"minecraft:gravel":2,"minecraft:stone_axe":47,"minecraft:nether_wart_block":1,"minecraft:coal_block":23,"minecraft:diamond_sword":177,"minecraft:cobblestone":79,"minecraft:cooked_porkchop":1,"minecraft:bucket":89,"alexsmobs:animal_dictionary":1},"minecraft:killed":{"alexsmobs:lobster":19,"minecraft:zombified_piglin":3,"minecraft:spider":5,"minecraft:skeleton":7,"minecraft:axolotl":1,"alexsmobs:straddler":3,"alexsmobs:soul_vulture":1,"minecraft:magma_cube":13,"minecraft:pig":3,"minecraft:zombie_villager":1,"quark:foxhound":2,"alexsmobs:seal":1,"minecraft:iron_golem":1,"alexsmobs:stradpole":4,"minecraft:hoglin":1,"minecraft:creeper":2,"alexsmobs:crimson_mosquito":1,"minecraft:zombie":5,"minecraft:enderman":1},"minecraft:mined":{"regions_unexplored:glistering_sprout":24,"create:zinc_ore":10,"create:deepslate_zinc_ore":37,"minecraft:tuff":132,"minecraft:white_bed":1,"minecraft:deepslate_diamond_ore":91,"regions_unexplored:dusktrap":4,"farmersrespite:wither_roots":2,"minecraft:granite":84,"regions_unexplored:yellow_bioshroom_stem":1,"farmersrespite:wild_coffee_bush":2,"minecraft:grass_block":9,"regions_unexplored:glistering_fern":1,"creatingspace:deepslate_nickel_ore":6,"create_new_age:thorium_ore":49,"minecraft:redstone_wire":2,"createmetallurgy:wolframite_ore":2,"minecraft:crimson_fungus":1,"regions_unexplored:raw_redstone_block":5,"minecraft:coal_block":2,"regions_unexplored:overgrown_bone_block":5,"regions_unexplored:yellow_bioshroom":1,"regions_unexplored:blue_bioshroom_block":2,"regions_unexplored:argillite":3,"minecraft:redstone_ore":4,"regions_unexplored:pointed_redstone":1,"minecraft:glowstone":34,"minecraft:furnace":5,"minecraft:cobbled_deepslate":7,"minecraft:iron_ore":87,"minecraft:fire":18,"regions_unexplored:glister_spire":2,"create:scorchia":1,"minecraft:andesite":26,"minecraft:deepslate_lapis_ore":41,"createindustry:lead_ore":16,"minecraft:shroomlight":2,"minecraft:deepslate_iron_ore":39,"minecraft:warped_stem":8,"createindustry:sulfur":16,"createindustry:deepslate_nickel_ore":18,"regions_unexplored:ash_vent":2,"regions_unexplored:medium_grass":1,"minecraft:bone_block":19,"create:veridium":4,"minecraft:stone":485,"regions_unexplored:redstone_bulb":1,"regions_unexplored:mauve_sapling":1,"regions_unexplored:deepslate_viridescent_nylium":2,"minecraft:deepslate_redstone_ore":167,"regions_unexplored:tall_yellow_bioshroom":1,"creatingspace:nickel_ore":25,"minecraft:blackstone":15,"minecraft:basalt":46,"create_new_age:magnetite_block":1,"minecraft:crafting_table":2,"minecraft:torch":9,"everycomp:q/regions_unexplored/blue_bioshroom_chest":3,"minecraft:calcite":1,"minecraft:nether_quartz_ore":29,"minecraft:copper_ore":17,"minecraft:tall_grass":4,"minecraft:cobblestone":6,"regions_unexplored:mauve_log":14,"minecraft:deepslate_gold_ore":47,"minecraft:lapis_ore":1,"minecraft:sugar_cane":8,"minecraft:diorite":29,"minecraft:wall_torch":2,"regions_unexplored:glister_bulb":2,"minecraft:nether_wart_block":1,"regions_unexplored:redstone_bud":2,"minecraft:wheat":3,"regions_unexplored:glistering_bloom":1,"minecraft:grass":7,"garnished:nut_log":6,"minecraft:oak_log":5,"minecraft:coal_ore":168,"regions_unexplored:blue_bioshroom_stem":27,"createindustry:deepslate_lithium_ore":41,"minecraft:gravel":41,"minecraft:dirt":4,"minecraft:dripstone_block":1,"regions_unexplored:green_bioshroom_stem":2,"regions_unexplored:glistering_ivy":25,"regions_unexplored:glistering_wart":6,"regions_unexplored:glistering_ivy_plant":5,"minecraft:netherrack":82,"regions_unexplored:mycotoxic_grass":1,"minecraft:gold_ore":3,"minecraft:oak_leaves":1,"regions_unexplored:glistering_nylium":6,"minecraft:deepslate":1484},"minecraft:broken":{"minecraft:stone_pickaxe":1,"minecraft:iron_pickaxe":2},"minecraft:picked_up":{"regions_unexplored:tall_yellow_bioshroom":1,"creatingspace:raw_nickel":31,"regions_unexplored:mycotoxic_grass":1,"minecraft:crafting_table":2,"create_new_age:thorium":179,"minecraft:wheat":6,"minecraft:nether_brick_fence":1,"minecraft:wooden_pickaxe":1,"regions_unexplored:glistering_sprout":23,"garnished:ungarnished_macadamia":1,"everycomp:q/regions_unexplored/blue_bioshroom_chest":3,"minecraft:string":5,"minecraft:raw_copper":72,"createindustry:raw_nickel":27,"garnished:ungarnished_almond":1,"create:scorchia":1,"minecraft:shroomlight":2,"minecraft:blackstone":14,"alexsmobs:blood_sac":1,"minecraft:gold_nugget":1,"minecraft:cobbled_deepslate":1299,"minecraft:bucket":1,"regions_unexplored:glister_spire":1,"createindustry:raw_lead":19,"minecraft:calcite":1,"alexsmobs:soul_heart":2,"minecraft:poppy":1,"minecraft:coal_block":2,"minecraft:sugar_cane":14,"minecraft:egg":2,"minecraft:furnace":5,"regions_unexplored:glistering_wart":4,"minecraft:stick":4,"minecraft:raw_iron":140,"miners_delight:tentacles":28,"minecraft:torch":19,"minecraft:porkchop":3,"createcafe:cassava_seeds":1,"createmetallurgy:wolframite_ore":2,"regions_unexplored:raw_redstone_block":4,"minecraft:diorite":27,"minecraft:carrot":1,"minecraft:redstone":807,"regions_unexplored:argillite":3,"regions_unexplored:dusktrap":4,"garnished:ungarnished_chestnut":1,"minecraft:stone_sword":1,"regions_unexplored:redstone_bulb":1,"minecraft:arrow":4,"minecraft:rotten_flesh":7,"regions_unexplored:mauve_sapling":4,"regions_unexplored:mauve_log":14,"minecraft:gold_ingot":1,"culturaldelights:squid":14,"create:veridium":3,"garnished:nut_log":6,"minecraft:bone_block":24,"alexsmobs:lobster_tail":7,"minecraft:cobblestone":477,"regions_unexplored:glistering_fern":1,"minecraft:basalt":47,"garnished:ungarnished_hazelnut":1,"sophisticatedstorage:crafting_upgrade":1,"minecraft:cooked_beef":3,"minecraft:andesite":26,"minecraft:crimson_fungus":1,"farmersrespite:coffee_beans":2,"minecraft:leather":1,"regions_unexplored:blue_bioshroom_stem":25,"garnished:ungarnished_pistachio":5,"alexsmobs:cachalot_whale_tooth":2,"minecraft:flint":7,"minecraft:oak_log":5,"minecraft:tuff":100,"create:raw_zinc":51,"minecraft:nether_wart_block":1,"minecraft:gunpowder":2,"minecraft:lapis_lazuli":323,"farmersdelight:tomato":6,"minecraft:dirt":30,"culturaldelights:glow_squid":1,"minecraft:bone":4,"regions_unexplored:glistering_ivy":20,"createindustry:sulfur":16,"minecraft:bow":1,"minecraft:wheat_seeds":16,"minecraft:warped_stem":6,"minecraft:raw_gold":52,"create_new_age:magnetite_block":1,"minecraft:iron_ingot":4,"regions_unexplored:yellow_bioshroom_stem":1,"regions_unexplored:yellow_bioshroom":1,"minecraft:oak_planks":1,"minecraft:quartz":24,"minecraft:gravel":52,"createindustry:raw_lithium":41,"minecraft:white_bed":2,"minecraft:spider_eye":2,"regions_unexplored:glister_bulb":2,"minecraft:diamond":117,"minecraft:iron_helmet":1,"minecraft:granite":83,"minecraft:netherrack":85,"minecraft:coal":201,"regions_unexplored:pointed_redstone":7,"minecraft:ender_pearl":1,"nethersdelight:hoglin_loin":1,"minecraft:diamond_pickaxe":5}},"DataVersion":3120}