{"stats":{"minecraft:dropped":{"minecraft:diamond":10,"regions_unexplored:glister_spire":1,"sophisticatedstorage:crafting_upgrade":2,"minecraft:leather":4,"alexsmobs:soul_heart":2,"minecraft:emerald":3,"minecraft:dirt":23,"garnished:ungarnished_hazelnut":1,"minecraft:gold_nugget":1,"regions_unexplored:mauve_sapling":1,"regions_unexplored:redstone_bulb":1,"minecraft:gold_ingot":33,"minecraft:gravel":31,"minecraft:crimson_fungus":1,"minecraft:stone_axe":1,"minecraft:cobbled_deepslate":67,"minecraft:rotten_flesh":2,"minecraft:oak_planks":1,"createcafe:cassava_seeds":1,"minecraft:leather_chestplate":1,"minecraft:netherrack":3,"minecraft:iron_ingot":37,"gourmet:variety_dessert_platter":5,"minecraft:wheat_seeds":6,"minecraft:iron_helmet":1,"minecraft:cobblestone":111,"culturaldelights:squid":7,"regions_unexplored:argillite":2,"minecraft:stick":2,"regions_unexplored:glistering_sprout":6,"minecraft:string":4,"minecraft:redstone_block":86,"minecraft:redstone":10,"minecraft:stone_sword":1,"minecraft:raw_copper":72,"minecraft:raw_iron":10,"minecraft:diamond_sword":1,"alexsmobs:lobster_tail":2,"minecraft:diamond_pickaxe":4,"minecraft:spider_eye":1,"minecraft:bow":1,"minecraft:wooden_pickaxe":1,"minecraft:calcite":1},"minecraft:crafted":{"minecraft:oak_planks":20,"sophisticatedbackpacks:crafting_upgrade":1,"quark:deepslate_furnace":1,"everycomp:q/regions_unexplored/mauve_chest":2,"minecraft:diamond_helmet":1,"minecraft:diamond_leggings":1,"minecraft:iron_boots":1,"garnished:nut_planks":24,"minecraft:name_tag":1,"create_dd:coal_piece":280,"regions_unexplored:blue_bioshroom_planks":80,"sophisticatedbackpacks:backpack":1,"minecraft:emerald":31,"minecraft:cooked_porkchop":1,"minecraft:diamond_axe":1,"minecraft:crafting_table":7,"minecraft:wooden_pickaxe":1,"minecraft:iron_helmet":1,"sophisticatedbackpacks:upgrade_base":1,"minecraft:paper":12,"minecraft:diamond_pickaxe":1,"sophisticatedbackpacks:diamond_backpack":2,"minecraft:stick":104,"everycomp:q/regions_unexplored/blue_bioshroom_chest":2,"minecraft:iron_ingot":80,"minecraft:iron_pickaxe":3,"minecraft:stone_sword":1,"minecraft:gold_ingot":41,"minecraft:shears":1,"minecraft:coal":35,"minecraft:furnace":6,"createindustry:lithium_ingot":41,"sophisticatedstorage:upgrade_base":1,"regions_unexplored:mauve_planks":24,"shieldexp:diamond_shield":1,"minecraft:stone_pickaxe":1,"minecraft:diamond_boots":1,"sophisticatedbackpacks:iron_backpack":1,"minecraft:cooked_beef":3,"minecraft:diamond_sword":1,"everycomp:q/garnished/nut_chest":1,"culturaldelights:cooked_squid":6,"sophisticatedstorage:crafting_upgrade":1,"miners_delight:baked_tentacles":23,"sophisticatedbackpacks:gold_backpack":1,"minecraft:stone_axe":2,"minecraft:air":0,"minecraft:blue_dye":1,"minecraft:flint":20,"minecraft:iron_leggings":1,"minecraft:torch":164,"minecraft:lapis_lazuli":9},"minecraft:custom":{"minecraft:interact_with_crafting_table":48,"goblintraders:trade_with_goblin":64,"minecraft:leave_game":2,"minecraft:time_since_death":361634,"minecraft:sprint_one_cm":222197,"minecraft:drop":74,"minecraft:talked_to_villager":4,"minecraft:play_time":361634,"minecraft:jump":2954,"minecraft:walk_on_water_one_cm":76870,"minecraft:enchant_item":5,"minecraft:interact_with_furnace":92,"minecraft:sleep_in_bed":2,"minecraft:damage_dealt":12766,"minecraft:crouch_one_cm":40185,"minecraft:mob_kills":94,"minecraft:climb_one_cm":2017,"minecraft:walk_one_cm":622050,"minecraft:sneak_time":15264,"minecraft:walk_under_water_one_cm":30721,"minecraft:total_world_time":361634,"minecraft:time_since_rest":292447,"minecraft:damage_taken":2806,"minecraft:trigger_trapped_chest":8,"minecraft:swim_one_cm":102796,"minecraft:fly_one_cm":311179,"minecraft:open_chest":37,"minecraft:fall_one_cm":68105},"minecraft:used":{"everycomp:q/regions_unexplored/blue_bioshroom_chest":5,"gourmet:variety_dessert_platter":7,"regions_unexplored:argillite":1,"minecraft:carrot":2,"regions_unexplored:mauve_sapling":3,"minecraft:tuff":10,"minecraft:axolotl_bucket":1,"miners_delight:baked_tentacles":23,"farmersdelight:tomato":6,"alexsmobs:lobster_tail":5,"quark:deepslate_furnace":5,"minecraft:furnace":11,"minecraft:egg":2,"minecraft:diorite":1,"minecraft:stone_pickaxe":132,"minecraft:blackstone":7,"minecraft:wooden_pickaxe":16,"culturaldelights:cooked_squid":6,"minecraft:diamond_axe":74,"regions_unexplored:dusktrap":3,"minecraft:bread":7,"minecraft:gravel":2,"minecraft:nether_wart_block":1,"minecraft:diamond_sword":245,"minecraft:coal_block":23,"minecraft:stone_sword":118,"minecraft:flint_and_steel":4,"minecraft:redstone":3,"create:veridium":3,"minecraft:torch":118,"minecraft:dirt":5,"minecraft:granite":23,"miners_delight:tentacles":5,"minecraft:cooked_beef":6,"minecraft:cobbled_deepslate":698,"minecraft:water_bucket":88,"minecraft:crafting_table":7,"minecraft:white_bed":2,"minecraft:diamond_pickaxe":2969,"minecraft:iron_pickaxe":534,"minecraft:stone_axe":47,"minecraft:cobblestone":79,"minecraft:cooked_porkchop":1,"minecraft:bucket":89,"alexsmobs:animal_dictionary":1},"minecraft:killed":{"alexsmobs:lobster":19,"minecraft:zombified_piglin":3,"minecraft:spider":5,"minecraft:skeleton":9,"minecraft:axolotl":1,"alexsmobs:straddler":3,"minecraft:magma_cube":13,"minecraft:piglin":1,"minecraft:pig":3,"minecraft:zombie_villager":1,"alexsmobs:seal":1,"minecraft:iron_golem":1,"alexsmobs:stradpole":4,"minecraft:creeper":2,"alexsmobs:crimson_mosquito":4,"minecraft:zombie":5,"alexsmobs:soul_vulture":1,"quark:foxhound":2,"minecraft:hoglin":3,"quark:wraith":8,"minecraft:enderman":1},"minecraft:mined":{"create:deepslate_zinc_ore":37,"minecraft:white_bed":1,"regions_unexplored:brimsprout":12,"regions_unexplored:brimwood_leaves":45,"minecraft:granite":84,"minecraft:chiseled_polished_blackstone":1,"farmersrespite:wild_coffee_bush":2,"minecraft:grass_block":9,"regions_unexplored:yellow_bioshroom_stem":1,"creatingspace:deepslate_nickel_ore":6,"minecraft:purple_stained_glass_pane":1,"minecraft:soul_soil":4,"minecraft:coal_block":2,"minecraft:crimson_fungus":1,"minecraft:red_stained_glass_pane":6,"minecraft:gilded_blackstone":2,"minecraft:spawner":4,"regions_unexplored:yellow_bioshroom":1,"createmetallurgy:wolframite_ore":7,"regions_unexplored:blue_bioshroom_block":2,"minecraft:polished_blackstone_bricks":3,"minecraft:glowstone":34,"regions_unexplored:pointed_redstone":1,"minecraft:iron_ore":87,"minecraft:fire":24,"minecraft:cobbled_deepslate":10,"regions_unexplored:glister_spire":2,"minecraft:deepslate_lapis_ore":41,"createindustry:sulfur":16,"regions_unexplored:dorcel":1,"garnished:soul_roots":1,"create:veridium":4,"regions_unexplored:mauve_sapling":1,"minecraft:deepslate_redstone_ore":167,"creatingspace:nickel_ore":25,"minecraft:blackstone":24,"regions_unexplored:stripped_brimwood_log":1,"minecraft:torch":9,"minecraft:calcite":1,"minecraft:nether_quartz_ore":33,"minecraft:cobblestone":6,"supplementaries:blackstone_tile_stairs":1,"minecraft:sugar_cane":8,"minecraft:wall_torch":2,"regions_unexplored:glister_bulb":2,"minecraft:nether_wart_block":2,"minecraft:wheat":3,"regions_unexplored:glistering_bloom":1,"minecraft:grass":7,"minecraft:oak_log":5,"regions_unexplored:blue_bioshroom_stem":27,"createindustry:deepslate_lithium_ore":41,"minecraft:dirt":4,"regions_unexplored:glistering_ivy":25,"minecraft:netherrack":181,"minecraft:oak_leaves":1,"regions_unexplored:glistering_nylium":6,"regions_unexplored:mycotoxic_grass":1,"minecraft:deepslate":1484,"regions_unexplored:glistering_sprout":24,"create:zinc_ore":10,"minecraft:tuff":132,"minecraft:deepslate_diamond_ore":91,"minecraft:red_stained_glass":18,"regions_unexplored:dusktrap":4,"farmersrespite:wither_roots":2,"regions_unexplored:glistering_fern":1,"minecraft:crimson_roots":2,"create_new_age:thorium_ore":49,"minecraft:redstone_wire":2,"minecraft:soul_campfire":9,"regions_unexplored:overgrown_bone_block":5,"regions_unexplored:raw_redstone_block":5,"regions_unexplored:brimwood_log_magma":3,"regions_unexplored:argillite":3,"minecraft:redstone_ore":4,"minecraft:furnace":5,"create:scorchia":1,"minecraft:andesite":26,"createindustry:lead_ore":16,"minecraft:deepslate_iron_ore":39,"minecraft:shroomlight":2,"minecraft:warped_stem":8,"createindustry:deepslate_nickel_ore":18,"regions_unexplored:ash_vent":2,"regions_unexplored:medium_grass":1,"minecraft:stone":485,"minecraft:bone_block":19,"regions_unexplored:deepslate_viridescent_nylium":2,"regions_unexplored:brimsprout_nylium":5,"regions_unexplored:redstone_bulb":1,"regions_unexplored:tall_yellow_bioshroom":1,"minecraft:soul_sand":1,"regions_unexplored:brimwood_log":3,"minecraft:basalt":46,"create_new_age:magnetite_block":1,"minecraft:crafting_table":2,"supplementaries:blackstone_tile_slab":1,"everycomp:q/regions_unexplored/blue_bioshroom_chest":3,"minecraft:warped_roots":1,"minecraft:tall_grass":4,"minecraft:copper_ore":17,"regions_unexplored:mauve_log":14,"minecraft:lapis_ore":1,"minecraft:deepslate_gold_ore":47,"minecraft:diorite":29,"regions_unexplored:redstone_bud":2,"garnished:nut_log":6,"minecraft:coal_ore":168,"minecraft:gravel":41,"minecraft:dripstone_block":1,"regions_unexplored:green_bioshroom_stem":2,"regions_unexplored:glistering_wart":6,"minecraft:polished_blackstone":3,"regions_unexplored:glistering_ivy_plant":5,"minecraft:gold_ore":3,"minecraft:iron_trapdoor":8},"minecraft:broken":{"minecraft:stone_pickaxe":1,"minecraft:iron_pickaxe":2},"minecraft:picked_up":{"regions_unexplored:pointed_redstone":7,"minecraft:wheat":6,"minecraft:iron_trapdoor":8,"minecraft:nether_brick_fence":1,"minecraft:diamond_sword":1,"regions_unexplored:glistering_sprout":23,"garnished:ungarnished_macadamia":1,"minecraft:gilded_blackstone":2,"minecraft:string":5,"minecraft:soul_soil":9,"createindustry:raw_nickel":27,"minecraft:raw_copper":72,"garnished:ungarnished_almond":1,"minecraft:shroomlight":2,"alexsmobs:blood_sac":3,"minecraft:gold_nugget":1,"minecraft:cobbled_deepslate":1302,"minecraft:bucket":1,"createindustry:raw_lead":19,"minecraft:calcite":1,"minecraft:coal_block":2,"minecraft:furnace":5,"minecraft:stick":4,"miners_delight:tentacles":28,"minecraft:torch":19,"minecraft:porkchop":3,"createcafe:cassava_seeds":1,"createmetallurgy:wolframite_ore":6,"minecraft:diorite":27,"regions_unexplored:raw_redstone_block":4,"garnished:ungarnished_chestnut":1,"regions_unexplored:argillite":3,"minecraft:stone_sword":1,"minecraft:rotten_flesh":7,"regions_unexplored:mauve_log":14,"create:veridium":3,"garnished:nut_log":6,"alexsmobs:lobster_tail":7,"minecraft:cobblestone":477,"sophisticatedstorage:crafting_upgrade":1,"minecraft:cooked_beef":3,"minecraft:andesite":26,"garnished:ungarnished_pistachio":5,"minecraft:flint":7,"minecraft:tuff":100,"create:raw_zinc":51,"farmersrespite:coffee_beans":2,"minecraft:dirt":30,"minecraft:lapis_lazuli":323,"farmersdelight:tomato":6,"culturaldelights:glow_squid":1,"minecraft:bone":4,"createindustry:sulfur":16,"minecraft:bow":1,"minecraft:wheat_seeds":16,"minecraft:raw_gold":52,"create_new_age:magnetite_block":1,"quark:soul_bead":6,"regions_unexplored:yellow_bioshroom_stem":1,"minecraft:oak_planks":1,"createindustry:raw_lithium":41,"regions_unexplored:glister_bulb":2,"minecraft:diamond":117,"quark:red_shard":36,"minecraft:granite":83,"minecraft:netherrack":88,"minecraft:crimson_roots":1,"minecraft:diamond_pickaxe":5,"nethersdelight:hoglin_loin":4,"regions_unexplored:tall_yellow_bioshroom":1,"creatingspace:raw_nickel":31,"minecraft:crafting_table":2,"create_new_age:thorium":179,"regions_unexplored:mycotoxic_grass":1,"minecraft:wooden_pickaxe":1,"everycomp:q/regions_unexplored/blue_bioshroom_chest":3,"create:scorchia":1,"minecraft:blackstone":21,"alexsmobs:soul_heart":2,"minecraft:poppy":1,"minecraft:sugar_cane":14,"regions_unexplored:glister_spire":1,"minecraft:egg":2,"regions_unexplored:glistering_wart":4,"minecraft:raw_iron":140,"minecraft:polished_blackstone_bricks":3,"minecraft:carrot":1,"minecraft:redstone":807,"regions_unexplored:dusktrap":4,"minecraft:weeping_vines":2,"minecraft:arrow":4,"regions_unexplored:mauve_sapling":4,"regions_unexplored:redstone_bulb":1,"culturaldelights:squid":14,"minecraft:gold_ingot":1,"minecraft:polished_blackstone":2,"minecraft:bone_block":24,"regions_unexplored:glistering_fern":1,"garnished:ungarnished_hazelnut":1,"minecraft:basalt":47,"minecraft:leather":1,"regions_unexplored:blue_bioshroom_stem":25,"alexsmobs:cachalot_whale_tooth":2,"minecraft:crimson_fungus":1,"minecraft:oak_log":5,"minecraft:nether_wart_block":2,"minecraft:gunpowder":2,"regions_unexplored:glistering_ivy":20,"minecraft:warped_stem":6,"minecraft:iron_ingot":4,"regions_unexplored:brimwood_log":4,"regions_unexplored:yellow_bioshroom":1,"minecraft:quartz":28,"minecraft:gravel":52,"minecraft:white_bed":2,"minecraft:spider_eye":2,"minecraft:iron_helmet":1,"minecraft:coal":201,"minecraft:ender_pearl":1}},"DataVersion":3120}