{"stats":{"minecraft:broken":{"minecraft:stone_pickaxe":1,"minecraft:iron_pickaxe":2},"minecraft:picked_up":{"creatingspace:raw_nickel":3,"minecraft:crafting_table":2,"create_new_age:thorium":89,"regions_unexplored:blue_bioshroom_stem":25,"alexsmobs:cachalot_whale_tooth":2,"minecraft:flint":2,"minecraft:tuff":10,"create:raw_zinc":23,"minecraft:oak_log":5,"minecraft:dirt":25,"createindustry:raw_nickel":3,"culturaldelights:glow_squid":1,"minecraft:bow":1,"minecraft:wheat_seeds":6,"minecraft:cobbled_deepslate":360,"minecraft:raw_gold":13,"minecraft:bucket":1,"minecraft:calcite":1,"minecraft:furnace":5,"minecraft:raw_iron":25,"miners_delight:tentacles":28,"minecraft:torch":10,"minecraft:gravel":31,"minecraft:porkchop":1,"createcafe:cassava_seeds":1,"createindustry:raw_lithium":41,"minecraft:white_bed":2,"minecraft:carrot":1,"minecraft:redstone":197,"regions_unexplored:argillite":3,"regions_unexplored:dusktrap":3,"minecraft:arrow":2,"minecraft:rotten_flesh":2,"minecraft:diamond":22,"minecraft:granite":23,"culturaldelights:squid":7,"minecraft:coal":35,"alexsmobs:lobster_tail":7,"minecraft:cobblestone":129,"minecraft:diamond_pickaxe":1},"minecraft:custom":{"minecraft:interact_with_furnace":28,"minecraft:mob_kills":24,"minecraft:interact_with_crafting_table":15,"minecraft:time_since_death":92270,"minecraft:sleep_in_bed":2,"minecraft:time_since_rest":23083,"minecraft:sprint_one_cm":31121,"minecraft:damage_taken":628,"minecraft:walk_one_cm":187994,"minecraft:drop":17,"minecraft:damage_dealt":1555,"minecraft:talked_to_villager":4,"minecraft:swim_one_cm":76243,"minecraft:fly_one_cm":56408,"minecraft:open_chest":1,"minecraft:crouch_one_cm":1330,"minecraft:play_time":92270,"minecraft:sneak_time":688,"minecraft:walk_under_water_one_cm":11626,"minecraft:jump":782,"minecraft:walk_on_water_one_cm":59680,"minecraft:total_world_time":92270,"minecraft:fall_one_cm":12683},"minecraft:used":{"minecraft:water_bucket":64,"minecraft:stone_sword":56,"minecraft:stone_pickaxe":132,"minecraft:wooden_pickaxe":16,"minecraft:torch":25,"minecraft:dirt":4,"regions_unexplored:argillite":1,"minecraft:crafting_table":3,"minecraft:carrot":2,"regions_unexplored:dusktrap":2,"minecraft:white_bed":2,"minecraft:tuff":10,"minecraft:granite":23,"minecraft:diamond_pickaxe":317,"alexsmobs:lobster_tail":5,"minecraft:bread":7,"minecraft:iron_pickaxe":533,"minecraft:stone_axe":36,"minecraft:cobblestone":14,"miners_delight:tentacles":5,"minecraft:furnace":5,"minecraft:cooked_porkchop":1,"minecraft:bucket":65,"alexsmobs:animal_dictionary":1,"minecraft:cobbled_deepslate":170},"minecraft:dropped":{"minecraft:gravel":31,"minecraft:stone_axe":1,"minecraft:wheat_seeds":6,"minecraft:cobbled_deepslate":67,"minecraft:diamond":7,"minecraft:rotten_flesh":2,"regions_unexplored:argillite":2,"minecraft:stick":2,"createcafe:cassava_seeds":1,"minecraft:emerald":3,"minecraft:dirt":21,"alexsmobs:lobster_tail":2,"minecraft:bow":1,"minecraft:calcite":1},"minecraft:killed":{"alexsmobs:lobster":19,"minecraft:pig":1,"minecraft:zombie_villager":1,"minecraft:skeleton":1,"minecraft:zombie":1,"minecraft:axolotl":1},"minecraft:mined":{"minecraft:deepslate_redstone_ore":48,"create:deepslate_zinc_ore":23,"minecraft:tuff":42,"minecraft:white_bed":1,"creatingspace:nickel_ore":1,"minecraft:deepslate_diamond_ore":22,"minecraft:basalt":1,"regions_unexplored:dusktrap":3,"minecraft:crafting_table":2,"minecraft:torch":7,"minecraft:granite":23,"minecraft:grass_block":6,"minecraft:calcite":1,"creatingspace:deepslate_nickel_ore":2,"create_new_age:thorium_ore":25,"minecraft:tall_grass":2,"minecraft:deepslate_gold_ore":13,"regions_unexplored:blue_bioshroom_block":2,"minecraft:wall_torch":1,"regions_unexplored:argillite":3,"minecraft:furnace":5,"minecraft:iron_ore":15,"minecraft:wheat":3,"minecraft:grass":5,"minecraft:coal_ore":18,"minecraft:oak_log":5,"regions_unexplored:blue_bioshroom_stem":27,"minecraft:deepslate_iron_ore":10,"createindustry:deepslate_lithium_ore":41,"minecraft:gravel":13,"minecraft:dripstone_block":1,"minecraft:dirt":3,"regions_unexplored:green_bioshroom_stem":2,"createindustry:deepslate_nickel_ore":3,"regions_unexplored:ash_vent":2,"minecraft:stone":135,"regions_unexplored:deepslate_viridescent_nylium":2,"minecraft:deepslate":544},"minecraft:crafted":{"minecraft:oak_planks":20,"minecraft:cooked_porkchop":1,"minecraft:crafting_table":1,"minecraft:wooden_pickaxe":1,"minecraft:iron_helmet":1,"minecraft:furnace":2,"minecraft:stone_axe":2,"minecraft:air":0,"minecraft:iron_boots":1,"minecraft:stick":20,"minecraft:iron_ingot":25,"minecraft:iron_pickaxe":3,"minecraft:stone_pickaxe":1,"minecraft:stone_sword":1,"minecraft:iron_leggings":1,"minecraft:torch":12}},"DataVersion":3120}