{"stats":{"minecraft:killed":{"minecraft:pig":5,"minecraft:spider":1,"minecraft:creeper":1,"minecraft:skeleton":5,"minecraft:horse":5,"minecraft:sheep":5,"minecraft:zombie":19,"minecraft:chicken":5,"alexsmobs:fly":1,"minecraft:enderman":1},"minecraft:crafted":{"minecraft:red_dye":1,"minecraft:oak_planks":52,"sophisticatedbackpacks:backpack":1,"minecraft:cooked_porkchop":10,"minecraft:crafting_table":1,"minecraft:purple_bed":1,"minecraft:wooden_pickaxe":1,"minecraft:iron_helmet":1,"minecraft:cooked_chicken":5,"minecraft:iron_sword":1,"minecraft:furnace":1,"minecraft:stone_axe":1,"minecraft:cooked_mutton":6,"minecraft:air":0,"minecraft:blue_dye":1,"minecraft:iron_chestplate":1,"minecraft:purple_dye":2,"minecraft:stick":16,"quark:oak_chest":1,"minecraft:iron_ingot":27,"minecraft:iron_pickaxe":1,"minecraft:stone_pickaxe":2,"minecraft:iron_leggings":1,"minecraft:torch":48},"minecraft:broken":{"minecraft:stone_pickaxe":2},"minecraft:custom":{"minecraft:interact_with_furnace":9,"minecraft:mob_kills":49,"minecraft:interact_with_crafting_table":15,"minecraft:bell_ring":10,"minecraft:leave_game":1,"minecraft:time_since_death":27375,"minecraft:sleep_in_bed":4,"minecraft:climb_one_cm":1374,"minecraft:time_since_rest":27626,"minecraft:sprint_one_cm":284347,"minecraft:damage_taken":1584,"minecraft:walk_one_cm":288440,"minecraft:drop":9,"minecraft:damage_dealt":8029,"minecraft:swim_one_cm":28139,"minecraft:talked_to_villager":4,"minecraft:fly_one_cm":271086,"minecraft:open_chest":7,"minecraft:crouch_one_cm":5195,"minecraft:play_time":92691,"minecraft:deaths":1,"minecraft:sneak_time":2431,"minecraft:walk_under_water_one_cm":12434,"minecraft:jump":1560,"minecraft:interact_with_blast_furnace":10,"minecraft:walk_on_water_one_cm":17163,"minecraft:total_world_time":92691,"minecraft:fall_one_cm":54007},"minecraft:used":{"minecraft:cooked_mutton":6,"minecraft:stone_pickaxe":260,"minecraft:wooden_pickaxe":40,"minecraft:iron_sword":83,"minecraft:cooked_chicken":5,"minecraft:torch":45,"minecraft:glow_berries":6,"minecraft:dirt":35,"minecraft:crafting_table":7,"minecraft:carrot":22,"minecraft:white_bed":1,"minecraft:iron_pickaxe":36,"minecraft:stone_axe":70,"minecraft:cobblestone":20,"minecraft:purple_bed":2,"minecraft:furnace":1,"minecraft:cooked_porkchop":4,"minecraft:egg":4,"delightful:acorn":4},"minecraft:dropped":{"minecraft:wheat_seeds":8,"minecraft:leather":1,"minecraft:purple_dye":1,"minecraft:cod":2,"createcafe:cassava_seeds":2,"minecraft:torch":28,"minecraft:oak_sapling":8},"minecraft:picked_up":{"minecraft:crafting_table":7,"minecraft:wheat":1,"create_new_age:thorium":80,"minecraft:feather":9,"minecraft:chicken":5,"minecraft:leather":5,"create:raw_zinc":12,"minecraft:oak_log":13,"minecraft:gunpowder":1,"minecraft:string":4,"minecraft:dirt":35,"minecraft:lapis_lazuli":51,"minecraft:cornflower":1,"delightful:mini_melon":1,"minecraft:wheat_seeds":16,"delightful:acorn":4,"minecraft:iron_ingot":1,"minecraft:calcite":1,"minecraft:poppy":1,"minecraft:light_gray_wool":1,"minecraft:oak_planks":14,"minecraft:egg":4,"minecraft:furnace":1,"minecraft:stick":7,"minecraft:raw_iron":44,"minecraft:torch":39,"createcafe:cassava_seeds":2,"minecraft:porkchop":10,"minecraft:diorite":7,"minecraft:white_bed":2,"minecraft:carrot":15,"minecraft:redstone":19,"minecraft:mossy_cobblestone":1,"minecraft:arrow":7,"minecraft:purple_bed":1,"minecraft:rotten_flesh":13,"createcafe:coffee_beans":1,"minecraft:gray_wool":1,"minecraft:oak_sapling":8,"minecraft:cod":2,"minecraft:mutton":7,"minecraft:coal":60,"minecraft:white_wool":3,"minecraft:cobblestone":163},"minecraft:mined":{"create:zinc_ore":12,"minecraft:deepslate_redstone_ore":4,"minecraft:white_bed":2,"minecraft:crafting_table":7,"minecraft:cornflower":1,"minecraft:torch":4,"minecraft:calcite":1,"minecraft:grass_block":8,"minecraft:poppy":1,"create_new_age:thorium_ore":22,"minecraft:cobblestone":3,"minecraft:tall_grass":1,"minecraft:lapis_ore":8,"minecraft:oak_planks":5,"minecraft:diorite":7,"minecraft:wall_torch":7,"minecraft:purple_bed":1,"minecraft:furnace":1,"minecraft:carrots":6,"minecraft:iron_ore":30,"minecraft:wheat":4,"regions_unexplored:mossy_stone":1,"minecraft:birch_leaves":2,"garnished:voltaic_sea_grass":3,"minecraft:deepslate_iron_ore":15,"minecraft:grass":13,"minecraft:oak_log":13,"minecraft:coal_ore":61,"delightful:mini_melon":1,"minecraft:dirt":13,"minecraft:cobweb":4,"minecraft:stone":160,"create:veridium":1,"minecraft:deepslate":2,"minecraft:oak_leaves":1}},"DataVersion":3120}