{"stats":{"minecraft:picked_up":{"minecraft:raw_iron":5,"minecraft:stick":7,"minecraft:crafting_table":3,"create_new_age:thorium":42,"minecraft:wheat":1,"minecraft:feather":9,"minecraft:chicken":5,"minecraft:leather":2,"minecraft:torch":4,"minecraft:porkchop":3,"minecraft:oak_log":13,"minecraft:white_bed":2,"minecraft:carrot":15,"minecraft:cornflower":1,"minecraft:dirt":25,"minecraft:rotten_flesh":6,"createcafe:coffee_beans":1,"minecraft:wheat_seeds":8,"delightful:acorn":4,"minecraft:gray_wool":1,"minecraft:poppy":1,"minecraft:light_gray_wool":1,"minecraft:oak_sapling":8,"minecraft:mutton":7,"minecraft:coal":38,"minecraft:white_wool":3,"minecraft:cobblestone":100,"minecraft:egg":4},"minecraft:custom":{"minecraft:time_since_rest":16932,"minecraft:sprint_one_cm":88743,"minecraft:damage_taken":400,"minecraft:walk_one_cm":90794,"minecraft:mob_kills":22,"minecraft:damage_dealt":2819,"minecraft:interact_with_crafting_table":3,"minecraft:fly_one_cm":61229,"minecraft:open_chest":2,"minecraft:crouch_one_cm":3953,"minecraft:play_time":34672,"minecraft:sneak_time":1888,"minecraft:bell_ring":4,"minecraft:jump":460,"minecraft:walk_on_water_one_cm":1083,"minecraft:interact_with_blast_furnace":1,"minecraft:leave_game":1,"minecraft:time_since_death":34672,"minecraft:sleep_in_bed":3,"minecraft:climb_one_cm":1374,"minecraft:total_world_time":34672,"minecraft:fall_one_cm":12150},"minecraft:used":{"minecraft:stone_pickaxe":125,"minecraft:wooden_pickaxe":34,"minecraft:stone_axe":47,"minecraft:torch":2,"minecraft:dirt":25,"minecraft:cobblestone":15,"minecraft:crafting_table":3,"minecraft:carrot":21,"minecraft:white_bed":1,"delightful:acorn":2},"minecraft:killed":{"minecraft:horse":1,"minecraft:sheep":5,"minecraft:zombie":8,"minecraft:pig":2,"minecraft:chicken":5,"minecraft:spider":1},"minecraft:mined":{"minecraft:white_bed":2,"minecraft:carrots":6,"minecraft:iron_ore":5,"minecraft:wheat":4,"minecraft:birch_leaves":2,"minecraft:cornflower":1,"minecraft:crafting_table":3,"minecraft:torch":2,"minecraft:grass":10,"minecraft:coal_ore":38,"minecraft:grass_block":1,"minecraft:oak_log":13,"minecraft:poppy":1,"create_new_age:thorium_ore":12,"minecraft:dirt":11,"minecraft:tall_grass":1,"minecraft:stone":99,"minecraft:oak_leaves":1,"minecraft:wall_torch":2},"minecraft:crafted":{"minecraft:blue_dye":1,"minecraft:red_dye":1,"minecraft:oak_planks":32,"minecraft:purple_dye":2,"minecraft:crafting_table":1,"minecraft:purple_bed":1,"minecraft:stick":4,"minecraft:stone_pickaxe":1,"minecraft:wooden_pickaxe":1,"minecraft:stone_axe":1}},"DataVersion":3120}