{"stats":{"minecraft:broken":{"minecraft:stone_pickaxe":1},"minecraft:picked_up":{"minecraft:crafting_table":4,"minecraft:wheat":1,"create_new_age:thorium":42,"minecraft:feather":9,"minecraft:chicken":5,"minecraft:leather":2,"minecraft:oak_log":13,"minecraft:cornflower":1,"minecraft:dirt":26,"minecraft:wheat_seeds":8,"delightful:acorn":4,"minecraft:poppy":1,"minecraft:light_gray_wool":1,"minecraft:egg":4,"minecraft:stick":7,"minecraft:raw_iron":27,"minecraft:torch":4,"minecraft:porkchop":10,"minecraft:carrot":15,"minecraft:white_bed":2,"minecraft:mossy_cobblestone":1,"minecraft:rotten_flesh":8,"createcafe:coffee_beans":1,"minecraft:gray_wool":1,"minecraft:oak_sapling":8,"minecraft:mutton":7,"minecraft:coal":51,"minecraft:white_wool":3,"minecraft:cobblestone":113},"minecraft:custom":{"minecraft:interact_with_furnace":7,"minecraft:mob_kills":27,"minecraft:interact_with_crafting_table":6,"minecraft:bell_ring":4,"minecraft:leave_game":1,"minecraft:time_since_death":46672,"minecraft:sleep_in_bed":4,"minecraft:climb_one_cm":1374,"minecraft:time_since_rest":2151,"minecraft:sprint_one_cm":128282,"minecraft:damage_taken":475,"minecraft:walk_one_cm":121723,"minecraft:damage_dealt":3339,"minecraft:talked_to_villager":2,"minecraft:fly_one_cm":116170,"minecraft:open_chest":2,"minecraft:crouch_one_cm":4061,"minecraft:play_time":46672,"minecraft:sneak_time":1999,"minecraft:walk_under_water_one_cm":1436,"minecraft:jump":702,"minecraft:interact_with_blast_furnace":1,"minecraft:walk_on_water_one_cm":1246,"minecraft:total_world_time":46672,"minecraft:fall_one_cm":24565},"minecraft:used":{"minecraft:stone_pickaxe":175,"minecraft:wooden_pickaxe":34,"minecraft:torch":3,"minecraft:dirt":25,"minecraft:crafting_table":5,"minecraft:carrot":22,"minecraft:white_bed":1,"minecraft:stone_axe":54,"minecraft:cobblestone":18,"minecraft:purple_bed":1,"minecraft:furnace":1,"minecraft:cooked_porkchop":1,"delightful:acorn":4},"minecraft:killed":{"minecraft:pig":5,"minecraft:spider":1,"minecraft:sheep":5,"minecraft:horse":1,"minecraft:zombie":9,"minecraft:chicken":5,"alexsmobs:fly":1},"minecraft:mined":{"minecraft:white_bed":2,"minecraft:crafting_table":4,"minecraft:cornflower":1,"minecraft:torch":2,"minecraft:grass_block":2,"minecraft:poppy":1,"create_new_age:thorium_ore":12,"minecraft:tall_grass":1,"minecraft:wall_torch":2,"minecraft:carrots":6,"minecraft:iron_ore":27,"minecraft:wheat":4,"regions_unexplored:mossy_stone":1,"minecraft:birch_leaves":2,"minecraft:grass":10,"minecraft:oak_log":13,"minecraft:coal_ore":51,"minecraft:dirt":11,"minecraft:stone":112,"minecraft:oak_leaves":1},"minecraft:crafted":{"minecraft:red_dye":1,"minecraft:oak_planks":32,"minecraft:cooked_porkchop":10,"minecraft:crafting_table":1,"minecraft:purple_bed":1,"minecraft:wooden_pickaxe":1,"minecraft:furnace":1,"minecraft:stone_axe":1,"minecraft:air":0,"minecraft:blue_dye":1,"minecraft:purple_dye":2,"minecraft:stick":4,"minecraft:stone_pickaxe":2}},"DataVersion":3120}