{"stats":{"minecraft:killed":{"minecraft:pig":5,"minecraft:spider":1,"minecraft:creeper":1,"minecraft:skeleton":5,"minecraft:horse":5,"minecraft:sheep":5,"minecraft:zombie":19,"minecraft:chicken":5,"alexsmobs:fly":1,"minecraft:glow_squid":1,"minecraft:enderman":1},"minecraft:crafted":{"minecraft:red_dye":1,"minecraft:oak_planks":52,"minecraft:coal":3,"sophisticatedbackpacks:backpack":1,"minecraft:cooked_porkchop":10,"minecraft:crafting_table":1,"minecraft:purple_bed":1,"minecraft:wooden_pickaxe":1,"minecraft:iron_helmet":1,"minecraft:cooked_chicken":5,"minecraft:iron_sword":1,"minecraft:furnace":1,"minecraft:stone_axe":1,"minecraft:cooked_mutton":6,"minecraft:air":0,"minecraft:blue_dye":1,"minecraft:iron_chestplate":1,"minecraft:purple_dye":2,"minecraft:stick":20,"quark:oak_chest":1,"minecraft:iron_ingot":53,"minecraft:iron_pickaxe":3,"minecraft:stone_pickaxe":2,"minecraft:iron_leggings":1,"minecraft:torch":48,"sophisticatedbackpacks:iron_backpack":1},"minecraft:broken":{"minecraft:stone_pickaxe":2,"minecraft:wooden_pickaxe":1},"minecraft:custom":{"minecraft:interact_with_furnace":12,"minecraft:mob_kills":50,"minecraft:interact_with_crafting_table":18,"goblintraders:trade_with_goblin":12,"minecraft:bell_ring":10,"minecraft:leave_game":1,"minecraft:time_since_death":51375,"minecraft:sleep_in_bed":4,"minecraft:climb_one_cm":1374,"minecraft:time_since_rest":51626,"minecraft:sprint_one_cm":285845,"minecraft:damage_taken":1594,"minecraft:walk_one_cm":361979,"minecraft:drop":12,"minecraft:damage_dealt":8129,"minecraft:swim_one_cm":28434,"minecraft:talked_to_villager":4,"minecraft:fly_one_cm":271529,"minecraft:open_chest":20,"minecraft:crouch_one_cm":5356,"minecraft:play_time":116691,"minecraft:deaths":1,"minecraft:sneak_time":2513,"minecraft:walk_under_water_one_cm":15860,"minecraft:jump":1754,"minecraft:interact_with_blast_furnace":10,"minecraft:walk_on_water_one_cm":19574,"minecraft:total_world_time":116691,"minecraft:fall_one_cm":54487},"minecraft:used":{"minecraft:cooked_mutton":6,"minecraft:stone_pickaxe":260,"minecraft:wooden_pickaxe":63,"minecraft:iron_sword":85,"minecraft:cooked_chicken":5,"minecraft:torch":67,"minecraft:glow_berries":6,"minecraft:mossy_cobblestone":1,"minecraft:dirt":35,"minecraft:crafting_table":9,"minecraft:carrot":22,"minecraft:white_bed":1,"minecraft:bread":1,"minecraft:iron_pickaxe":204,"minecraft:stone_axe":73,"minecraft:cobblestone":60,"minecraft:purple_bed":2,"minecraft:furnace":2,"minecraft:cooked_porkchop":4,"minecraft:egg":4,"delightful:acorn":4},"minecraft:dropped":{"minecraft:wheat_seeds":8,"minecraft:mossy_cobblestone":1,"minecraft:leather":1,"minecraft:purple_dye":1,"minecraft:cod":2,"createcafe:cassava_seeds":2,"minecraft:gray_wool":1,"minecraft:torch":28,"minecraft:oak_sapling":8,"minecraft:white_wool":3},"minecraft:picked_up":{"minecraft:crafting_table":9,"minecraft:wheat":1,"create_new_age:thorium":80,"minecraft:feather":9,"minecraft:chicken":5,"minecraft:leather":5,"minecraft:tuff":14,"create:raw_zinc":12,"minecraft:oak_log":13,"minecraft:gunpowder":1,"minecraft:string":4,"minecraft:dirt":35,"minecraft:lapis_lazuli":51,"minecraft:cornflower":1,"culturaldelights:glow_squid":1,"delightful:mini_melon":1,"minecraft:wheat_seeds":16,"minecraft:cobbled_deepslate":134,"minecraft:raw_gold":16,"delightful:acorn":4,"minecraft:iron_ingot":1,"minecraft:calcite":1,"minecraft:poppy":1,"minecraft:light_gray_wool":1,"minecraft:chest":1,"minecraft:oak_planks":14,"minecraft:egg":4,"minecraft:furnace":2,"minecraft:stick":7,"minecraft:raw_iron":44,"miners_delight:tentacles":2,"minecraft:torch":49,"createcafe:cassava_seeds":2,"minecraft:porkchop":10,"minecraft:diorite":7,"minecraft:white_bed":2,"minecraft:carrot":15,"minecraft:redstone":19,"minecraft:mossy_cobblestone":2,"minecraft:diamond":5,"minecraft:arrow":7,"minecraft:purple_bed":1,"minecraft:rotten_flesh":13,"createcafe:coffee_beans":1,"minecraft:gray_wool":2,"minecraft:oak_sapling":8,"minecraft:cod":2,"minecraft:mutton":7,"minecraft:coal":60,"minecraft:white_wool":6,"minecraft:cobblestone":178},"minecraft:mined":{"minecraft:diamond_ore":5,"create:zinc_ore":12,"minecraft:deepslate_redstone_ore":4,"minecraft:tuff":15,"minecraft:white_bed":2,"minecraft:crafting_table":9,"minecraft:cornflower":1,"minecraft:torch":4,"minecraft:chest":1,"minecraft:calcite":1,"minecraft:grass_block":8,"minecraft:poppy":1,"create_new_age:thorium_ore":22,"minecraft:cobblestone":13,"minecraft:tall_grass":1,"minecraft:deepslate_gold_ore":16,"minecraft:lapis_ore":8,"minecraft:oak_planks":5,"minecraft:diorite":7,"minecraft:wall_torch":14,"minecraft:purple_bed":1,"minecraft:furnace":2,"minecraft:carrots":6,"minecraft:iron_ore":30,"minecraft:wheat":4,"regions_unexplored:mossy_stone":1,"minecraft:birch_leaves":2,"garnished:voltaic_sea_grass":3,"minecraft:deepslate_iron_ore":15,"minecraft:grass":13,"minecraft:oak_log":13,"minecraft:coal_ore":61,"delightful:mini_melon":1,"minecraft:dirt":13,"minecraft:cobweb":4,"minecraft:stone":165,"create:veridium":1,"minecraft:deepslate":136,"minecraft:oak_leaves":1}},"DataVersion":3120}