{"stats":{"minecraft:picked_up":{"minecraft:stick":4,"minecraft:crafting_table":2,"minecraft:wheat":1,"minecraft:torch":3,"minecraft:porkchop":2,"minecraft:oak_log":8,"minecraft:white_bed":2,"minecraft:carrot":15,"minecraft:cornflower":1,"minecraft:dirt":15,"createcafe:coffee_beans":1,"minecraft:wheat_seeds":7,"delightful:acorn":2,"minecraft:gray_wool":1,"minecraft:poppy":1,"minecraft:oak_sapling":4,"minecraft:mutton":1,"minecraft:coal":23,"minecraft:cobblestone":8,"minecraft:egg":1},"minecraft:custom":{"minecraft:time_since_rest":4932,"minecraft:sprint_one_cm":51920,"minecraft:damage_taken":205,"minecraft:walk_one_cm":55396,"minecraft:mob_kills":2,"minecraft:damage_dealt":180,"minecraft:interact_with_crafting_table":3,"minecraft:fly_one_cm":42153,"minecraft:open_chest":2,"minecraft:crouch_one_cm":182,"minecraft:play_time":22672,"minecraft:sneak_time":62,"minecraft:bell_ring":4,"minecraft:jump":224,"minecraft:interact_with_blast_furnace":1,"minecraft:leave_game":1,"minecraft:time_since_death":22672,"minecraft:sleep_in_bed":3,"minecraft:climb_one_cm":1374,"minecraft:total_world_time":22672,"minecraft:fall_one_cm":8280},"minecraft:used":{"minecraft:stone_pickaxe":1,"minecraft:wooden_pickaxe":34,"minecraft:torch":1,"minecraft:crafting_table":3,"minecraft:carrot":9,"minecraft:white_bed":1,"delightful:acorn":2},"minecraft:killed":{"minecraft:sheep":1,"minecraft:pig":1},"minecraft:mined":{"minecraft:white_bed":2,"minecraft:carrots":6,"minecraft:wheat":4,"minecraft:cornflower":1,"minecraft:crafting_table":2,"minecraft:torch":1,"minecraft:grass":6,"minecraft:coal_ore":23,"minecraft:grass_block":1,"minecraft:oak_log":8,"minecraft:poppy":1,"minecraft:tall_grass":1,"minecraft:stone":8,"minecraft:wall_torch":2},"minecraft:crafted":{"minecraft:blue_dye":1,"minecraft:red_dye":1,"minecraft:oak_planks":32,"minecraft:purple_dye":2,"minecraft:crafting_table":1,"minecraft:purple_bed":1,"minecraft:stone_pickaxe":1,"minecraft:wooden_pickaxe":1}},"DataVersion":3120}