{"stats":{"minecraft:killed":{"minecraft:spider":1,"minecraft:horse":7,"minecraft:skeleton":6,"minecraft:chicken":5,"minecraft:pig":6,"minecraft:creeper":1,"minecraft:sheep":8,"minecraft:zombie":19,"alexsmobs:fly":1,"minecraft:glow_squid":1,"minecraft:cow":1,"minecraft:enderman":1},"minecraft:crafted":{"minecraft:oak_planks":52,"minecraft:coal":3,"minecraft:purple_bed":1,"minecraft:cooked_chicken":5,"minecraft:furnace":1,"minecraft:cooked_mutton":6,"minecraft:stone_pickaxe":2,"sophisticatedbackpacks:iron_backpack":2,"minecraft:red_dye":1,"sophisticatedbackpacks:backpack":1,"minecraft:cooked_porkchop":10,"minecraft:crafting_table":1,"minecraft:wooden_pickaxe":1,"minecraft:iron_helmet":1,"minecraft:iron_sword":1,"minecraft:stone_axe":1,"minecraft:air":0,"minecraft:blue_dye":1,"minecraft:iron_chestplate":1,"minecraft:yellow_dye":2,"minecraft:purple_dye":3,"minecraft:stick":20,"quark:oak_chest":1,"minecraft:iron_ingot":53,"minecraft:iron_pickaxe":3,"minecraft:iron_leggings":1,"minecraft:torch":48,"minecraft:shears":1},"minecraft:broken":{"minecraft:wooden_pickaxe":1,"minecraft:stone_pickaxe":2,"minecraft:iron_pickaxe":1},"minecraft:custom":{"minecraft:mob_kills":58,"minecraft:interact_with_crafting_table":20,"goblintraders:trade_with_goblin":12,"minecraft:bell_ring":10,"minecraft:leave_game":1,"minecraft:time_since_death":81375,"minecraft:climb_one_cm":1374,"minecraft:sprint_one_cm":392003,"minecraft:walk_one_cm":423909,"minecraft:drop":12,"minecraft:talked_to_villager":4,"minecraft:play_time":146691,"minecraft:deaths":1,"minecraft:sneak_time":2522,"minecraft:walk_under_water_one_cm":26201,"minecraft:jump":2643,"minecraft:interact_with_blast_furnace":10,"minecraft:walk_on_water_one_cm":30046,"minecraft:total_world_time":146691,"minecraft:interact_with_furnace":15,"minecraft:sleep_in_bed":4,"minecraft:time_since_rest":81626,"minecraft:damage_taken":2072,"minecraft:damage_dealt":9159,"minecraft:swim_one_cm":35963,"minecraft:fly_one_cm":441068,"minecraft:open_chest":40,"minecraft:crouch_one_cm":5413,"minecraft:fall_one_cm":81549},"minecraft:used":{"minecraft:iron_sword":104,"minecraft:cooked_chicken":5,"minecraft:torch":68,"minecraft:dirt":35,"minecraft:carrot":22,"minecraft:oak_sapling":1,"minecraft:furnace":2,"minecraft:egg":4,"minecraft:cobbled_deepslate":8,"minecraft:cooked_mutton":6,"minecraft:stone_pickaxe":260,"minecraft:wooden_pickaxe":63,"minecraft:glow_berries":6,"minecraft:mossy_cobblestone":1,"minecraft:crafting_table":9,"minecraft:white_bed":1,"minecraft:bread":3,"minecraft:iron_pickaxe":257,"extradelight:apple_sauce":1,"minecraft:stone_axe":73,"minecraft:cobblestone":63,"minecraft:purple_bed":2,"minecraft:cooked_porkchop":9,"delightful:acorn":4},"minecraft:dropped":{"minecraft:wheat_seeds":8,"minecraft:mossy_cobblestone":1,"minecraft:leather":1,"minecraft:purple_dye":1,"minecraft:cod":2,"minecraft:gray_wool":1,"minecraft:torch":28,"minecraft:white_wool":3,"createcafe:cassava_seeds":2,"minecraft:oak_sapling":8},"minecraft:picked_up":{"minecraft:seagrass":4,"create_new_age:thorium":80,"minecraft:crafting_table":9,"minecraft:wheat":1,"minecraft:chicken":5,"minecraft:cornflower":1,"minecraft:string":4,"minecraft:cobbled_deepslate":136,"delightful:acorn":4,"minecraft:beef":2,"minecraft:calcite":1,"minecraft:poppy":1,"minecraft:light_gray_wool":1,"minecraft:chest":1,"minecraft:furnace":2,"minecraft:egg":4,"minecraft:raw_iron":69,"minecraft:stick":7,"miners_delight:tentacles":2,"minecraft:torch":50,"minecraft:porkchop":12,"createcafe:cassava_seeds":2,"minecraft:diorite":7,"minecraft:carrot":15,"minecraft:redstone":19,"minecraft:arrow":7,"minecraft:rotten_flesh":13,"createcafe:coffee_beans":1,"minecraft:mutton":12,"minecraft:cod":2,"minecraft:cobblestone":243,"minecraft:white_wool":9,"minecraft:feather":9,"minecraft:leather":8,"minecraft:tuff":14,"create:raw_zinc":12,"minecraft:oak_log":13,"minecraft:gunpowder":1,"minecraft:lapis_lazuli":51,"minecraft:dirt":37,"culturaldelights:glow_squid":1,"delightful:mini_melon":1,"minecraft:wheat_seeds":20,"minecraft:raw_gold":16,"minecraft:iron_ingot":1,"minecraft:oak_planks":14,"minecraft:white_bed":2,"minecraft:mossy_cobblestone":2,"regions_unexplored:hyssop":1,"minecraft:purple_bed":1,"minecraft:diamond":5,"minecraft:gray_wool":2,"minecraft:oak_sapling":9,"create_bic_bit:sunflower_seeds":1,"minecraft:coal":60,"minecraft:sunflower":1},"minecraft:mined":{"create:zinc_ore":12,"minecraft:diamond_ore":5,"minecraft:tuff":15,"minecraft:white_bed":2,"minecraft:grass_block":10,"create_new_age:thorium_ore":22,"minecraft:tall_seagrass":2,"minecraft:furnace":2,"minecraft:carrots":6,"minecraft:iron_ore":55,"regions_unexplored:mossy_stone":1,"regions_unexplored:frozen_grass":2,"minecraft:deepslate_iron_ore":15,"minecraft:stone":187,"create:veridium":1,"minecraft:deepslate_redstone_ore":4,"minecraft:powder_snow":3,"minecraft:cornflower":1,"minecraft:crafting_table":9,"minecraft:torch":4,"minecraft:calcite":1,"minecraft:poppy":1,"minecraft:chest":1,"minecraft:tall_grass":1,"minecraft:cobblestone":15,"minecraft:lapis_ore":8,"minecraft:deepslate_gold_ore":16,"minecraft:oak_planks":5,"minecraft:diorite":7,"minecraft:wall_torch":14,"minecraft:purple_bed":1,"regions_unexplored:hyssop":1,"minecraft:wheat":4,"minecraft:birch_leaves":2,"garnished:voltaic_sea_grass":3,"minecraft:grass":15,"minecraft:coal_ore":61,"minecraft:oak_log":13,"delightful:mini_melon":1,"minecraft:sunflower":1,"minecraft:dirt":13,"minecraft:cobweb":4,"minecraft:oak_leaves":3,"minecraft:deepslate":138}},"DataVersion":3120}