{"stats":{"minecraft:dropped":{"minecraft:wheat_seeds":8,"minecraft:mossy_cobblestone":1,"createcafe:coffee_beans":1,"minecraft:leather":1,"minecraft:purple_dye":1,"minecraft:cod":2,"minecraft:gray_wool":1,"minecraft:torch":28,"regions_unexplored:dusktrap":1,"minecraft:white_wool":21,"minecraft:light_gray_wool":1,"createcafe:cassava_seeds":2,"minecraft:chest":1,"minecraft:oak_sapling":8},"minecraft:crafted":{"minecraft:oak_planks":52,"minecraft:coal":3,"minecraft:purple_bed":1,"minecraft:cooked_chicken":5,"minecraft:furnace":1,"sophisticatedbackpacks:crafting_upgrade":1,"minecraft:cooked_mutton":11,"sophisticatedbackpacks:smelting_upgrade":1,"minecraft:stone_pickaxe":2,"sophisticatedbackpacks:iron_backpack":2,"minecraft:cooked_beef":2,"minecraft:red_dye":1,"sophisticatedbackpacks:backpack":1,"minecraft:cooked_porkchop":12,"minecraft:crafting_table":1,"minecraft:iron_helmet":1,"minecraft:wooden_pickaxe":1,"minecraft:iron_sword":1,"minecraft:bucket":1,"minecraft:stone_axe":1,"sophisticatedbackpacks:upgrade_base":2,"minecraft:air":0,"minecraft:blue_dye":1,"minecraft:iron_chestplate":1,"minecraft:purple_dye":3,"minecraft:yellow_dye":2,"minecraft:stick":32,"quark:oak_chest":1,"minecraft:iron_ingot":62,"minecraft:iron_pickaxe":3,"minecraft:iron_leggings":1,"minecraft:torch":96,"minecraft:shears":1},"minecraft:custom":{"minecraft:mob_kills":76,"minecraft:interact_with_crafting_table":27,"goblintraders:trade_with_goblin":12,"minecraft:bell_ring":10,"minecraft:leave_game":2,"minecraft:time_since_death":47317,"minecraft:climb_one_cm":1374,"minecraft:sprint_one_cm":605326,"minecraft:walk_one_cm":605558,"minecraft:drop":17,"minecraft:talked_to_villager":10,"minecraft:play_time":202770,"minecraft:deaths":2,"minecraft:sneak_time":4102,"minecraft:walk_under_water_one_cm":26841,"minecraft:jump":4026,"minecraft:interact_with_blast_furnace":10,"minecraft:walk_on_water_one_cm":38764,"minecraft:total_world_time":202770,"minecraft:interact_with_furnace":24,"minecraft:sleep_in_bed":4,"minecraft:time_since_rest":47396,"minecraft:damage_taken":3434,"minecraft:damage_absorbed":40,"minecraft:damage_dealt":11551,"minecraft:swim_one_cm":35963,"minecraft:fly_one_cm":737418,"minecraft:open_chest":60,"minecraft:crouch_one_cm":11297,"minecraft:fall_one_cm":127085},"minecraft:killed_by":{"minecraft:witch":1},"minecraft:used":{"minecraft:iron_sword":164,"minecraft:cooked_chicken":5,"gourmet:variety_dessert_platter":2,"minecraft:torch":118,"minecraft:dirt":35,"minecraft:carrot":22,"minecraft:light_gray_wool":1,"minecraft:basalt":22,"minecraft:oak_sapling":1,"minecraft:furnace":2,"minecraft:egg":4,"minecraft:cooked_beef":5,"minecraft:cobbled_deepslate":8,"minecraft:cooked_mutton":10,"minecraft:water_bucket":14,"minecraft:stone_pickaxe":260,"minecraft:wooden_pickaxe":63,"extradelight:pasta_tomato":1,"minecraft:golden_apple":1,"minecraft:glow_berries":6,"minecraft:mossy_cobblestone":1,"extradelight:jerky":1,"minecraft:crafting_table":10,"minecraft:white_bed":1,"minecraft:bread":3,"minecraft:iron_pickaxe":369,"extradelight:apple_sauce":1,"minecraft:stone_axe":75,"minecraft:cobblestone":63,"minecraft:purple_bed":2,"minecraft:cooked_porkchop":10,"minecraft:bucket":15,"delightful:acorn":4},"minecraft:killed":{"minecraft:spider":4,"minecraft:slime":3,"minecraft:skeleton":6,"minecraft:horse":7,"minecraft:chicken":5,"minecraft:axolotl":1,"minecraft:magma_cube":2,"minecraft:pig":8,"alexsmobs:stradpole":2,"minecraft:creeper":1,"minecraft:sheep":8,"minecraft:zombie":23,"alexsmobs:fly":1,"minecraft:glow_squid":1,"minecraft:cow":2,"minecraft:enderman":1},"minecraft:mined":{"create:zinc_ore":12,"minecraft:diamond_ore":5,"minecraft:tuff":17,"minecraft:white_bed":2,"minecraft:deepslate_diamond_ore":3,"regions_unexplored:dusktrap":1,"farmersrespite:wither_roots":1,"minecraft:grass_block":10,"create_new_age:thorium_ore":22,"minecraft:coal_block":9,"minecraft:tall_seagrass":2,"minecraft:furnace":2,"minecraft:carrots":6,"minecraft:iron_ore":75,"regions_unexplored:mossy_stone":1,"regions_unexplored:frozen_grass":2,"minecraft:deepslate_iron_ore":17,"minecraft:stone":190,"create:veridium":1,"minecraft:deepslate_redstone_ore":4,"minecraft:blackstone":5,"minecraft:basalt":61,"supplementaries:ashen_basalt":3,"minecraft:powder_snow":3,"minecraft:crafting_table":10,"minecraft:cornflower":1,"minecraft:torch":7,"minecraft:calcite":1,"minecraft:poppy":1,"minecraft:chest":1,"minecraft:tall_grass":1,"minecraft:cobblestone":15,"minecraft:lapis_ore":8,"minecraft:deepslate_gold_ore":19,"minecraft:oak_planks":5,"minecraft:diorite":7,"minecraft:wall_torch":15,"supplementaries:urn":1,"minecraft:purple_bed":1,"regions_unexplored:hyssop":1,"minecraft:wheat":4,"minecraft:birch_leaves":2,"minecraft:bee_nest":1,"garnished:voltaic_sea_grass":3,"minecraft:grass":16,"minecraft:oak_log":13,"minecraft:coal_ore":61,"delightful:mini_melon":1,"minecraft:sunflower":1,"minecraft:dirt":13,"minecraft:cobweb":11,"minecraft:oak_leaves":3,"minecraft:deepslate":139},"minecraft:broken":{"minecraft:wooden_pickaxe":1,"minecraft:stone_pickaxe":2,"minecraft:iron_pickaxe":1},"minecraft:picked_up":{"minecraft:seagrass":4,"create_new_age:thorium":80,"minecraft:crafting_table":10,"minecraft:wheat":1,"minecraft:chicken":5,"gourmet:variety_dessert_platter":5,"minecraft:cornflower":1,"minecraft:string":13,"minecraft:blackstone":5,"minecraft:cobbled_deepslate":137,"delightful:acorn":4,"minecraft:beef":5,"minecraft:calcite":1,"alexsmobs:soul_heart":1,"minecraft:poppy":1,"minecraft:light_gray_wool":2,"minecraft:coal_block":9,"minecraft:chest":2,"minecraft:furnace":2,"minecraft:egg":6,"minecraft:stick":7,"minecraft:raw_iron":91,"miners_delight:tentacles":2,"minecraft:torch":55,"minecraft:porkchop":17,"createcafe:cassava_seeds":2,"minecraft:diorite":7,"minecraft:carrot":15,"minecraft:redstone":19,"regions_unexplored:dusktrap":1,"minecraft:arrow":7,"minecraft:rotten_flesh":17,"createcafe:coffee_beans":2,"minecraft:mutton":12,"minecraft:cod":2,"minecraft:cobblestone":246,"minecraft:white_wool":24,"minecraft:feather":9,"minecraft:basalt":63,"minecraft:leather":10,"minecraft:tuff":14,"create:raw_zinc":12,"minecraft:oak_log":13,"supplementaries:flax_seeds":1,"minecraft:gunpowder":1,"minecraft:lapis_lazuli":51,"minecraft:dirt":37,"culturaldelights:glow_squid":1,"delightful:mini_melon":1,"minecraft:wheat_seeds":23,"minecraft:raw_gold":19,"minecraft:iron_ingot":1,"minecraft:oak_planks":14,"minecraft:white_bed":2,"minecraft:spider_eye":1,"minecraft:mossy_cobblestone":2,"regions_unexplored:hyssop":1,"minecraft:purple_bed":1,"minecraft:diamond":8,"minecraft:gray_wool":2,"minecraft:oak_sapling":9,"minecraft:coal":60,"create_bic_bit:sunflower_seeds":1,"minecraft:sunflower":1}},"DataVersion":3120}