{"stats":{"minecraft:killed":{"minecraft:spider":7,"quark:forgotten":1,"minecraft:skeleton":6,"minecraft:bee":2,"minecraft:piglin":3,"minecraft:pig":7,"minecraft:zombie_villager":1,"alexsmobs:seal":1,"alexsmobs:stradpole":1,"minecraft:sheep":5,"minecraft:zombie":27,"minecraft:ghast":1,"alexsmobs:fly":3,"minecraft:glow_squid":1,"minecraft:blaze":1,"minecraft:cow":6,"alexsmobs:soul_vulture":3,"alexsmobs:skunk":1,"quark:foxhound":3,"minecraft:wither_skeleton":9},"minecraft:custom":{"minecraft:interact_with_crafting_table":324,"goblintraders:trade_with_goblin":51,"minecraft:leave_game":10,"minecraft:time_since_death":125738,"minecraft:sprint_one_cm":1012231,"minecraft:drop":1243,"minecraft:talked_to_villager":1,"minecraft:play_time":1117372,"minecraft:deaths":8,"minecraft:interact_with_brewingstand":2,"minecraft:jump":8742,"minecraft:walk_on_water_one_cm":45215,"minecraft:enchant_item":1,"minecraft:interact_with_furnace":245,"minecraft:interact_with_cartography_table":2,"minecraft:sleep_in_bed":5,"minecraft:damage_dealt":14088,"minecraft:crouch_one_cm":147580,"minecraft:use_cauldron":37,"minecraft:mob_kills":95,"minecraft:inspect_hopper":5,"minecraft:fill_cauldron":23,"minecraft:interact_with_campfire":1,"minecraft:climb_one_cm":1032,"minecraft:walk_one_cm":2999070,"minecraft:damage_dealt_absorbed":50,"minecraft:sneak_time":41165,"minecraft:walk_under_water_one_cm":73531,"minecraft:interact_with_blast_furnace":21,"minecraft:total_world_time":1117372,"minecraft:interact_with_stonecutter":6,"minecraft:interact_with_grindstone":1,"minecraft:time_since_rest":125772,"minecraft:damage_taken":8025,"minecraft:swim_one_cm":60183,"minecraft:fly_one_cm":1107325,"minecraft:open_chest":730,"minecraft:fall_one_cm":185017},"minecraft:broken":{"minecraft:stone_axe":1,"minecraft:iron_sword":1,"minecraft:iron_axe":1,"minecraft:iron_pickaxe":5,"create:sand_paper":1},"minecraft:mined":{"miners_delight:wild_cave_carrots":1,"create:deepslate_zinc_ore":19,"minecraft:oak_sapling":7,"create:copper_casing":7,"regions_unexplored:brimsprout":2,"regions_unexplored:maple_log":5,"create:andesite_casing":53,"regions_unexplored:magnolia_log":33,"minecraft:obsidian":8,"minecraft:granite":28,"minecraft:chiseled_polished_blackstone":3,"minecraft:acacia_log":1,"minecraft:grass_block":86,"creatingspace:deepslate_nickel_ore":15,"minecraft:deepslate_tile_stairs":1,"create:belt":5,"create:rotation_speed_controller":17,"createmetallurgy:wolframite_ore":4,"minecraft:spawner":4,"minecraft:gilded_blackstone":5,"minecraft:smooth_stone":8,"minecraft:polished_blackstone_bricks":7,"minecraft:tall_seagrass":7,"regions_unexplored:stone_bud":14,"createindustry:nickel_ore":4,"minecraft:iron_ore":88,"minecraft:glowstone":10,"minecraft:fire":16,"minecraft:cobbled_deepslate":61,"regions_unexplored:mossy_stone":12,"minecraft:deepslate_lapis_ore":5,"goodending:hanging_oak_leaves_plant":1,"supplementaries:stick":1,"minecraft:pointed_dripstone":2,"createindustry:sulfur":20,"create:mechanical_press":9,"create:limestone":1,"minecraft:deepslate_redstone_ore":45,"create:cogwheel":45,"creatingspace:nickel_ore":29,"minecraft:kelp_plant":31,"minecraft:blackstone":3,"minecraft:soul_fire":1,"minecraft:torch":7,"garnished:ritualistic_stone":1,"minecraft:chest":5,"create:brass_casing":31,"garnished:nut_wall_sign":1,"minecraft:nether_quartz_ore":93,"minecraft:cobblestone":221,"supplementaries:blackstone_tile_stairs":1,"minecraft:oak_planks":5,"minecraft:sugar_cane":18,"minecraft:wall_torch":30,"minecraft:deepslate_copper_ore":2,"create:large_water_wheel":4,"create:basin":3,"minecraft:seagrass":6,"create:andesite_belt_funnel":2,"regions_unexplored:hyssop":6,"extradelight:wild_ginger":3,"create:mechanical_mixer":2,"create:brass_belt_funnel":1,"create:spout":2,"minecraft:grass":40,"supplementaries:blackstone_tile":14,"create:hand_crank":1,"minecraft:oak_log":204,"createindustry:deepslate_lithium_ore":13,"minecraft:sand":126,"minecraft:dirt":74,"create:encased_chain_drive":7,"minecraft:netherrack":196,"create:linear_chassis":2,"minecraft:deepslate":298,"minecraft:oak_leaves":235,"create:zinc_ore":1,"regions_unexplored:fireweed":2,"create_connected:encased_chain_cogwheel":7,"minecraft:tuff":124,"create:millstone":3,"minecraft:deepslate_diamond_ore":11,"create:fluid_tank":4,"minecraft:nether_bricks":1,"create:large_cogwheel":27,"create_new_age:thorium_ore":41,"create:depot":8,"create:encased_fan":2,"minecraft:acacia_slab":2,"minecraft:kelp":1,"minecraft:red_mushroom":1,"minecraft:sandstone":6,"minecraft:large_fern":3,"minecraft:hay_block":10,"minecraft:redstone_ore":2,"create:shaft":103,"minecraft:furnace":6,"create:white_sail":2,"minecraft:andesite":16,"minecraft:nether_brick_fence":2,"minecraft:deepslate_iron_ore":21,"goodending:hanging_oak_leaves":1,"minecraft:stripped_oak_log":29,"create:deployer":5,"createindustry:deepslate_nickel_ore":4,"regions_unexplored:ash_vent":1,"regions_unexplored:medium_grass":15,"garnished:nut_sign":1,"minecraft:stone":503,"regions_unexplored:brimsprout_nylium":1,"garnished:nut_planks":3,"minecraft:chiseled_nether_bricks":2,"quark:oak_chest":6,"minecraft:crafting_table":7,"create:fluid_pipe":8,"create:mechanical_pump":1,"minecraft:copper_ore":20,"minecraft:tall_grass":1,"minecraft:deepslate_gold_ore":7,"regions_unexplored:daisy":1,"minecraft:polished_blackstone_brick_stairs":2,"minecraft:diorite":22,"supplementaries:urn":4,"create:water_wheel_structure":5,"create:blaze_burner":1,"minecraft:cactus":14,"minecraft:coarse_dirt":2,"create:gearbox":63,"minecraft:polished_blackstone_stairs":2,"create:crushing_wheel":2,"create:mechanical_drill":6,"minecraft:coal_ore":141,"create:mechanical_crafter":7,"regions_unexplored:stripped_magnolia_log":1,"minecraft:gravel":1,"minecraft:sunflower":3,"create_dd:inverse_box":4,"minecraft:polished_blackstone":4,"create:andesite_funnel":9},"minecraft:dropped":{"create:super_glue":1,"minecraft:cooked_beef":3,"minecraft:oak_log":3,"supplementaries:blackstone_tile_stairs":1,"minecraft:crafting_table":1,"create:incomplete_precision_mechanism":27,"minecraft:rail":1,"minecraft:flint":770,"regions_unexplored:maple_planks":6,"regions_unexplored:magnolia_sapling":1,"minecraft:dirt":46,"minecraft:polished_blackstone_brick_stairs":2,"miners_delight:gossypium":1,"alexsmobs:flying_fish":4,"farmersdelight:onion":1,"create_bic_bit:sunflower_seeds":2,"minecraft:chain":19,"create_dd:inverse_box":2,"minecraft:gilded_blackstone":4,"minecraft:wooden_sword":1,"minecraft:sunflower":14,"create:iron_sheet":8,"minecraft:polished_blackstone_bricks":5,"quark:oak_chest":2,"minecraft:gold_ingot":44,"minecraft:cauldron":1,"create:crushing_wheel":2,"minecraft:bone":6,"minecraft:gravel":1521,"create_new_age:thorium":4,"minecraft:iron_nugget":396,"minecraft:stone_axe":1,"minecraft:blackstone":3,"minecraft:cobbled_deepslate":37,"alexsmobs:animal_dictionary":3,"regions_unexplored:stripped_magnolia_log":1,"minecraft:wheat":95,"minecraft:rotten_flesh":31,"minecraft:oak_planks":3,"creatingspace:copper_engine_wall":2,"minecraft:nether_brick_fence":1,"minecraft:carrot":9,"create:white_sail":1,"createcafe:cassava_seeds":5,"supplementaries:ash":10,"miners_delight:tentacles":5,"creatingspace:iron_engine_wall":1,"create:mechanical_crafter":20,"minecraft:hopper":4,"minecraft:chest":2,"create:brass_ingot":35,"create:depot":1,"immersive_aircraft:sail":1,"culturaldelights:glow_squid":4,"minecraft:basalt":2,"minecraft:arrow":10,"minecraft:glass":7,"create:water_wheel":7,"minecraft:water_bucket":1,"minecraft:oak_leaves":43,"minecraft:quartz":164,"minecraft:netherrack":104,"minecraft:egg":8,"farmersdelight:tomato_seeds":3,"minecraft:iron_ingot":40,"regions_unexplored:magnolia_planks":1,"create:rose_quartz":48,"minecraft:oak_slab":10,"regions_unexplored:fireweed":2,"minecraft:chiseled_nether_bricks":1,"minecraft:wheat_seeds":34,"create:polished_rose_quartz":25,"minecraft:mossy_cobblestone":12,"minecraft:polished_blackstone":4,"createcafe:coffee_beans":7,"minecraft:iron_helmet":1,"minecraft:cobblestone":231,"minecraft:apple":5,"minecraft:granite":19,"minecraft:copper_ingot":262,"supplementaries:blackstone_tile":13,"regions_unexplored:daisy":1,"minecraft:coal_block":1,"minecraft:stick":10,"create:crushed_raw_gold":1,"farmersdelight:fried_rice":1,"minecraft:lava_bucket":1,"minecraft:gray_wool":2,"create:blaze_burner":5,"minecraft:wooden_axe":1,"minecraft:map":3,"minecraft:iron_leggings":1,"delightful:acorn":15,"minecraft:smooth_stone":1,"minecraft:iron_shovel":1,"minecraft:paper":28,"minecraft:string":8,"minecraft:bucket":1,"minecraft:acacia_planks":1,"create:raw_zinc":31,"minecraft:dandelion":1,"minecraft:polished_deepslate":2,"minecraft:kelp":2,"garnished:nut_planks":3,"minecraft:stone_sword":1,"minecraft:raw_copper":2,"minecraft:bowl":9,"minecraft:tuff":34,"minecraft:iron_boots":2,"regions_unexplored:hyssop":4,"create_sa:small_filling_tank":1,"create:copper_sheet":1,"create_questing:blueprint":2,"minecraft:shears":1,"regions_unexplored:ash_vent":1,"minecraft:stone":90,"create:zinc_ingot":216,"minecraft:iron_chestplate":1,"minecraft:andesite":14,"minecraft:oak_sapling":32,"minecraft:spider_eye":1,"goodending:hanging_oak_leaves":1,"create:brass_casing":15,"minecraft:wooden_pickaxe":1,"minecraft:stone_pickaxe":6,"minecraft:raw_gold":1,"creatingspace:brass_engine_wall":5,"create:empty_blaze_burner":2,"create:golden_sheet":5},"minecraft:killed_by":{"alexsmobs:straddler":1,"quark:forgotten":1,"minecraft:zombie":1,"minecraft:skeleton":1},"minecraft:used":{"create:deployer":17,"create:brass_casing":26,"create_connected:encased_chain_cogwheel":7,"minecraft:chest":7,"minecraft:stone":21,"minecraft:iron_sword":285,"create:mechanical_bearing":2,"create:fluid_tank":31,"create:white_sail":68,"create:cogwheel":115,"create:mechanical_crafter":9,"minecraft:carrot":15,"create:depot":15,"minecraft:tuff":71,"minecraft:obsidian":8,"farmersdelight:fried_rice":10,"minecraft:lava_bucket":101,"minecraft:iron_helmet":1,"create:millstone":3,"create:andesite_funnel":32,"create:rotation_speed_controller":26,"create:shaft":232,"minecraft:oak_sapling":67,"create:mechanical_drill":12,"create:steam_engine":2,"minecraft:furnace":5,"minecraft:egg":3,"minecraft:diorite":2,"minecraft:oak_planks":7,"minecraft:stone_pickaxe":213,"create:crushing_wheel":7,"minecraft:wooden_pickaxe":24,"minecraft:oak_leaves":18,"create:mechanical_saw":15,"extradelight:ginger":2,"create:spout":7,"create_dd:inverse_box":5,"minecraft:blast_furnace":2,"minecraft:shears":126,"createcafe:coffee_beans":3,"minecraft:bread":24,"create:andesite_casing":2,"minecraft:gravel":1,"create_bic_bit:sunflower_seeds":1,"create:basin":4,"minecraft:diamond_sword":144,"minecraft:andesite":2,"delightful:acorn":3,"create:large_cogwheel":75,"create:vertical_gearbox":46,"minecraft:stone_sword":1,"minecraft:acacia_log":34,"create:item_vault":2,"garnished:nut_sign":4,"minecraft:dried_kelp":3,"minecraft:netherrack":52,"minecraft:stick":1,"minecraft:dirt":56,"minecraft:torch":259,"create:mechanical_pump":21,"create:mechanical_mixer":3,"minecraft:granite":5,"create:smart_chute":1,"alexsmobs:maggot":2,"create:wrench":896,"create:gearbox":68,"minecraft:iron_axe":368,"minecraft:acacia_slab":3,"create:encased_chain_drive":23,"minecraft:golden_carrot":21,"minecraft:pointed_dripstone":32,"create:fluid_pipe":154,"minecraft:cooked_beef":5,"minecraft:cobbled_deepslate":194,"minecraft:acacia_planks":2,"create:belt_connector":54,"minecraft:water_bucket":75,"create:empty_blaze_burner":3,"minecraft:baked_potato":5,"minecraft:cartography_table":1,"create:brass_tunnel":6,"minecraft:cauldron":16,"minecraft:stonecutter":1,"create:framed_glass_trapdoor":25,"create:blaze_burner":22,"minecraft:polished_blackstone_bricks":2,"create:encased_fan":20,"create:brass_funnel":9,"minecraft:crafting_table":14,"minecraft:oak_log":9,"create:linear_chassis":36,"minecraft:diamond_pickaxe":1157,"minecraft:diamond_shovel":248,"create:mechanical_press":10,"create:windmill_bearing":3,"minecraft:iron_pickaxe":1281,"create:mechanical_arm":48,"create:large_water_wheel":19,"minecraft:stone_axe":152,"minecraft:cobblestone":889,"create:hand_crank":10,"minecraft:cooked_porkchop":24,"minecraft:bucket":179,"quark:oak_chest":16,"minecraft:yellow_bed":1,"alexsmobs:animal_dictionary":3,"minecraft:stripped_oak_log":88},"minecraft:picked_up":{"minecraft:wheat":1,"minecraft:nether_brick_fence":1,"create:mechanical_crafter":7,"regions_unexplored:magnolia_log":33,"create:spout":3,"minecraft:diamond_sword":1,"regions_unexplored:maple_planks":9,"minecraft:gilded_blackstone":4,"minecraft:polished_blackstone_brick_stairs":2,"minecraft:string":11,"createindustry:raw_nickel":15,"minecraft:raw_copper":83,"create:limestone":1,"create:andesite_funnel":11,"minecraft:gold_nugget":4,"farmersdelight:fried_rice":1,"minecraft:smooth_stone":7,"create:mechanical_press":9,"minecraft:cobbled_deepslate":353,"minecraft:bucket":1,"delightful:acorn":18,"minecraft:coal_block":1,"minecraft:iron_boots":1,"minecraft:furnace":8,"minecraft:stick":55,"create:mechanical_mixer":2,"miners_delight:tentacles":5,"minecraft:torch":41,"minecraft:acacia_log":1,"create:andesite_casing":53,"createmetallurgy:wolframite_ore":4,"minecraft:porkchop":13,"createcafe:cassava_seeds":5,"minecraft:pointed_dripstone":2,"minecraft:diorite":22,"regions_unexplored:daisy":1,"minecraft:chiseled_nether_bricks":1,"create:large_cogwheel":42,"minecraft:cactus":23,"minecraft:rotten_flesh":33,"farmersdelight:onion":1,"createcafe:coffee_beans":11,"create:copper_casing":7,"supplementaries:antique_ink":2,"create:veridium":2,"supplementaries:ash":9,"minecraft:obsidian":8,"regions_unexplored:magnolia_sapling":1,"alexsmobs:flying_fish":4,"minecraft:cobblestone":2762,"create:fluid_tank":14,"minecraft:water_bucket":1,"minecraft:andesite":16,"create:belt_connector":6,"minecraft:flint":736,"minecraft:tuff":119,"create:raw_zinc":51,"minecraft:dirt":176,"create:incomplete_precision_mechanism":1,"minecraft:lapis_lazuli":45,"create:encased_chain_drive":10,"culturaldelights:glow_squid":4,"minecraft:glass":2,"minecraft:bone":31,"createindustry:sulfur":20,"minecraft:wheat_seeds":27,"regions_unexplored:magnolia_planks":1,"minecraft:raw_gold":7,"create:mechanical_drill":7,"create:goggles":1,"create:shaft":105,"minecraft:glowstone_dust":36,"minecraft:oak_planks":10,"create_questing:blueprint":1,"miners_delight:gossypium":1,"minecraft:cooked_porkchop":3,"create:cogwheel":50,"create:empty_blaze_burner":6,"create_connected:encased_chain_cogwheel":7,"minecraft:sand":120,"decorative_blocks:oak_palisade":6,"createindustry:raw_lithium":26,"creatingspace:brass_engine_wall":4,"supplementaries:blackstone_tile":13,"alexsmobs:animal_dictionary":2,"minecraft:mossy_cobblestone":12,"goodending:hanging_oak_leaves":1,"regions_unexplored:hyssop":4,"minecraft:diamond":14,"minecraft:granite":28,"minecraft:oak_leaves":107,"alexsmobs:maggot":2,"minecraft:oak_sapling":83,"minecraft:netherrack":156,"create:precision_mechanism":1,"create:white_sail":2,"create:copper_sheet":4,"creatingspace:raw_nickel":48,"minecraft:crafting_table":7,"create_new_age:thorium":159,"garnished:nut_sign":2,"creatingspace:iron_engine_wall":2,"create:rotation_speed_controller":17,"minecraft:chain":19,"create:fluid_pipe":64,"minecraft:iron_shovel":1,"minecraft:blackstone":3,"create:brass_funnel":2,"minecraft:beef":15,"supplementaries:blackstone_tile_stairs":1,"create:basin":3,"minecraft:iron_nugget":279,"minecraft:sugar_cane":36,"minecraft:chest":5,"create:linear_chassis":2,"minecraft:egg":11,"create:polished_rose_quartz":1,"minecraft:raw_iron":229,"minecraft:sandstone":6,"minecraft:stone":108,"regions_unexplored:ash_vent":1,"minecraft:copper_ingot":3,"minecraft:bowl":2,"minecraft:polished_blackstone_bricks":7,"create:hand_crank":3,"extradelight:ginger":3,"minecraft:carrot":63,"minecraft:redstone":204,"create:brass_casing":32,"create:zinc_ingot":28,"create:vertical_gearbox":35,"create:deployer":10,"minecraft:arrow":11,"minecraft:nether_bricks":1,"minecraft:hay_block":10,"create:depot":8,"minecraft:gold_ingot":33,"minecraft:polished_blackstone":4,"minecraft:mutton":10,"minecraft:rail":1,"minecraft:white_wool":28,"minecraft:stripped_oak_log":29,"create:iron_sheet":44,"create:brass_sheet":5,"minecraft:basalt":2,"create:crushed_raw_gold":1,"minecraft:leather":11,"minecraft:red_mushroom":1,"create:andesite_alloy":26,"minecraft:oak_log":200,"minecraft:yellow_bed":1,"create:blaze_burner":1,"regions_unexplored:stripped_magnolia_log":1,"quark:forgotten_hat":1,"create:crushing_wheel":4,"minecraft:apple":14,"garnished:ritualistic_stone":1,"minecraft:kelp":207,"minecraft:iron_ingot":47,"minecraft:stone_pickaxe":3,"creatingspace:copper_engine_wall":2,"create_dd:inverse_box":3,"minecraft:oak_slab":5,"create:large_water_wheel":9,"minecraft:quartz":164,"minecraft:dandelion":1,"minecraft:gravel":406,"create:brass_tunnel":6,"quark:oak_chest":5,"minecraft:spider_eye":1,"create:gearbox":35,"create:wheat_flour":82,"create:millstone":3,"create:brass_ingot":62,"regions_unexplored:fireweed":2,"minecraft:stone_axe":1,"create:encased_fan":12,"minecraft:iron_helmet":1,"regions_unexplored:maple_log":5,"create:rose_quartz":8,"minecraft:gray_wool":6,"garnished:nut_planks":3,"minecraft:acacia_slab":2,"create_bic_bit:sunflower_seeds":3,"minecraft:coal":312,"minecraft:sunflower":14},"minecraft:crafted":{"minecraft:oak_planks":836,"minecraft:barrel":64,"regions_unexplored:maple_planks":20,"minecraft:stone":1,"minecraft:diamond_shovel":1,"create:mechanical_bearing":2,"create:deployer":3,"minecraft:green_dye":23,"create:vertical_gearbox":5,"minecraft:hopper":4,"create:rotation_speed_controller":5,"minecraft:glass":32,"minecraft:diamond_helmet":1,"create:andesite_funnel":16,"minecraft:diamond_leggings":1,"minecraft:bow":1,"minecraft:iron_boots":1,"sophisticatedbackpacks:tank_upgrade":1,"createindustry:nickel_ingot":4,"garnished:nut_planks":20,"minecraft:chest":5,"create:spout":1,"minecraft:copper_block":1,"create:brass_funnel":2,"create:cogwheel":158,"create_connected:encased_chain_cogwheel":3,"create:brass_hand":3,"create:depot":3,"minecraft:oak_slab":78,"minecraft:emerald":24,"create:rose_quartz":40,"sophisticatedbackpacks:backpack":1,"quark:blossom_planks":44,"minecraft:cauldron":17,"minecraft:cooked_porkchop":15,"minecraft:crafting_table":8,"create:mechanical_saw":5,"minecraft:acacia_slab":66,"create:fluid_pipe":52,"minecraft:iron_helmet":1,"minecraft:wooden_pickaxe":1,"minecraft:baked_potato":5,"create:piston_extension_pole":8,"create:sand_paper":8,"minecraft:copper_ingot":210,"minecraft:sticky_piston":1,"create:encased_chain_drive":13,"sophisticatedbackpacks:upgrade_base":2,"create:mechanical_mixer":1,"create:gearbox":20,"minecraft:dispenser":1,"minecraft:iron_chestplate":1,"create_dd:inverse_box":3,"minecraft:paper":36,"minecraft:diamond_pickaxe":1,"create:water_wheel":16,"create:framed_glass_trapdoor":27,"create:super_glue":4,"minecraft:stick":192,"quark:oak_chest":13,"minecraft:iron_pickaxe":6,"create:mechanical_pump":16,"minecraft:iron_ingot":232,"minecraft:stone_sword":1,"minecraft:gold_ingot":125,"create:large_cogwheel":60,"garnished:nut_sign":3,"minecraft:shears":2,"minecraft:golden_carrot":21,"create:chute":4,"minecraft:wooden_sword":1,"everycomp:q/regions_unexplored/magnolia_chest":9,"create:wrench":1,"create:steam_engine":1,"minecraft:iron_nugget":864,"create:white_sail":50,"immersive_aircraft:sail":1,"minecraft:furnace":1,"minecraft:blast_furnace":2,"create:smart_chute":1,"minecraft:piston":2,"creatingspace:nickel_ingot":33,"minecraft:bone_meal":24,"minecraft:oak_trapdoor":34,"sophisticatedbackpacks:advanced_pump_upgrade":1,"minecraft:polished_deepslate":4,"minecraft:iron_axe":2,"minecraft:slime_ball":10,"create:millstone":1,"minecraft:lime_dye":18,"minecraft:stone_pickaxe":3,"create:fluid_tank":55,"minecraft:diamond_boots":1,"create:basin":1,"create:electron_tube":5,"create:belt_connector":24,"create:windmill_bearing":1,"regions_unexplored:magnolia_planks":100,"minecraft:wheat":90,"sophisticatedbackpacks:iron_backpack":1,"minecraft:cooked_beef":8,"create:andesite_alloy":165,"create:hand_crank":1,"minecraft:diamond_sword":1,"quark:vertical_oak_planks":3,"minecraft:dried_kelp":193,"minecraft:iron_sword":1,"create:dough":10,"create:large_water_wheel":15,"sophisticatedbackpacks:gold_backpack":1,"create_sa:small_filling_tank":1,"minecraft:bucket":6,"minecraft:stone_axe":1,"minecraft:bread":48,"minecraft:air":0,"sophisticatedbackpacks:pump_upgrade":1,"create:whisk":1,"create:mechanical_arm":1,"minecraft:gold_nugget":1080,"minecraft:white_dye":24,"create:linear_chassis":15,"minecraft:wooden_axe":1,"minecraft:iron_leggings":1,"minecraft:stonecutter":1,"create:mechanical_drill":6,"create:shaft":336,"minecraft:andesite":128,"minecraft:acacia_planks":380,"minecraft:torch":248,"create:zinc_ingot":113,"minecraft:diamond_chestplate":1}},"DataVersion":3120}