{"stats":{"minecraft:custom":{"minecraft:mob_kills":36,"minecraft:interact_with_crafting_table":41,"minecraft:time_since_death":120540,"minecraft:climb_one_cm":1032,"minecraft:sprint_one_cm":104674,"minecraft:walk_one_cm":380707,"minecraft:drop":37,"minecraft:talked_to_villager":1,"minecraft:play_time":145147,"minecraft:deaths":1,"minecraft:sneak_time":684,"minecraft:walk_under_water_one_cm":566,"minecraft:jump":1790,"minecraft:interact_with_blast_furnace":3,"minecraft:walk_on_water_one_cm":5671,"minecraft:total_world_time":145147,"minecraft:interact_with_furnace":38,"minecraft:interact_with_cartography_table":1,"minecraft:sleep_in_bed":1,"minecraft:time_since_rest":101367,"minecraft:damage_taken":1237,"minecraft:damage_dealt":5517,"minecraft:swim_one_cm":3983,"minecraft:fly_one_cm":160704,"minecraft:open_chest":5,"minecraft:crouch_one_cm":1659,"minecraft:fall_one_cm":34136},"minecraft:mined":{"miners_delight:wild_cave_carrots":1,"create:deepslate_zinc_ore":18,"minecraft:tuff":79,"minecraft:deepslate_diamond_ore":5,"regions_unexplored:maple_log":5,"regions_unexplored:magnolia_log":33,"minecraft:granite":28,"minecraft:grass_block":3,"creatingspace:deepslate_nickel_ore":11,"create_new_age:thorium_ore":41,"minecraft:large_fern":3,"minecraft:hay_block":10,"regions_unexplored:stone_bud":14,"minecraft:furnace":4,"minecraft:iron_ore":78,"minecraft:fire":1,"createindustry:nickel_ore":4,"regions_unexplored:mossy_stone":12,"minecraft:andesite":14,"minecraft:deepslate_iron_ore":11,"regions_unexplored:medium_grass":15,"minecraft:stone":479,"create:limestone":1,"minecraft:deepslate_redstone_ore":42,"creatingspace:nickel_ore":29,"minecraft:crafting_table":7,"minecraft:torch":4,"minecraft:tall_grass":1,"minecraft:copper_ore":20,"minecraft:cobblestone":1,"minecraft:deepslate_gold_ore":7,"regions_unexplored:daisy":1,"minecraft:diorite":22,"minecraft:wall_torch":30,"supplementaries:urn":4,"regions_unexplored:hyssop":6,"minecraft:coarse_dirt":2,"minecraft:grass":21,"minecraft:coal_ore":141,"regions_unexplored:stripped_magnolia_log":1,"minecraft:gravel":1,"minecraft:dirt":5,"minecraft:deepslate":292,"regions_unexplored:fireweed":2},"minecraft:dropped":{"farmersdelight:tomato_seeds":3,"regions_unexplored:magnolia_planks":1,"regions_unexplored:fireweed":2,"minecraft:wheat_seeds":9,"minecraft:mossy_cobblestone":11,"createcafe:coffee_beans":2,"minecraft:apple":5,"regions_unexplored:daisy":1,"regions_unexplored:maple_planks":6,"regions_unexplored:magnolia_sapling":1,"minecraft:dirt":5,"minecraft:gray_wool":1,"minecraft:wooden_axe":1,"minecraft:map":3,"minecraft:wooden_sword":1,"minecraft:sunflower":1,"minecraft:string":2,"minecraft:bone":1,"alexsmobs:animal_dictionary":1,"minecraft:stone_sword":1,"regions_unexplored:stripped_magnolia_log":1,"minecraft:rotten_flesh":7,"regions_unexplored:hyssop":4,"createcafe:cassava_seeds":2,"minecraft:oak_sapling":1,"minecraft:wooden_pickaxe":1,"minecraft:stone_pickaxe":3},"minecraft:used":{"minecraft:stone_sword":1,"minecraft:iron_sword":155,"minecraft:torch":177,"minecraft:granite":5,"alexsmobs:maggot":2,"minecraft:iron_helmet":1,"minecraft:furnace":5,"minecraft:egg":1,"minecraft:cobbled_deepslate":79,"minecraft:diorite":2,"minecraft:baked_potato":5,"minecraft:stone_pickaxe":213,"minecraft:wooden_pickaxe":24,"minecraft:crafting_table":9,"minecraft:bread":13,"minecraft:iron_pickaxe":1145,"minecraft:gravel":1,"create_bic_bit:sunflower_seeds":1,"minecraft:stone_axe":49,"minecraft:cobblestone":61,"minecraft:cooked_porkchop":4,"alexsmobs:animal_dictionary":3},"minecraft:killed_by":{"minecraft:skeleton":1},"minecraft:crafted":{"minecraft:wooden_sword":1,"everycomp:q/regions_unexplored/magnolia_chest":1,"regions_unexplored:maple_planks":20,"minecraft:furnace":1,"minecraft:iron_boots":1,"minecraft:stone_pickaxe":3,"minecraft:chest":1,"regions_unexplored:magnolia_planks":32,"sophisticatedbackpacks:iron_backpack":1,"sophisticatedbackpacks:backpack":1,"minecraft:cooked_porkchop":9,"minecraft:crafting_table":3,"minecraft:baked_potato":5,"minecraft:wooden_pickaxe":1,"minecraft:iron_helmet":1,"minecraft:iron_sword":1,"minecraft:stone_axe":1,"minecraft:air":0,"minecraft:iron_chestplate":1,"minecraft:stick":68,"minecraft:iron_ingot":55,"minecraft:iron_pickaxe":6,"minecraft:wooden_axe":1,"minecraft:stone_sword":1,"minecraft:iron_leggings":1,"minecraft:torch":164},"minecraft:killed":{"minecraft:spider":4,"minecraft:skeleton":2,"minecraft:pig":5,"alexsmobs:skunk":1,"alexsmobs:seal":1,"minecraft:sheep":5,"minecraft:zombie":11,"alexsmobs:fly":1,"minecraft:cow":5},"minecraft:picked_up":{"creatingspace:raw_nickel":40,"minecraft:crafting_table":6,"create_new_age:thorium":155,"regions_unexplored:magnolia_log":33,"regions_unexplored:maple_planks":9,"minecraft:string":6,"minecraft:raw_copper":77,"createindustry:raw_nickel":4,"create:limestone":1,"minecraft:cobbled_deepslate":295,"minecraft:beef":9,"minecraft:furnace":5,"minecraft:egg":1,"minecraft:stick":8,"minecraft:raw_iron":142,"minecraft:torch":35,"minecraft:porkchop":9,"createcafe:cassava_seeds":3,"minecraft:diorite":22,"minecraft:redstone":177,"regions_unexplored:daisy":1,"minecraft:rotten_flesh":9,"createcafe:coffee_beans":3,"minecraft:hay_block":10,"supplementaries:antique_ink":2,"supplementaries:ash":9,"minecraft:mutton":6,"regions_unexplored:magnolia_sapling":1,"minecraft:cobblestone":483,"minecraft:white_wool":5,"minecraft:andesite":13,"minecraft:leather":4,"minecraft:tuff":79,"create:raw_zinc":18,"regions_unexplored:stripped_magnolia_log":1,"minecraft:dirt":9,"minecraft:bone":8,"minecraft:apple":6,"minecraft:wheat_seeds":9,"regions_unexplored:magnolia_planks":1,"minecraft:raw_gold":7,"minecraft:stone_pickaxe":2,"minecraft:iron_ingot":7,"miners_delight:gossypium":1,"minecraft:gravel":1,"alexsmobs:animal_dictionary":1,"minecraft:mossy_cobblestone":12,"regions_unexplored:hyssop":4,"regions_unexplored:fireweed":2,"minecraft:diamond":5,"minecraft:granite":28,"regions_unexplored:maple_log":5,"minecraft:gray_wool":3,"alexsmobs:maggot":2,"create_bic_bit:sunflower_seeds":1,"minecraft:coal":308,"minecraft:sunflower":1},"minecraft:broken":{"minecraft:iron_pickaxe":4}},"DataVersion":3120}