{"stats":{"minecraft:killed":{"minecraft:spider":4,"minecraft:skeleton":3,"minecraft:pig":5,"alexsmobs:skunk":1,"alexsmobs:seal":1,"minecraft:sheep":5,"minecraft:zombie":11,"alexsmobs:fly":1,"minecraft:cow":5},"minecraft:crafted":{"minecraft:wooden_sword":1,"minecraft:oak_planks":112,"everycomp:q/regions_unexplored/magnolia_chest":9,"create:wrench":1,"minecraft:iron_nugget":369,"regions_unexplored:maple_planks":20,"minecraft:furnace":1,"creatingspace:nickel_ingot":33,"create:vertical_gearbox":1,"minecraft:hopper":4,"minecraft:iron_boots":1,"garnished:nut_planks":20,"createindustry:nickel_ingot":4,"minecraft:iron_axe":1,"minecraft:stone_pickaxe":3,"minecraft:chest":1,"create_connected:encased_chain_cogwheel":3,"create:cogwheel":38,"create:belt_connector":24,"regions_unexplored:magnolia_planks":100,"sophisticatedbackpacks:iron_backpack":1,"minecraft:cooked_beef":8,"create:andesite_alloy":101,"quark:blossom_planks":44,"sophisticatedbackpacks:backpack":1,"minecraft:cooked_porkchop":9,"quark:vertical_oak_planks":3,"minecraft:crafting_table":3,"minecraft:iron_helmet":1,"minecraft:dried_kelp":193,"minecraft:wooden_pickaxe":1,"minecraft:baked_potato":5,"minecraft:iron_sword":1,"create:large_water_wheel":4,"minecraft:copper_ingot":77,"minecraft:bucket":1,"create:encased_chain_drive":3,"minecraft:stone_axe":1,"minecraft:air":0,"create:gearbox":4,"minecraft:iron_chestplate":1,"create_dd:inverse_box":1,"create:water_wheel":5,"minecraft:stick":72,"minecraft:iron_ingot":144,"minecraft:iron_pickaxe":6,"minecraft:wooden_axe":1,"minecraft:stone_sword":1,"minecraft:iron_leggings":1,"create:large_cogwheel":1,"garnished:nut_sign":3,"create:mechanical_drill":6,"create:shaft":104,"minecraft:andesite":128,"minecraft:torch":164,"create:zinc_ingot":18},"minecraft:broken":{"minecraft:stone_axe":1,"minecraft:iron_pickaxe":5},"minecraft:custom":{"minecraft:mob_kills":37,"minecraft:interact_with_crafting_table":108,"minecraft:leave_game":1,"minecraft:time_since_death":266558,"minecraft:climb_one_cm":1032,"minecraft:sprint_one_cm":224008,"minecraft:walk_one_cm":724815,"minecraft:drop":60,"minecraft:talked_to_villager":1,"minecraft:play_time":291165,"minecraft:sneak_time":7233,"minecraft:deaths":1,"minecraft:walk_under_water_one_cm":27940,"minecraft:interact_with_brewingstand":1,"minecraft:jump":2687,"minecraft:interact_with_blast_furnace":3,"minecraft:walk_on_water_one_cm":15524,"minecraft:total_world_time":291165,"minecraft:interact_with_furnace":166,"minecraft:interact_with_cartography_table":1,"minecraft:sleep_in_bed":5,"minecraft:time_since_rest":41638,"minecraft:damage_taken":1639,"minecraft:damage_dealt":5658,"minecraft:swim_one_cm":22941,"minecraft:fly_one_cm":287660,"minecraft:open_chest":178,"minecraft:crouch_one_cm":32740,"minecraft:fall_one_cm":58987},"minecraft:used":{"minecraft:stone_sword":1,"create_connected:encased_chain_cogwheel":7,"garnished:nut_sign":4,"minecraft:iron_sword":188,"minecraft:torch":180,"create:cogwheel":22,"minecraft:tuff":71,"minecraft:granite":5,"alexsmobs:maggot":2,"create:wrench":15,"minecraft:iron_axe":40,"create:gearbox":10,"minecraft:iron_helmet":1,"create:encased_chain_drive":3,"create:shaft":40,"create:mechanical_drill":12,"minecraft:oak_sapling":17,"minecraft:furnace":5,"minecraft:egg":1,"minecraft:cooked_beef":4,"minecraft:cobbled_deepslate":129,"create:belt_connector":5,"minecraft:water_bucket":8,"minecraft:diorite":2,"minecraft:baked_potato":5,"minecraft:stone_pickaxe":213,"minecraft:wooden_pickaxe":24,"create_dd:inverse_box":1,"minecraft:crafting_table":9,"minecraft:oak_log":5,"createcafe:coffee_beans":3,"minecraft:diamond_pickaxe":4,"minecraft:bread":13,"minecraft:iron_pickaxe":1281,"minecraft:gravel":1,"create_bic_bit:sunflower_seeds":1,"minecraft:stone_axe":152,"minecraft:cobblestone":215,"minecraft:cooked_porkchop":7,"minecraft:bucket":8,"alexsmobs:animal_dictionary":3,"minecraft:stripped_oak_log":88,"create:vertical_gearbox":2,"create:large_cogwheel":1},"minecraft:killed_by":{"minecraft:skeleton":1},"minecraft:dropped":{"farmersdelight:tomato_seeds":3,"minecraft:iron_ingot":7,"regions_unexplored:magnolia_planks":1,"regions_unexplored:fireweed":2,"minecraft:wheat_seeds":9,"minecraft:mossy_cobblestone":12,"createcafe:coffee_beans":2,"minecraft:apple":5,"minecraft:copper_ingot":3,"regions_unexplored:magnolia_sapling":1,"regions_unexplored:maple_planks":6,"regions_unexplored:daisy":1,"minecraft:dirt":24,"minecraft:gray_wool":1,"minecraft:wooden_axe":1,"minecraft:map":3,"minecraft:wooden_sword":1,"minecraft:sunflower":1,"create:iron_sheet":3,"minecraft:string":2,"minecraft:dandelion":1,"minecraft:bone":1,"regions_unexplored:stripped_magnolia_log":1,"minecraft:stone_sword":1,"alexsmobs:animal_dictionary":1,"minecraft:rotten_flesh":10,"creatingspace:copper_engine_wall":2,"regions_unexplored:hyssop":4,"create:copper_sheet":1,"createcafe:cassava_seeds":3,"creatingspace:iron_engine_wall":1,"minecraft:hopper":4,"minecraft:oak_sapling":1,"minecraft:wooden_pickaxe":1,"minecraft:stone_pickaxe":3,"create:water_wheel":5},"minecraft:picked_up":{"create:copper_sheet":2,"creatingspace:raw_nickel":40,"minecraft:crafting_table":6,"create_new_age:thorium":155,"garnished:nut_sign":1,"regions_unexplored:magnolia_log":33,"creatingspace:iron_engine_wall":2,"regions_unexplored:maple_planks":9,"minecraft:string":6,"minecraft:raw_copper":77,"createindustry:raw_nickel":4,"create:limestone":1,"minecraft:cobbled_deepslate":301,"delightful:acorn":2,"minecraft:beef":9,"minecraft:furnace":6,"minecraft:egg":1,"minecraft:stick":10,"minecraft:raw_iron":142,"minecraft:copper_ingot":3,"minecraft:torch":38,"create:andesite_casing":51,"minecraft:porkchop":9,"createcafe:cassava_seeds":3,"minecraft:diorite":22,"minecraft:redstone":177,"regions_unexplored:daisy":1,"create:vertical_gearbox":1,"minecraft:arrow":2,"minecraft:rotten_flesh":15,"createcafe:coffee_beans":7,"supplementaries:antique_ink":2,"minecraft:hay_block":10,"supplementaries:ash":9,"minecraft:mutton":6,"regions_unexplored:magnolia_sapling":1,"minecraft:white_wool":5,"minecraft:cobblestone":512,"minecraft:stripped_oak_log":29,"create:iron_sheet":6,"minecraft:andesite":13,"minecraft:leather":4,"minecraft:tuff":85,"create:raw_zinc":18,"minecraft:oak_log":33,"regions_unexplored:stripped_magnolia_log":1,"minecraft:dirt":29,"create:encased_chain_drive":3,"minecraft:bone":9,"minecraft:apple":8,"minecraft:kelp":207,"minecraft:wheat_seeds":9,"regions_unexplored:magnolia_planks":1,"create:mechanical_drill":6,"minecraft:raw_gold":7,"minecraft:iron_ingot":10,"minecraft:stone_pickaxe":2,"create:goggles":1,"create:shaft":22,"creatingspace:copper_engine_wall":2,"create_dd:inverse_box":1,"miners_delight:gossypium":1,"create:cogwheel":10,"minecraft:dandelion":1,"minecraft:gravel":1,"create_connected:encased_chain_cogwheel":7,"alexsmobs:animal_dictionary":1,"create:gearbox":7,"minecraft:mossy_cobblestone":12,"regions_unexplored:hyssop":4,"regions_unexplored:fireweed":2,"minecraft:diamond":5,"minecraft:iron_helmet":1,"minecraft:granite":28,"regions_unexplored:maple_log":5,"minecraft:gray_wool":3,"alexsmobs:maggot":2,"minecraft:oak_sapling":18,"create_bic_bit:sunflower_seeds":1,"minecraft:coal":308,"minecraft:sunflower":1},"minecraft:mined":{"create_connected:encased_chain_cogwheel":7,"miners_delight:wild_cave_carrots":1,"create:deepslate_zinc_ore":18,"minecraft:tuff":87,"minecraft:oak_sapling":5,"minecraft:deepslate_diamond_ore":5,"regions_unexplored:maple_log":5,"create:andesite_casing":51,"regions_unexplored:magnolia_log":33,"minecraft:granite":28,"minecraft:grass_block":9,"creatingspace:deepslate_nickel_ore":11,"create_new_age:thorium_ore":41,"minecraft:kelp":1,"minecraft:large_fern":3,"minecraft:hay_block":10,"minecraft:tall_seagrass":6,"regions_unexplored:stone_bud":14,"create:shaft":25,"minecraft:furnace":4,"minecraft:cobbled_deepslate":7,"minecraft:iron_ore":78,"minecraft:fire":1,"createindustry:nickel_ore":4,"regions_unexplored:mossy_stone":12,"minecraft:andesite":14,"minecraft:deepslate_iron_ore":11,"minecraft:stripped_oak_log":29,"regions_unexplored:medium_grass":15,"garnished:nut_sign":1,"minecraft:stone":479,"create:limestone":1,"minecraft:deepslate_redstone_ore":42,"create:cogwheel":7,"creatingspace:nickel_ore":29,"minecraft:kelp_plant":31,"minecraft:crafting_table":7,"minecraft:torch":7,"garnished:nut_wall_sign":1,"minecraft:copper_ore":20,"minecraft:tall_grass":1,"minecraft:cobblestone":33,"minecraft:deepslate_gold_ore":7,"regions_unexplored:daisy":1,"minecraft:diorite":22,"minecraft:wall_torch":30,"supplementaries:urn":4,"minecraft:seagrass":2,"regions_unexplored:hyssop":6,"minecraft:coarse_dirt":2,"create:gearbox":9,"create:mechanical_drill":6,"minecraft:grass":26,"minecraft:oak_log":35,"minecraft:coal_ore":141,"regions_unexplored:stripped_magnolia_log":1,"minecraft:gravel":1,"minecraft:dirt":5,"create:encased_chain_drive":3,"create_dd:inverse_box":1,"minecraft:oak_leaves":22,"minecraft:deepslate":292,"regions_unexplored:fireweed":2}},"DataVersion":3120}