{"stats":{"minecraft:killed_by":{"minecraft:skeleton":1},"minecraft:picked_up":{"minecraft:crafting_table":2,"regions_unexplored:magnolia_log":8,"minecraft:string":4,"minecraft:dirt":4,"minecraft:bone":1,"minecraft:wheat_seeds":3,"minecraft:furnace":1,"minecraft:egg":1,"minecraft:raw_iron":10,"minecraft:stick":5,"createcafe:cassava_seeds":2,"minecraft:porkchop":4,"minecraft:mossy_cobblestone":11,"regions_unexplored:daisy":1,"regions_unexplored:hyssop":4,"minecraft:rotten_flesh":4,"createcafe:coffee_beans":1,"regions_unexplored:fireweed":2,"regions_unexplored:maple_log":5,"alexsmobs:maggot":2,"create_bic_bit:sunflower_seeds":1,"minecraft:mutton":1,"minecraft:coal":31,"minecraft:white_wool":1,"minecraft:cobblestone":36,"minecraft:sunflower":1},"minecraft:custom":{"minecraft:interact_with_furnace":20,"minecraft:mob_kills":11,"minecraft:interact_with_cartography_table":1,"minecraft:interact_with_crafting_table":18,"minecraft:time_since_death":13118,"minecraft:climb_one_cm":1032,"minecraft:time_since_rest":13146,"minecraft:sprint_one_cm":76170,"minecraft:damage_taken":530,"minecraft:walk_one_cm":99483,"minecraft:drop":17,"minecraft:damage_dealt":1553,"minecraft:talked_to_villager":1,"minecraft:fly_one_cm":114893,"minecraft:open_chest":2,"minecraft:play_time":37725,"minecraft:deaths":1,"minecraft:sneak_time":6,"minecraft:jump":686,"minecraft:walk_on_water_one_cm":173,"minecraft:total_world_time":37725,"minecraft:fall_one_cm":13591},"minecraft:used":{"minecraft:stone_sword":1,"minecraft:stone_pickaxe":22,"minecraft:wooden_pickaxe":24,"minecraft:iron_sword":36,"minecraft:crafting_table":3,"alexsmobs:maggot":2,"minecraft:bread":6,"minecraft:iron_pickaxe":32,"create_bic_bit:sunflower_seeds":1,"minecraft:stone_axe":10,"minecraft:furnace":1,"minecraft:cooked_porkchop":2,"alexsmobs:animal_dictionary":1,"minecraft:egg":1},"minecraft:dropped":{"regions_unexplored:fireweed":2,"minecraft:wheat_seeds":3,"minecraft:stone_sword":1,"minecraft:mossy_cobblestone":10,"createcafe:coffee_beans":1,"minecraft:rotten_flesh":4,"regions_unexplored:hyssop":3,"regions_unexplored:daisy":1,"minecraft:dirt":4,"minecraft:wooden_axe":1,"minecraft:oak_sapling":1,"minecraft:wooden_sword":1,"minecraft:sunflower":1,"minecraft:wooden_pickaxe":1,"minecraft:string":2},"minecraft:killed":{"minecraft:pig":3,"alexsmobs:seal":1,"minecraft:spider":3,"minecraft:sheep":1,"minecraft:skeleton":1,"minecraft:zombie":1,"alexsmobs:fly":1},"minecraft:mined":{"regions_unexplored:maple_log":5,"regions_unexplored:magnolia_log":8,"minecraft:crafting_table":2,"minecraft:grass_block":3,"minecraft:tall_grass":1,"regions_unexplored:daisy":1,"minecraft:large_fern":3,"regions_unexplored:hyssop":6,"minecraft:coarse_dirt":2,"regions_unexplored:stone_bud":9,"minecraft:furnace":1,"minecraft:iron_ore":10,"regions_unexplored:mossy_stone":11,"minecraft:grass":16,"minecraft:coal_ore":16,"minecraft:dirt":1,"regions_unexplored:medium_grass":5,"minecraft:stone":36,"regions_unexplored:fireweed":2},"minecraft:crafted":{"minecraft:wooden_sword":1,"minecraft:cooked_porkchop":4,"minecraft:crafting_table":2,"minecraft:baked_potato":5,"regions_unexplored:maple_planks":20,"minecraft:wooden_pickaxe":1,"minecraft:iron_sword":1,"minecraft:furnace":1,"minecraft:stone_axe":1,"minecraft:air":0,"minecraft:stick":32,"minecraft:iron_ingot":10,"minecraft:iron_pickaxe":1,"minecraft:stone_pickaxe":1,"minecraft:wooden_axe":1,"minecraft:stone_sword":1,"regions_unexplored:magnolia_planks":16}},"DataVersion":3120}