{"stats":{"minecraft:picked_up":{"minecraft:wheat_seeds":2,"minecraft:string":2},"minecraft:custom":{"minecraft:jump":23,"minecraft:time_since_rest":1725,"minecraft:damage_dealt":158,"minecraft:walk_on_water_one_cm":173,"minecraft:sprint_one_cm":3505,"minecraft:play_time":1725,"minecraft:damage_taken":120,"minecraft:time_since_death":1725,"minecraft:walk_one_cm":4167,"minecraft:total_world_time":1725,"minecraft:mob_kills":1,"minecraft:fall_one_cm":418,"minecraft:fly_one_cm":3752},"minecraft:killed":{"minecraft:spider":1},"minecraft:mined":{"minecraft:grass":4}},"DataVersion":3120}