{"stats":{"minecraft:killed_by":{"minecraft:skeleton":1},"minecraft:broken":{"minecraft:iron_pickaxe":1},"minecraft:picked_up":{"create_new_age:thorium":133,"minecraft:crafting_table":3,"regions_unexplored:magnolia_log":33,"minecraft:leather":1,"regions_unexplored:stripped_magnolia_log":1,"minecraft:string":6,"minecraft:dirt":5,"minecraft:bone":1,"minecraft:wheat_seeds":9,"minecraft:beef":3,"minecraft:furnace":1,"minecraft:egg":1,"minecraft:raw_iron":39,"minecraft:stick":5,"createcafe:cassava_seeds":2,"minecraft:porkchop":9,"minecraft:mossy_cobblestone":12,"regions_unexplored:daisy":1,"regions_unexplored:hyssop":4,"minecraft:rotten_flesh":7,"createcafe:coffee_beans":3,"regions_unexplored:fireweed":2,"minecraft:hay_block":10,"regions_unexplored:maple_log":5,"minecraft:gray_wool":1,"alexsmobs:maggot":2,"create_bic_bit:sunflower_seeds":1,"minecraft:mutton":4,"regions_unexplored:magnolia_sapling":1,"minecraft:coal":99,"minecraft:white_wool":2,"minecraft:cobblestone":119,"minecraft:sunflower":1},"minecraft:custom":{"minecraft:interact_with_furnace":20,"minecraft:mob_kills":22,"minecraft:interact_with_cartography_table":1,"minecraft:interact_with_crafting_table":22,"minecraft:time_since_death":37118,"minecraft:sleep_in_bed":1,"minecraft:climb_one_cm":1032,"minecraft:time_since_rest":17945,"minecraft:sprint_one_cm":80508,"minecraft:damage_taken":655,"minecraft:walk_one_cm":206854,"minecraft:drop":28,"minecraft:damage_dealt":3098,"minecraft:talked_to_villager":1,"minecraft:fly_one_cm":121451,"minecraft:open_chest":5,"minecraft:play_time":61725,"minecraft:deaths":1,"minecraft:sneak_time":6,"minecraft:jump":1006,"minecraft:interact_with_blast_furnace":3,"minecraft:walk_on_water_one_cm":1358,"minecraft:total_world_time":61725,"minecraft:fall_one_cm":17798},"minecraft:used":{"minecraft:stone_sword":1,"minecraft:stone_pickaxe":25,"minecraft:wooden_pickaxe":24,"minecraft:iron_sword":85,"minecraft:torch":6,"minecraft:crafting_table":5,"alexsmobs:maggot":2,"minecraft:bread":8,"minecraft:iron_pickaxe":254,"create_bic_bit:sunflower_seeds":1,"minecraft:stone_axe":44,"minecraft:cobblestone":1,"minecraft:furnace":1,"minecraft:cooked_porkchop":2,"alexsmobs:animal_dictionary":3,"minecraft:egg":1},"minecraft:dropped":{"regions_unexplored:fireweed":2,"minecraft:wheat_seeds":9,"minecraft:stone_sword":1,"regions_unexplored:stripped_magnolia_log":1,"minecraft:mossy_cobblestone":11,"createcafe:coffee_beans":2,"minecraft:rotten_flesh":7,"regions_unexplored:hyssop":4,"regions_unexplored:magnolia_sapling":1,"regions_unexplored:daisy":1,"createcafe:cassava_seeds":2,"minecraft:dirt":5,"minecraft:wooden_axe":1,"minecraft:oak_sapling":1,"minecraft:wooden_sword":1,"minecraft:sunflower":1,"minecraft:stone_pickaxe":1,"minecraft:wooden_pickaxe":1,"minecraft:string":2,"minecraft:bone":1},"minecraft:killed":{"minecraft:pig":5,"alexsmobs:skunk":1,"alexsmobs:seal":1,"minecraft:spider":4,"minecraft:sheep":3,"minecraft:skeleton":1,"minecraft:zombie":5,"alexsmobs:fly":1,"minecraft:cow":1},"minecraft:mined":{"regions_unexplored:maple_log":5,"regions_unexplored:magnolia_log":33,"minecraft:crafting_table":3,"minecraft:grass_block":3,"create_new_age:thorium_ore":36,"minecraft:tall_grass":1,"minecraft:cobblestone":1,"regions_unexplored:daisy":1,"minecraft:large_fern":3,"minecraft:hay_block":10,"regions_unexplored:hyssop":6,"minecraft:coarse_dirt":2,"regions_unexplored:stone_bud":11,"minecraft:furnace":1,"minecraft:fire":1,"minecraft:iron_ore":39,"regions_unexplored:mossy_stone":12,"minecraft:grass":19,"minecraft:coal_ore":85,"regions_unexplored:stripped_magnolia_log":1,"minecraft:dirt":1,"regions_unexplored:medium_grass":11,"minecraft:stone":122,"regions_unexplored:fireweed":2},"minecraft:crafted":{"minecraft:wooden_sword":1,"minecraft:cooked_porkchop":4,"minecraft:crafting_table":2,"minecraft:baked_potato":5,"regions_unexplored:maple_planks":20,"minecraft:wooden_pickaxe":1,"minecraft:iron_sword":1,"minecraft:furnace":1,"minecraft:stone_axe":1,"minecraft:air":0,"minecraft:iron_chestplate":1,"minecraft:stick":48,"minecraft:iron_ingot":15,"minecraft:iron_pickaxe":1,"minecraft:stone_pickaxe":3,"minecraft:wooden_axe":1,"minecraft:stone_sword":1,"minecraft:torch":64,"regions_unexplored:magnolia_planks":16}},"DataVersion":3120}