{"stats":{"minecraft:killed":{"minecraft:spider":4,"minecraft:skeleton":3,"minecraft:pig":5,"alexsmobs:seal":1,"minecraft:sheep":5,"minecraft:zombie":11,"alexsmobs:fly":1,"minecraft:cow":6,"alexsmobs:skunk":1},"minecraft:crafted":{"minecraft:oak_planks":132,"regions_unexplored:maple_planks":20,"minecraft:diamond_shovel":1,"create:mechanical_bearing":1,"minecraft:green_dye":9,"create:vertical_gearbox":4,"minecraft:hopper":4,"create:andesite_funnel":2,"minecraft:iron_boots":1,"createindustry:nickel_ingot":4,"garnished:nut_planks":20,"minecraft:chest":1,"create:cogwheel":76,"create_connected:encased_chain_cogwheel":3,"minecraft:oak_slab":6,"quark:blossom_planks":44,"sophisticatedbackpacks:backpack":1,"minecraft:cooked_porkchop":9,"minecraft:crafting_table":6,"minecraft:wooden_pickaxe":1,"minecraft:baked_potato":5,"minecraft:iron_helmet":1,"minecraft:copper_ingot":77,"create:encased_chain_drive":3,"create:gearbox":11,"minecraft:iron_chestplate":1,"create_dd:inverse_box":1,"minecraft:diamond_pickaxe":1,"create:water_wheel":5,"create:super_glue":4,"minecraft:stick":124,"quark:oak_chest":1,"minecraft:iron_ingot":145,"minecraft:iron_pickaxe":6,"minecraft:stone_sword":1,"create:large_cogwheel":3,"garnished:nut_sign":3,"minecraft:shears":1,"minecraft:wooden_sword":1,"everycomp:q/regions_unexplored/magnolia_chest":9,"create:wrench":1,"minecraft:iron_nugget":378,"create:white_sail":22,"minecraft:furnace":1,"minecraft:bone_meal":24,"creatingspace:nickel_ingot":33,"minecraft:polished_deepslate":4,"minecraft:iron_axe":1,"minecraft:slime_ball":10,"create:millstone":1,"minecraft:lime_dye":18,"minecraft:stone_pickaxe":3,"create:belt_connector":24,"create:windmill_bearing":1,"regions_unexplored:magnolia_planks":100,"sophisticatedbackpacks:iron_backpack":1,"minecraft:wheat":90,"minecraft:cooked_beef":8,"create:andesite_alloy":101,"quark:vertical_oak_planks":3,"minecraft:dried_kelp":193,"minecraft:iron_sword":1,"create:dough":10,"create:large_water_wheel":4,"minecraft:bucket":1,"minecraft:stone_axe":1,"minecraft:air":0,"minecraft:white_dye":24,"minecraft:wooden_axe":1,"minecraft:iron_leggings":1,"create:mechanical_drill":6,"minecraft:andesite":128,"create:shaft":112,"minecraft:torch":164,"create:zinc_ingot":18},"minecraft:broken":{"minecraft:stone_axe":1,"minecraft:iron_pickaxe":5},"minecraft:custom":{"minecraft:interact_with_crafting_table":136,"minecraft:leave_game":2,"minecraft:time_since_death":348429,"minecraft:sprint_one_cm":356963,"minecraft:drop":90,"minecraft:talked_to_villager":1,"minecraft:play_time":373036,"minecraft:deaths":1,"minecraft:jump":3643,"minecraft:interact_with_brewingstand":1,"minecraft:walk_on_water_one_cm":19553,"minecraft:enchant_item":1,"minecraft:interact_with_furnace":175,"minecraft:interact_with_cartography_table":1,"minecraft:sleep_in_bed":5,"minecraft:damage_dealt":5758,"minecraft:crouch_one_cm":48587,"minecraft:mob_kills":38,"minecraft:climb_one_cm":1032,"minecraft:walk_one_cm":907362,"minecraft:sneak_time":11713,"minecraft:walk_under_water_one_cm":32254,"minecraft:interact_with_blast_furnace":3,"minecraft:total_world_time":373036,"minecraft:time_since_rest":123509,"minecraft:damage_taken":2670,"minecraft:swim_one_cm":27055,"minecraft:fly_one_cm":447277,"minecraft:open_chest":244,"minecraft:fall_one_cm":84809},"minecraft:used":{"create_connected:encased_chain_cogwheel":7,"minecraft:iron_sword":192,"create:white_sail":40,"create:cogwheel":26,"minecraft:tuff":71,"minecraft:lava_bucket":2,"farmersdelight:fried_rice":8,"minecraft:iron_helmet":1,"create:millstone":3,"create:andesite_funnel":7,"create:shaft":48,"minecraft:furnace":5,"minecraft:oak_sapling":17,"create:mechanical_drill":12,"minecraft:egg":1,"minecraft:diorite":2,"minecraft:stone_pickaxe":213,"minecraft:oak_planks":6,"minecraft:wooden_pickaxe":24,"extradelight:ginger":2,"create_dd:inverse_box":2,"createcafe:coffee_beans":3,"minecraft:bread":13,"minecraft:gravel":1,"create_bic_bit:sunflower_seeds":1,"minecraft:andesite":2,"create:vertical_gearbox":6,"create:large_cogwheel":2,"delightful:acorn":1,"minecraft:stone_sword":1,"garnished:nut_sign":4,"minecraft:torch":180,"minecraft:dirt":50,"minecraft:granite":5,"alexsmobs:maggot":2,"create:wrench":76,"create:gearbox":18,"minecraft:iron_axe":56,"create:encased_chain_drive":3,"minecraft:cooked_beef":5,"minecraft:cobbled_deepslate":194,"create:belt_connector":5,"minecraft:water_bucket":12,"minecraft:baked_potato":5,"minecraft:cartography_table":1,"minecraft:crafting_table":12,"minecraft:oak_log":5,"minecraft:diamond_pickaxe":69,"minecraft:diamond_shovel":97,"create:mechanical_press":1,"create:windmill_bearing":1,"minecraft:iron_pickaxe":1281,"create:large_water_wheel":12,"minecraft:stone_axe":152,"minecraft:cobblestone":215,"minecraft:cooked_porkchop":7,"minecraft:bucket":18,"quark:oak_chest":2,"alexsmobs:animal_dictionary":3,"minecraft:stripped_oak_log":88},"minecraft:killed_by":{"minecraft:skeleton":1},"minecraft:dropped":{"minecraft:cooked_beef":3,"regions_unexplored:maple_planks":6,"regions_unexplored:magnolia_sapling":1,"minecraft:dirt":29,"miners_delight:gossypium":1,"minecraft:wooden_sword":1,"minecraft:sunflower":1,"create:iron_sheet":3,"minecraft:bone":1,"alexsmobs:animal_dictionary":1,"regions_unexplored:stripped_magnolia_log":1,"minecraft:wheat":91,"minecraft:rotten_flesh":10,"creatingspace:copper_engine_wall":2,"createcafe:cassava_seeds":4,"creatingspace:iron_engine_wall":1,"minecraft:hopper":4,"create:water_wheel":5,"farmersdelight:tomato_seeds":3,"minecraft:iron_ingot":7,"regions_unexplored:magnolia_planks":1,"regions_unexplored:fireweed":2,"minecraft:wheat_seeds":31,"minecraft:mossy_cobblestone":12,"createcafe:coffee_beans":4,"minecraft:cobblestone":64,"minecraft:apple":5,"minecraft:copper_ingot":3,"regions_unexplored:daisy":1,"minecraft:gray_wool":1,"minecraft:wooden_axe":1,"minecraft:map":3,"minecraft:string":2,"minecraft:dandelion":1,"minecraft:stone_sword":1,"minecraft:bowl":6,"regions_unexplored:hyssop":4,"create:copper_sheet":1,"minecraft:oak_sapling":1,"minecraft:stone_pickaxe":5,"minecraft:wooden_pickaxe":1},"minecraft:picked_up":{"minecraft:wheat":1,"regions_unexplored:magnolia_log":33,"regions_unexplored:maple_planks":9,"minecraft:string":6,"minecraft:raw_copper":77,"createindustry:raw_nickel":4,"create:limestone":1,"create:andesite_funnel":6,"create:mechanical_press":1,"minecraft:cobbled_deepslate":310,"delightful:acorn":2,"minecraft:furnace":6,"minecraft:stick":10,"minecraft:torch":38,"create:andesite_casing":51,"minecraft:porkchop":9,"createcafe:cassava_seeds":4,"minecraft:diorite":22,"regions_unexplored:daisy":1,"minecraft:cactus":23,"minecraft:rotten_flesh":15,"createcafe:coffee_beans":8,"supplementaries:antique_ink":2,"supplementaries:ash":9,"regions_unexplored:magnolia_sapling":1,"minecraft:cobblestone":1300,"minecraft:andesite":15,"minecraft:tuff":85,"create:raw_zinc":18,"minecraft:dirt":127,"create:encased_chain_drive":3,"minecraft:bone":9,"regions_unexplored:magnolia_planks":1,"minecraft:wheat_seeds":23,"create:mechanical_drill":6,"minecraft:raw_gold":7,"create:goggles":1,"create:shaft":25,"minecraft:oak_planks":5,"miners_delight:gossypium":1,"create:cogwheel":11,"create_connected:encased_chain_cogwheel":7,"alexsmobs:animal_dictionary":1,"minecraft:mossy_cobblestone":12,"regions_unexplored:hyssop":4,"minecraft:diamond":5,"minecraft:granite":28,"alexsmobs:maggot":2,"minecraft:oak_sapling":18,"create:white_sail":2,"create:copper_sheet":2,"creatingspace:raw_nickel":40,"create_new_age:thorium":155,"minecraft:crafting_table":6,"garnished:nut_sign":1,"creatingspace:iron_engine_wall":2,"minecraft:beef":12,"minecraft:egg":1,"minecraft:raw_iron":160,"minecraft:sandstone":6,"minecraft:copper_ingot":3,"minecraft:bowl":2,"extradelight:ginger":3,"minecraft:redstone":177,"create:vertical_gearbox":2,"minecraft:arrow":2,"minecraft:hay_block":10,"minecraft:mutton":6,"minecraft:white_wool":17,"minecraft:stripped_oak_log":29,"create:iron_sheet":6,"minecraft:leather":5,"minecraft:oak_log":33,"regions_unexplored:stripped_magnolia_log":1,"minecraft:apple":8,"garnished:ritualistic_stone":1,"minecraft:kelp":207,"minecraft:iron_ingot":14,"minecraft:stone_pickaxe":2,"creatingspace:copper_engine_wall":2,"create_dd:inverse_box":1,"create:large_water_wheel":8,"minecraft:dandelion":1,"minecraft:gravel":7,"quark:oak_chest":2,"create:gearbox":11,"create:wheat_flour":82,"create:millstone":2,"regions_unexplored:fireweed":2,"minecraft:iron_helmet":1,"regions_unexplored:maple_log":5,"minecraft:gray_wool":3,"create_bic_bit:sunflower_seeds":1,"minecraft:coal":308,"minecraft:sunflower":1},"minecraft:mined":{"miners_delight:wild_cave_carrots":1,"create:deepslate_zinc_ore":18,"minecraft:oak_sapling":5,"regions_unexplored:maple_log":5,"create:andesite_casing":51,"regions_unexplored:magnolia_log":33,"minecraft:granite":28,"minecraft:grass_block":77,"creatingspace:deepslate_nickel_ore":11,"minecraft:tall_seagrass":7,"regions_unexplored:stone_bud":14,"minecraft:cobbled_deepslate":17,"minecraft:iron_ore":86,"minecraft:fire":1,"createindustry:nickel_ore":4,"regions_unexplored:mossy_stone":12,"create:mechanical_press":1,"create:limestone":1,"minecraft:deepslate_redstone_ore":42,"create:cogwheel":8,"creatingspace:nickel_ore":29,"minecraft:kelp_plant":31,"minecraft:torch":7,"garnished:ritualistic_stone":1,"garnished:nut_wall_sign":1,"minecraft:cobblestone":33,"minecraft:oak_planks":5,"minecraft:wall_torch":30,"create:large_water_wheel":4,"minecraft:seagrass":6,"create:andesite_belt_funnel":2,"regions_unexplored:hyssop":6,"extradelight:wild_ginger":3,"minecraft:grass":28,"minecraft:oak_log":35,"minecraft:dirt":39,"create:encased_chain_drive":3,"minecraft:oak_leaves":22,"regions_unexplored:fireweed":2,"minecraft:deepslate":292,"create_connected:encased_chain_cogwheel":7,"minecraft:tuff":87,"create:millstone":2,"minecraft:deepslate_diamond_ore":5,"create_new_age:thorium_ore":41,"minecraft:kelp":1,"minecraft:sandstone":6,"minecraft:large_fern":3,"minecraft:hay_block":10,"create:shaft":28,"minecraft:furnace":4,"create:white_sail":2,"minecraft:andesite":16,"minecraft:deepslate_iron_ore":11,"minecraft:stripped_oak_log":29,"regions_unexplored:medium_grass":15,"garnished:nut_sign":1,"minecraft:stone":479,"quark:oak_chest":2,"minecraft:crafting_table":7,"minecraft:tall_grass":1,"minecraft:copper_ore":20,"minecraft:deepslate_gold_ore":7,"regions_unexplored:daisy":1,"minecraft:diorite":22,"supplementaries:urn":4,"create:water_wheel_structure":4,"minecraft:cactus":14,"minecraft:coarse_dirt":2,"create:gearbox":14,"create:mechanical_drill":6,"minecraft:coal_ore":141,"regions_unexplored:stripped_magnolia_log":1,"minecraft:gravel":1,"create_dd:inverse_box":1,"create:andesite_funnel":4}},"DataVersion":3120}