{"stats":{"minecraft:killed_by":{"minecraft:skeleton":1},"minecraft:broken":{"minecraft:iron_pickaxe":2},"minecraft:picked_up":{"creatingspace:raw_nickel":29,"minecraft:crafting_table":6,"create_new_age:thorium":133,"regions_unexplored:magnolia_log":33,"regions_unexplored:maple_planks":9,"minecraft:string":6,"minecraft:raw_copper":77,"minecraft:cobbled_deepslate":5,"minecraft:beef":8,"minecraft:egg":1,"minecraft:furnace":4,"minecraft:stick":8,"minecraft:raw_iron":115,"minecraft:torch":6,"minecraft:porkchop":9,"createcafe:cassava_seeds":2,"minecraft:diorite":20,"minecraft:redstone":2,"regions_unexplored:daisy":1,"minecraft:rotten_flesh":7,"createcafe:coffee_beans":3,"minecraft:hay_block":10,"supplementaries:antique_ink":2,"supplementaries:ash":9,"minecraft:mutton":4,"regions_unexplored:magnolia_sapling":1,"minecraft:cobblestone":423,"minecraft:white_wool":4,"minecraft:andesite":3,"minecraft:leather":4,"minecraft:tuff":1,"create:raw_zinc":18,"minecraft:dirt":5,"regions_unexplored:stripped_magnolia_log":1,"minecraft:bone":1,"minecraft:apple":6,"minecraft:wheat_seeds":9,"regions_unexplored:magnolia_planks":1,"minecraft:iron_ingot":7,"minecraft:stone_pickaxe":2,"miners_delight:gossypium":1,"minecraft:gravel":1,"alexsmobs:animal_dictionary":1,"minecraft:mossy_cobblestone":12,"regions_unexplored:hyssop":4,"regions_unexplored:fireweed":2,"minecraft:granite":19,"regions_unexplored:maple_log":5,"minecraft:gray_wool":3,"alexsmobs:maggot":2,"create_bic_bit:sunflower_seeds":1,"minecraft:coal":246,"minecraft:sunflower":1},"minecraft:custom":{"minecraft:mob_kills":28,"minecraft:interact_with_crafting_table":38,"minecraft:time_since_death":73118,"minecraft:climb_one_cm":1032,"minecraft:sprint_one_cm":84954,"minecraft:walk_one_cm":293669,"minecraft:drop":37,"minecraft:talked_to_villager":1,"minecraft:play_time":97725,"minecraft:deaths":1,"minecraft:sneak_time":374,"minecraft:jump":1257,"minecraft:interact_with_blast_furnace":3,"minecraft:walk_on_water_one_cm":5080,"minecraft:total_world_time":97725,"minecraft:interact_with_furnace":33,"minecraft:interact_with_cartography_table":1,"minecraft:sleep_in_bed":1,"minecraft:time_since_rest":53945,"minecraft:damage_taken":818,"minecraft:damage_dealt":4211,"minecraft:fly_one_cm":127886,"minecraft:open_chest":5,"minecraft:crouch_one_cm":818,"minecraft:fall_one_cm":25496},"minecraft:used":{"minecraft:stone_sword":1,"minecraft:iron_sword":113,"minecraft:torch":94,"alexsmobs:maggot":2,"minecraft:iron_helmet":1,"minecraft:furnace":3,"minecraft:egg":1,"minecraft:stone_pickaxe":152,"minecraft:wooden_pickaxe":24,"minecraft:crafting_table":8,"minecraft:bread":11,"minecraft:iron_pickaxe":665,"minecraft:gravel":1,"minecraft:stone_axe":48,"create_bic_bit:sunflower_seeds":1,"minecraft:cobblestone":15,"minecraft:cooked_porkchop":2,"alexsmobs:animal_dictionary":3},"minecraft:dropped":{"farmersdelight:tomato_seeds":3,"regions_unexplored:magnolia_planks":1,"regions_unexplored:fireweed":2,"minecraft:wheat_seeds":9,"minecraft:mossy_cobblestone":11,"createcafe:coffee_beans":2,"minecraft:apple":5,"regions_unexplored:daisy":1,"regions_unexplored:maple_planks":6,"regions_unexplored:magnolia_sapling":1,"minecraft:dirt":5,"minecraft:gray_wool":1,"minecraft:wooden_axe":1,"minecraft:map":3,"minecraft:wooden_sword":1,"minecraft:sunflower":1,"minecraft:string":2,"minecraft:bone":1,"regions_unexplored:stripped_magnolia_log":1,"minecraft:stone_sword":1,"alexsmobs:animal_dictionary":1,"minecraft:rotten_flesh":7,"regions_unexplored:hyssop":4,"createcafe:cassava_seeds":2,"minecraft:oak_sapling":1,"minecraft:stone_pickaxe":3,"minecraft:wooden_pickaxe":1},"minecraft:killed":{"minecraft:spider":4,"minecraft:skeleton":1,"minecraft:pig":5,"alexsmobs:skunk":1,"alexsmobs:seal":1,"minecraft:sheep":3,"minecraft:zombie":8,"alexsmobs:fly":1,"minecraft:cow":4},"minecraft:mined":{"miners_delight:wild_cave_carrots":1,"create:deepslate_zinc_ore":18,"minecraft:tuff":1,"regions_unexplored:maple_log":5,"regions_unexplored:magnolia_log":33,"minecraft:granite":19,"minecraft:grass_block":3,"create_new_age:thorium_ore":36,"minecraft:large_fern":3,"minecraft:hay_block":10,"regions_unexplored:stone_bud":14,"minecraft:furnace":3,"minecraft:iron_ore":78,"minecraft:fire":1,"regions_unexplored:mossy_stone":12,"minecraft:andesite":4,"minecraft:deepslate_iron_ore":11,"regions_unexplored:medium_grass":15,"minecraft:stone":423,"minecraft:deepslate_redstone_ore":2,"creatingspace:nickel_ore":29,"minecraft:crafting_table":7,"minecraft:cobblestone":1,"minecraft:tall_grass":1,"minecraft:copper_ore":20,"minecraft:deepslate_gold_ore":1,"regions_unexplored:daisy":1,"minecraft:diorite":20,"minecraft:wall_torch":4,"supplementaries:urn":3,"regions_unexplored:hyssop":6,"minecraft:coarse_dirt":2,"minecraft:grass":20,"minecraft:coal_ore":141,"regions_unexplored:stripped_magnolia_log":1,"minecraft:dirt":1,"minecraft:gravel":1,"minecraft:deepslate":2,"regions_unexplored:fireweed":2},"minecraft:crafted":{"minecraft:wooden_sword":1,"everycomp:q/regions_unexplored/magnolia_chest":1,"regions_unexplored:maple_planks":20,"minecraft:furnace":1,"minecraft:iron_boots":1,"minecraft:stone_pickaxe":3,"minecraft:chest":1,"regions_unexplored:magnolia_planks":32,"sophisticatedbackpacks:iron_backpack":1,"sophisticatedbackpacks:backpack":1,"minecraft:cooked_porkchop":4,"minecraft:crafting_table":3,"minecraft:wooden_pickaxe":1,"minecraft:baked_potato":5,"minecraft:iron_helmet":1,"minecraft:iron_sword":1,"minecraft:stone_axe":1,"minecraft:air":0,"minecraft:iron_chestplate":1,"minecraft:stick":48,"minecraft:iron_pickaxe":4,"minecraft:iron_ingot":43,"minecraft:wooden_axe":1,"minecraft:stone_sword":1,"minecraft:iron_leggings":1,"minecraft:torch":100}},"DataVersion":3120}