{"stats":{"minecraft:picked_up":{"regions_unexplored:magnolia_log":8,"minecraft:porkchop":3,"createcafe:cassava_seeds":2,"minecraft:dirt":4,"regions_unexplored:daisy":1,"minecraft:string":2,"minecraft:mossy_cobblestone":2,"regions_unexplored:hyssop":3,"regions_unexplored:fireweed":2,"createcafe:coffee_beans":1,"minecraft:wheat_seeds":2,"create_bic_bit:sunflower_seeds":1,"minecraft:cobblestone":14,"minecraft:sunflower":1},"minecraft:custom":{"minecraft:time_since_rest":13725,"minecraft:sprint_one_cm":20344,"minecraft:damage_taken":190,"minecraft:walk_one_cm":31781,"minecraft:mob_kills":3,"minecraft:damage_dealt":358,"minecraft:interact_with_crafting_table":3,"minecraft:fly_one_cm":29515,"minecraft:play_time":13725,"minecraft:jump":236,"minecraft:walk_on_water_one_cm":173,"minecraft:time_since_death":13725,"minecraft:total_world_time":13725,"minecraft:fall_one_cm":2635},"minecraft:used":{"minecraft:wooden_pickaxe":18,"create_bic_bit:sunflower_seeds":1,"minecraft:crafting_table":1},"minecraft:killed":{"minecraft:pig":2,"minecraft:spider":1},"minecraft:mined":{"regions_unexplored:hyssop":5,"regions_unexplored:stone_bud":4,"regions_unexplored:mossy_stone":2,"regions_unexplored:magnolia_log":8,"minecraft:grass":15,"minecraft:grass_block":3,"minecraft:dirt":1,"regions_unexplored:medium_grass":4,"regions_unexplored:daisy":1,"minecraft:stone":15,"regions_unexplored:fireweed":2},"minecraft:crafted":{"minecraft:wooden_sword":1,"minecraft:crafting_table":1,"minecraft:stick":32,"minecraft:wooden_pickaxe":1,"minecraft:wooden_axe":1,"regions_unexplored:magnolia_planks":16}},"DataVersion":3120}