{"stats":{"minecraft:killed":{"minecraft:spider":5,"quark:forgotten":1,"minecraft:skeleton":5,"minecraft:piglin":3,"minecraft:pig":7,"alexsmobs:seal":1,"alexsmobs:stradpole":1,"minecraft:sheep":5,"minecraft:zombie":15,"minecraft:ghast":1,"alexsmobs:fly":1,"minecraft:glow_squid":1,"minecraft:blaze":1,"minecraft:cow":6,"alexsmobs:soul_vulture":3,"alexsmobs:skunk":1,"quark:foxhound":3,"minecraft:wither_skeleton":9},"minecraft:crafted":{"minecraft:oak_planks":256,"regions_unexplored:maple_planks":20,"minecraft:diamond_shovel":1,"create:mechanical_bearing":1,"minecraft:green_dye":23,"create:vertical_gearbox":5,"minecraft:hopper":4,"minecraft:diamond_helmet":1,"create:andesite_funnel":2,"minecraft:diamond_leggings":1,"minecraft:iron_boots":1,"createindustry:nickel_ingot":4,"garnished:nut_planks":20,"minecraft:chest":1,"create:cogwheel":92,"create_connected:encased_chain_cogwheel":3,"minecraft:oak_slab":6,"minecraft:emerald":24,"quark:blossom_planks":44,"sophisticatedbackpacks:backpack":1,"minecraft:cooked_porkchop":13,"minecraft:crafting_table":8,"minecraft:wooden_pickaxe":1,"minecraft:baked_potato":5,"minecraft:iron_helmet":1,"minecraft:copper_ingot":77,"create:encased_chain_drive":3,"create:mechanical_mixer":1,"create:gearbox":13,"minecraft:iron_chestplate":1,"create_dd:inverse_box":1,"minecraft:diamond_pickaxe":1,"create:water_wheel":5,"create:super_glue":4,"minecraft:stick":188,"quark:oak_chest":5,"minecraft:iron_ingot":191,"minecraft:iron_pickaxe":6,"minecraft:stone_sword":1,"minecraft:gold_ingot":125,"create:large_cogwheel":3,"garnished:nut_sign":3,"minecraft:shears":1,"minecraft:golden_carrot":21,"minecraft:wooden_sword":1,"everycomp:q/regions_unexplored/magnolia_chest":9,"create:wrench":1,"minecraft:iron_nugget":414,"create:white_sail":50,"immersive_aircraft:sail":1,"minecraft:furnace":1,"minecraft:bone_meal":24,"creatingspace:nickel_ingot":33,"minecraft:polished_deepslate":4,"minecraft:iron_axe":1,"minecraft:slime_ball":10,"create:millstone":1,"minecraft:lime_dye":18,"minecraft:stone_pickaxe":3,"minecraft:diamond_boots":1,"create:basin":1,"create:belt_connector":24,"create:windmill_bearing":1,"regions_unexplored:magnolia_planks":100,"sophisticatedbackpacks:iron_backpack":1,"minecraft:wheat":90,"minecraft:cooked_beef":8,"create:andesite_alloy":121,"minecraft:diamond_sword":1,"quark:vertical_oak_planks":3,"minecraft:dried_kelp":193,"minecraft:iron_sword":1,"create:dough":10,"create:large_water_wheel":4,"sophisticatedbackpacks:gold_backpack":1,"minecraft:bucket":1,"minecraft:stone_axe":1,"minecraft:air":0,"create:whisk":1,"minecraft:gold_nugget":1080,"minecraft:white_dye":24,"minecraft:wooden_axe":1,"minecraft:iron_leggings":1,"create:mechanical_drill":6,"minecraft:andesite":128,"create:shaft":144,"minecraft:torch":248,"create:zinc_ingot":18,"minecraft:diamond_chestplate":1},"minecraft:broken":{"minecraft:stone_axe":1,"minecraft:iron_sword":1,"minecraft:iron_pickaxe":5},"minecraft:custom":{"minecraft:interact_with_crafting_table":167,"goblintraders:trade_with_goblin":51,"minecraft:leave_game":2,"minecraft:time_since_death":46795,"minecraft:sprint_one_cm":543082,"minecraft:drop":147,"minecraft:talked_to_villager":1,"minecraft:play_time":469036,"minecraft:deaths":3,"minecraft:jump":4963,"minecraft:interact_with_brewingstand":1,"minecraft:walk_on_water_one_cm":20090,"minecraft:enchant_item":1,"minecraft:interact_with_furnace":185,"minecraft:interact_with_cartography_table":1,"minecraft:sleep_in_bed":5,"minecraft:damage_dealt":11202,"minecraft:crouch_one_cm":55224,"minecraft:mob_kills":74,"minecraft:interact_with_campfire":1,"minecraft:climb_one_cm":1032,"minecraft:walk_one_cm":1248099,"minecraft:damage_dealt_absorbed":50,"minecraft:sneak_time":13649,"minecraft:walk_under_water_one_cm":32254,"minecraft:interact_with_blast_furnace":3,"minecraft:total_world_time":469036,"minecraft:interact_with_grindstone":1,"minecraft:time_since_rest":46829,"minecraft:damage_taken":5426,"minecraft:swim_one_cm":27055,"minecraft:fly_one_cm":645276,"minecraft:open_chest":339,"minecraft:fall_one_cm":115781},"minecraft:used":{"create_connected:encased_chain_cogwheel":7,"minecraft:iron_sword":285,"create:white_sail":62,"create:cogwheel":30,"minecraft:carrot":14,"minecraft:tuff":71,"minecraft:obsidian":8,"minecraft:lava_bucket":2,"farmersdelight:fried_rice":10,"minecraft:iron_helmet":1,"create:millstone":3,"create:andesite_funnel":9,"create:shaft":54,"minecraft:furnace":5,"minecraft:oak_sapling":17,"create:mechanical_drill":12,"minecraft:egg":1,"minecraft:diorite":2,"minecraft:stone_pickaxe":213,"minecraft:oak_planks":6,"minecraft:wooden_pickaxe":24,"extradelight:ginger":2,"create_dd:inverse_box":2,"createcafe:coffee_beans":3,"minecraft:bread":13,"minecraft:gravel":1,"create_bic_bit:sunflower_seeds":1,"minecraft:diamond_sword":78,"create:basin":2,"minecraft:andesite":2,"create:vertical_gearbox":12,"create:large_cogwheel":2,"delightful:acorn":1,"minecraft:stone_sword":1,"garnished:nut_sign":4,"minecraft:dried_kelp":3,"minecraft:netherrack":52,"minecraft:torch":259,"minecraft:dirt":55,"create:mechanical_mixer":3,"minecraft:granite":5,"alexsmobs:maggot":2,"create:wrench":95,"create:gearbox":22,"minecraft:iron_axe":56,"create:encased_chain_drive":3,"minecraft:golden_carrot":4,"minecraft:cooked_beef":5,"minecraft:cobbled_deepslate":194,"create:belt_connector":5,"minecraft:water_bucket":13,"create:empty_blaze_burner":3,"minecraft:baked_potato":5,"minecraft:cartography_table":1,"minecraft:polished_blackstone_bricks":2,"minecraft:crafting_table":14,"minecraft:oak_log":5,"minecraft:diamond_pickaxe":537,"minecraft:diamond_shovel":130,"create:mechanical_press":1,"create:windmill_bearing":1,"minecraft:iron_pickaxe":1281,"create:large_water_wheel":12,"minecraft:stone_axe":152,"minecraft:cobblestone":215,"minecraft:cooked_porkchop":22,"minecraft:bucket":20,"quark:oak_chest":5,"alexsmobs:animal_dictionary":3,"minecraft:stripped_oak_log":88},"minecraft:killed_by":{"alexsmobs:straddler":1,"quark:forgotten":1,"minecraft:skeleton":1},"minecraft:dropped":{"minecraft:cooked_beef":3,"supplementaries:blackstone_tile_stairs":1,"minecraft:crafting_table":1,"minecraft:rail":1,"regions_unexplored:maple_planks":6,"regions_unexplored:magnolia_sapling":1,"minecraft:dirt":29,"minecraft:polished_blackstone_brick_stairs":2,"miners_delight:gossypium":1,"alexsmobs:flying_fish":1,"minecraft:gilded_blackstone":4,"minecraft:wooden_sword":1,"minecraft:sunflower":8,"create:iron_sheet":8,"minecraft:polished_blackstone_bricks":5,"minecraft:bone":1,"minecraft:stone_axe":1,"minecraft:blackstone":3,"alexsmobs:animal_dictionary":2,"regions_unexplored:stripped_magnolia_log":1,"minecraft:wheat":91,"minecraft:rotten_flesh":11,"minecraft:oak_planks":1,"creatingspace:copper_engine_wall":2,"minecraft:nether_brick_fence":1,"createcafe:cassava_seeds":4,"creatingspace:iron_engine_wall":1,"minecraft:hopper":4,"minecraft:basalt":2,"immersive_aircraft:sail":1,"create:water_wheel":5,"minecraft:quartz":164,"minecraft:netherrack":103,"farmersdelight:tomato_seeds":3,"minecraft:iron_ingot":40,"regions_unexplored:magnolia_planks":1,"minecraft:chiseled_nether_bricks":1,"regions_unexplored:fireweed":2,"minecraft:wheat_seeds":32,"minecraft:polished_blackstone":4,"minecraft:mossy_cobblestone":12,"createcafe:coffee_beans":5,"minecraft:cobblestone":64,"minecraft:apple":5,"supplementaries:blackstone_tile":13,"minecraft:copper_ingot":88,"regions_unexplored:daisy":1,"minecraft:stick":1,"farmersdelight:fried_rice":1,"minecraft:gray_wool":1,"create:blaze_burner":5,"minecraft:wooden_axe":1,"minecraft:map":3,"minecraft:iron_leggings":1,"minecraft:string":2,"minecraft:dandelion":1,"minecraft:stone_sword":1,"minecraft:bowl":7,"minecraft:iron_boots":2,"regions_unexplored:hyssop":4,"create:copper_sheet":1,"create_questing:blueprint":1,"create:zinc_ingot":42,"minecraft:iron_chestplate":1,"minecraft:oak_sapling":5,"minecraft:stone_pickaxe":6,"minecraft:wooden_pickaxe":1},"minecraft:picked_up":{"minecraft:wheat":1,"minecraft:nether_brick_fence":1,"regions_unexplored:magnolia_log":33,"regions_unexplored:maple_planks":9,"minecraft:gilded_blackstone":4,"minecraft:polished_blackstone_brick_stairs":2,"minecraft:string":8,"minecraft:raw_copper":83,"createindustry:raw_nickel":15,"create:limestone":1,"create:andesite_funnel":8,"farmersdelight:fried_rice":1,"minecraft:gold_nugget":4,"create:mechanical_press":1,"minecraft:cobbled_deepslate":320,"delightful:acorn":2,"minecraft:iron_boots":1,"minecraft:furnace":6,"minecraft:stick":11,"miners_delight:tentacles":5,"create:mechanical_mixer":2,"minecraft:torch":41,"create:andesite_casing":51,"minecraft:porkchop":13,"createcafe:cassava_seeds":4,"minecraft:diorite":22,"regions_unexplored:daisy":1,"minecraft:chiseled_nether_bricks":1,"minecraft:cactus":23,"minecraft:rotten_flesh":19,"createcafe:coffee_beans":9,"supplementaries:antique_ink":2,"supplementaries:ash":9,"minecraft:obsidian":8,"regions_unexplored:magnolia_sapling":1,"alexsmobs:flying_fish":1,"minecraft:cobblestone":1430,"minecraft:andesite":15,"minecraft:tuff":85,"create:raw_zinc":20,"minecraft:lapis_lazuli":45,"minecraft:dirt":158,"create:encased_chain_drive":3,"culturaldelights:glow_squid":4,"minecraft:bone":29,"createindustry:sulfur":20,"regions_unexplored:magnolia_planks":1,"minecraft:wheat_seeds":24,"create:mechanical_drill":6,"minecraft:raw_gold":7,"create:goggles":1,"create:shaft":30,"minecraft:glowstone_dust":36,"minecraft:oak_planks":8,"create_questing:blueprint":1,"miners_delight:gossypium":1,"minecraft:cooked_porkchop":3,"create:cogwheel":11,"create:empty_blaze_burner":5,"create_connected:encased_chain_cogwheel":7,"createindustry:raw_lithium":26,"supplementaries:blackstone_tile":13,"alexsmobs:animal_dictionary":2,"minecraft:mossy_cobblestone":12,"regions_unexplored:hyssop":4,"minecraft:diamond":14,"minecraft:granite":28,"alexsmobs:maggot":2,"minecraft:oak_sapling":22,"minecraft:netherrack":155,"create:white_sail":2,"create:copper_sheet":2,"creatingspace:raw_nickel":48,"create_new_age:thorium":155,"minecraft:crafting_table":7,"garnished:nut_sign":1,"creatingspace:iron_engine_wall":2,"minecraft:blackstone":3,"minecraft:beef":15,"supplementaries:blackstone_tile_stairs":1,"create:basin":1,"minecraft:egg":1,"minecraft:raw_iron":229,"minecraft:sandstone":6,"regions_unexplored:ash_vent":1,"minecraft:copper_ingot":3,"minecraft:bowl":2,"minecraft:polished_blackstone_bricks":7,"extradelight:ginger":3,"minecraft:carrot":54,"minecraft:redstone":204,"create:zinc_ingot":1,"create:vertical_gearbox":7,"minecraft:arrow":9,"minecraft:nether_bricks":1,"minecraft:hay_block":10,"minecraft:polished_blackstone":4,"minecraft:gold_ingot":33,"minecraft:mutton":10,"minecraft:rail":1,"minecraft:white_wool":28,"minecraft:stripped_oak_log":29,"create:iron_sheet":6,"minecraft:basalt":2,"minecraft:leather":11,"minecraft:red_mushroom":1,"minecraft:oak_log":33,"regions_unexplored:stripped_magnolia_log":1,"quark:forgotten_hat":1,"minecraft:apple":8,"garnished:ritualistic_stone":1,"minecraft:kelp":207,"minecraft:iron_ingot":47,"minecraft:stone_pickaxe":3,"creatingspace:copper_engine_wall":2,"create_dd:inverse_box":1,"create:large_water_wheel":8,"minecraft:quartz":164,"minecraft:dandelion":1,"minecraft:gravel":7,"quark:oak_chest":3,"create:gearbox":14,"create:wheat_flour":82,"create:millstone":2,"regions_unexplored:fireweed":2,"minecraft:stone_axe":1,"minecraft:iron_helmet":1,"regions_unexplored:maple_log":5,"minecraft:gray_wool":6,"create_bic_bit:sunflower_seeds":1,"minecraft:coal":312,"minecraft:sunflower":8},"minecraft:mined":{"miners_delight:wild_cave_carrots":1,"create:deepslate_zinc_ore":19,"minecraft:oak_sapling":5,"regions_unexplored:brimsprout":2,"regions_unexplored:maple_log":5,"create:andesite_casing":51,"regions_unexplored:magnolia_log":33,"minecraft:obsidian":8,"minecraft:granite":28,"minecraft:chiseled_polished_blackstone":3,"minecraft:grass_block":77,"creatingspace:deepslate_nickel_ore":15,"minecraft:deepslate_tile_stairs":1,"minecraft:spawner":4,"minecraft:gilded_blackstone":5,"minecraft:polished_blackstone_bricks":7,"minecraft:tall_seagrass":7,"regions_unexplored:stone_bud":14,"minecraft:glowstone":10,"minecraft:cobbled_deepslate":17,"minecraft:iron_ore":88,"minecraft:fire":16,"createindustry:nickel_ore":4,"regions_unexplored:mossy_stone":12,"minecraft:deepslate_lapis_ore":5,"createindustry:sulfur":20,"create:mechanical_press":1,"create:limestone":1,"minecraft:deepslate_redstone_ore":45,"create:cogwheel":8,"creatingspace:nickel_ore":29,"minecraft:blackstone":3,"minecraft:kelp_plant":31,"minecraft:soul_fire":1,"minecraft:torch":7,"garnished:ritualistic_stone":1,"garnished:nut_wall_sign":1,"minecraft:nether_quartz_ore":93,"minecraft:cobblestone":33,"supplementaries:blackstone_tile_stairs":1,"minecraft:oak_planks":5,"minecraft:wall_torch":30,"minecraft:deepslate_copper_ore":2,"create:large_water_wheel":4,"create:basin":1,"minecraft:seagrass":6,"create:andesite_belt_funnel":2,"regions_unexplored:hyssop":6,"extradelight:wild_ginger":3,"create:mechanical_mixer":2,"minecraft:grass":29,"supplementaries:blackstone_tile":14,"minecraft:oak_log":35,"createindustry:deepslate_lithium_ore":13,"minecraft:dirt":72,"create:encased_chain_drive":3,"minecraft:netherrack":195,"minecraft:oak_leaves":22,"regions_unexplored:fireweed":2,"minecraft:deepslate":298,"create:zinc_ore":1,"create_connected:encased_chain_cogwheel":7,"minecraft:tuff":87,"create:millstone":2,"minecraft:deepslate_diamond_ore":11,"minecraft:nether_bricks":1,"create_new_age:thorium_ore":41,"minecraft:red_mushroom":1,"minecraft:kelp":1,"minecraft:sandstone":6,"minecraft:large_fern":3,"minecraft:hay_block":10,"minecraft:redstone_ore":2,"create:shaft":33,"minecraft:furnace":4,"create:white_sail":2,"minecraft:andesite":16,"minecraft:nether_brick_fence":2,"minecraft:deepslate_iron_ore":21,"minecraft:stripped_oak_log":29,"createindustry:deepslate_nickel_ore":4,"regions_unexplored:ash_vent":1,"regions_unexplored:medium_grass":15,"garnished:nut_sign":1,"minecraft:stone":480,"regions_unexplored:brimsprout_nylium":1,"minecraft:chiseled_nether_bricks":2,"quark:oak_chest":3,"minecraft:crafting_table":7,"minecraft:tall_grass":1,"minecraft:copper_ore":20,"minecraft:deepslate_gold_ore":7,"regions_unexplored:daisy":1,"minecraft:polished_blackstone_brick_stairs":2,"minecraft:diorite":22,"supplementaries:urn":4,"create:water_wheel_structure":4,"minecraft:cactus":14,"minecraft:coarse_dirt":2,"create:gearbox":22,"minecraft:polished_blackstone_stairs":2,"create:mechanical_drill":6,"minecraft:coal_ore":141,"regions_unexplored:stripped_magnolia_log":1,"minecraft:gravel":1,"create_dd:inverse_box":1,"minecraft:polished_blackstone":4,"create:andesite_funnel":6}},"DataVersion":3120}