{"stats":{"minecraft:dropped":{"minecraft:stone_hoe":1,"minecraft:iron_ingot":19,"alexsmobs:straddlite":1,"minecraft:wheat_seeds":30,"minecraft:diamond":7,"minecraft:crafting_table":1,"minecraft:dripstone_block":32,"minecraft:cobblestone":337,"minecraft:granite":16,"minecraft:copper_ingot":44,"regions_unexplored:maple_planks":1,"minecraft:dirt":13,"garnished:ungarnished_hazelnut":1,"minecraft:diorite":1,"minecraft:torch":1,"minecraft:melon_slice":1,"create:goggles":2,"create:iron_sheet":1,"garnished:ungarnished_macadamia":1,"create:crushing_wheel":2,"minecraft:gold_ingot":10,"minecraft:smooth_basalt":9,"minecraft:gravel":208,"minecraft:stone_axe":1,"garnished:nut_planks":6,"create:shaft":5,"minecraft:cobbled_deepslate":567,"minecraft:bowl":4,"minecraft:tuff":1,"minecraft:stone_shovel":1,"minecraft:raw_iron":7,"minecraft:rotten_flesh":5,"regions_unexplored:maple_sapling":1,"create:copper_sheet":1,"create_questing:blueprint":2,"minecraft:carrot":54,"createcafe:cassava_seeds":2,"garnished:ungarnished_pecan":1,"creatingspace:iron_engine_wall":2,"create:zinc_ingot":18,"minecraft:basalt":2,"minecraft:arrow":2,"minecraft:stone_pickaxe":8,"minecraft:wooden_pickaxe":1,"create:empty_blaze_burner":5,"create:andesite_funnel":1,"garnished:ungarnished_chestnut":1},"minecraft:crafted":{"minecraft:oak_planks":92,"minecraft:stone_shovel":1,"minecraft:barrel":12,"create:wrench":1,"create:steam_engine":2,"minecraft:iron_nugget":72,"minecraft:melon_slice":33,"regions_unexplored:maple_planks":123,"minecraft:furnace":10,"minecraft:stone":8,"extendedgears:large_shaftless_cogwheel":2,"minecraft:cooked_mutton":6,"minecraft:flint_and_steel":1,"minecraft:glass":6,"minecraft:iron_boots":1,"create:mechanical_press":1,"minecraft:melon_seeds":4,"create:fluid_tank":12,"minecraft:stone_pickaxe":22,"extendedgears:shaftless_cogwheel":7,"minecraft:oak_button":1,"minecraft:copper_block":2,"create:electron_tube":9,"minecraft:stone_hoe":1,"create:cogwheel":7,"create:windmill_bearing":1,"create:depot":1,"create:andesite_alloy":55,"create:hand_crank":1,"create:rose_quartz":16,"minecraft:cooked_porkchop":8,"minecraft:crafting_table":10,"create:fluid_pipe":4,"minecraft:wooden_pickaxe":1,"minecraft:iron_helmet":1,"minecraft:iron_sword":1,"create:goggles":3,"minecraft:copper_ingot":128,"create:sand_paper":3,"minecraft:bucket":1,"minecraft:campfire":4,"minecraft:stone_axe":2,"minecraft:bread":23,"minecraft:air":0,"minecraft:iron_chestplate":1,"minecraft:paper":3,"minecraft:diamond_pickaxe":1,"minecraft:stick":92,"regions_unexplored:maple_button":8,"create:mechanical_pump":1,"minecraft:iron_ingot":53,"create:mechanical_crafter":21,"minecraft:iron_pickaxe":8,"minecraft:iron_block":1,"minecraft:gold_ingot":25,"minecraft:iron_leggings":1,"create:large_cogwheel":2,"create:shaft":8,"regions_unexplored:maple_slab":36,"minecraft:torch":96,"minecraft:shears":1,"create:empty_blaze_burner":6},"minecraft:custom":{"minecraft:mob_kills":39,"minecraft:interact_with_crafting_table":93,"minecraft:leave_game":5,"minecraft:time_since_death":130652,"minecraft:sprint_one_cm":677922,"minecraft:walk_one_cm":851648,"minecraft:drop":113,"minecraft:play_time":434385,"minecraft:sneak_time":1891,"minecraft:deaths":2,"minecraft:walk_under_water_one_cm":3057,"minecraft:interact_with_brewingstand":1,"minecraft:jump":3226,"minecraft:walk_on_water_one_cm":5910,"minecraft:total_world_time":434385,"minecraft:interact_with_furnace":86,"minecraft:sleep_in_bed":4,"minecraft:time_since_rest":10102,"minecraft:damage_taken":2709,"minecraft:damage_dealt":7432,"minecraft:swim_one_cm":16151,"minecraft:fly_one_cm":618815,"minecraft:open_chest":236,"minecraft:crouch_one_cm":3291,"minecraft:use_cauldron":1,"minecraft:fall_one_cm":72708},"minecraft:killed_by":{"quark:forgotten":1,"minecraft:zombie":1},"minecraft:used":{"minecraft:flint_and_steel":2,"minecraft:stone_shovel":132,"minecraft:iron_sword":140,"regions_unexplored:maple_planks":1,"minecraft:torch":153,"create:fluid_tank":7,"create:mechanical_pump":3,"minecraft:dirt":19,"create:mechanical_mixer":1,"create:cogwheel":13,"create:mechanical_crafter":22,"minecraft:carrot":8,"create:depot":3,"minecraft:azure_bluet":1,"farmersdelight:fried_rice":10,"minecraft:lava_bucket":9,"create:wrench":104,"create:shaft":4,"create:steam_engine":2,"minecraft:oak_sapling":4,"minecraft:furnace":10,"create:fluid_pipe":8,"minecraft:water_bucket":14,"minecraft:stone_pickaxe":1945,"minecraft:wooden_pickaxe":28,"garnished:nut_planks":3,"create:blaze_burner":1,"minecraft:glow_berries":4,"minecraft:sand":2,"minecraft:campfire":4,"minecraft:crafting_table":8,"minecraft:oak_log":41,"minecraft:diamond_pickaxe":77,"create:mechanical_press":1,"minecraft:bread":17,"create:windmill_bearing":1,"minecraft:melon_slice":29,"minecraft:iron_pickaxe":531,"create:water_wheel":5,"create:andesite_casing":10,"minecraft:stone_axe":161,"minecraft:cobblestone":147,"create:basin":1,"minecraft:bucket":24,"alexsmobs:animal_dictionary":1,"minecraft:stripped_oak_log":12,"create:hand_crank":4,"create:large_cogwheel":2},"minecraft:killed":{"minecraft:spider":4,"minecraft:skeleton":5,"minecraft:pig":1,"minecraft:creeper":1,"minecraft:zombie":27},"minecraft:mined":{"create:zinc_ore":19,"minecraft:tuff":67,"create:deepslate_zinc_ore":25,"create:copper_casing":9,"minecraft:deepslate_diamond_ore":23,"regions_unexplored:maple_log":30,"create:andesite_casing":13,"minecraft:granite":20,"minecraft:grass_block":147,"creatingspace:deepslate_nickel_ore":10,"minecraft:redstone_ore":6,"regions_unexplored:stone_bud":2,"minecraft:carrots":1,"minecraft:iron_ore":62,"minecraft:fire":6,"createindustry:nickel_ore":8,"minecraft:andesite":124,"createindustry:galena":37,"minecraft:deepslate_lapis_ore":15,"minecraft:azure_bluet":1,"createindustry:lead_ore":3,"minecraft:deepslate_iron_ore":13,"minecraft:stripped_oak_log":16,"createindustry:deepslate_nickel_ore":5,"minecraft:stone":578,"minecraft:deepslate_redstone_ore":63,"creatingspace:nickel_ore":29,"minecraft:torch":34,"minecraft:crafting_table":5,"minecraft:campfire":4,"create:brass_casing":4,"minecraft:copper_ore":50,"minecraft:cobblestone":21,"minecraft:deepslate_gold_ore":24,"extradelight:corn_bottom":1,"minecraft:lapis_ore":2,"minecraft:sugar_cane":10,"minecraft:sculk":1,"minecraft:diorite":147,"minecraft:wall_torch":13,"minecraft:deepslate_copper_ore":21,"supplementaries:urn":2,"createindustry:deepslate_lead_ore":4,"minecraft:grass":8,"minecraft:coal_ore":113,"minecraft:oak_log":64,"delightful:mini_melon":11,"minecraft:sand":11,"minecraft:gravel":32,"minecraft:dripstone_block":16,"minecraft:dirt":33,"minecraft:smooth_basalt":3,"minecraft:gold_ore":2,"minecraft:deepslate":950},"minecraft:broken":{"minecraft:stone_pickaxe":14,"minecraft:stone_axe":1,"minecraft:iron_pickaxe":1,"create:sand_paper":2},"minecraft:picked_up":{"create:copper_sheet":2,"minecraft:charcoal":4,"creatingspace:raw_nickel":39,"minecraft:crafting_table":6,"minecraft:wheat":69,"minecraft:azure_bluet":1,"minecraft:redstone_block":86,"creatingspace:iron_engine_wall":2,"garnished:ungarnished_macadamia":1,"regions_unexplored:maple_planks":1,"garnished:ungarnished_pecan":1,"minecraft:string":11,"createindustry:raw_nickel":13,"minecraft:raw_copper":237,"create:water_wheel":5,"minecraft:cobbled_deepslate":519,"extradelight:corn_seeds":2,"delightful:acorn":3,"createindustry:raw_lead":7,"minecraft:melon_slice":1,"minecraft:sugar_cane":20,"minecraft:raw_iron":74,"minecraft:stick":13,"miners_delight:tentacles":3,"farmersdelight:rotten_tomato":1,"create:golden_sheet":5,"minecraft:bowl":1,"minecraft:torch":53,"create:andesite_casing":12,"alexsmobs:straddlite":1,"minecraft:porkchop":2,"createcafe:cassava_seeds":3,"minecraft:diorite":146,"minecraft:carrot":61,"minecraft:redstone":300,"create:brass_casing":18,"garnished:ungarnished_chestnut":1,"minecraft:arrow":4,"minecraft:rotten_flesh":12,"createcafe:coffee_beans":5,"regions_unexplored:maple_sapling":1,"create:copper_casing":9,"minecraft:gold_ingot":6,"minecraft:white_wool":60,"minecraft:cobblestone":993,"minecraft:stripped_oak_log":16,"create:iron_sheet":6,"garnished:ungarnished_hazelnut":1,"minecraft:basalt":2,"minecraft:andesite":79,"minecraft:flint":5,"minecraft:tuff":1,"create:raw_zinc":44,"minecraft:oak_log":64,"create:andesite_alloy":79,"create:blaze_burner":5,"farmersdelight:tomato":2,"minecraft:lapis_lazuli":93,"minecraft:dirt":161,"createindustry:galena":33,"culturaldelights:glow_squid":1,"minecraft:bone":2,"delightful:mini_melon":11,"minecraft:wheat_seeds":128,"minecraft:raw_gold":26,"minecraft:iron_ingot":19,"minecraft:stone_pickaxe":1,"create:goggles":1,"create:shaft":1,"creatingspace:copper_engine_wall":2,"immersive_aircraft:sail":1,"minecraft:iron_sword":1,"minecraft:oak_planks":20,"create_questing:blueprint":2,"minecraft:smooth_basalt":9,"minecraft:quartz":164,"minecraft:dripstone_block":32,"minecraft:gravel":208,"minecraft:sand":11,"minecraft:spider_eye":1,"minecraft:diamond":26,"minecraft:iron_helmet":1,"minecraft:granite":16,"regions_unexplored:maple_log":30,"garnished:nut_planks":6,"minecraft:oak_sapling":4,"minecraft:netherrack":103,"minecraft:coal":113}},"DataVersion":3120}