{"stats":{"minecraft:custom":{"minecraft:mob_kills":6,"minecraft:interact_with_crafting_table":44,"minecraft:time_since_death":215717,"minecraft:sprint_one_cm":199190,"minecraft:walk_one_cm":335969,"minecraft:drop":74,"minecraft:play_time":215717,"minecraft:sneak_time":917,"minecraft:walk_under_water_one_cm":570,"minecraft:jump":1265,"minecraft:walk_on_water_one_cm":1706,"minecraft:total_world_time":215717,"minecraft:interact_with_furnace":63,"minecraft:time_since_rest":215717,"minecraft:damage_taken":450,"minecraft:damage_dealt":888,"minecraft:swim_one_cm":5495,"minecraft:fly_one_cm":176980,"minecraft:open_chest":55,"minecraft:crouch_one_cm":1482,"minecraft:fall_one_cm":20279},"minecraft:dropped":{"minecraft:iron_ingot":19,"minecraft:wheat_seeds":2,"minecraft:crafting_table":1,"minecraft:dripstone_block":32,"minecraft:cobblestone":336,"minecraft:granite":16,"minecraft:copper_ingot":4,"regions_unexplored:maple_planks":1,"minecraft:dirt":9,"garnished:ungarnished_hazelnut":1,"minecraft:torch":1,"minecraft:melon_slice":1,"create:iron_sheet":1,"create:goggles":2,"garnished:ungarnished_macadamia":1,"minecraft:gold_ingot":9,"minecraft:smooth_basalt":9,"minecraft:gravel":208,"garnished:nut_planks":6,"minecraft:cobbled_deepslate":567,"minecraft:tuff":1,"minecraft:rotten_flesh":4,"regions_unexplored:maple_sapling":1,"create:copper_sheet":1,"create_questing:blueprint":1,"createcafe:cassava_seeds":2,"garnished:ungarnished_pecan":1,"creatingspace:iron_engine_wall":2,"minecraft:stone_pickaxe":1,"minecraft:wooden_pickaxe":1,"garnished:ungarnished_chestnut":1},"minecraft:mined":{"create:zinc_ore":7,"minecraft:tuff":67,"create:copper_casing":9,"minecraft:deepslate_diamond_ore":23,"regions_unexplored:maple_log":30,"create:andesite_casing":13,"minecraft:granite":20,"minecraft:grass_block":137,"regions_unexplored:stone_bud":2,"minecraft:iron_ore":46,"minecraft:andesite":124,"createindustry:galena":37,"minecraft:deepslate_lapis_ore":15,"minecraft:deepslate_iron_ore":5,"minecraft:stripped_oak_log":12,"createindustry:deepslate_nickel_ore":4,"minecraft:stone":554,"minecraft:deepslate_redstone_ore":47,"creatingspace:nickel_ore":22,"minecraft:torch":22,"minecraft:crafting_table":5,"minecraft:cobblestone":16,"minecraft:copper_ore":27,"minecraft:deepslate_gold_ore":18,"extradelight:corn_bottom":1,"minecraft:lapis_ore":2,"minecraft:sculk":1,"minecraft:diorite":145,"minecraft:wall_torch":12,"minecraft:deepslate_copper_ore":11,"createindustry:deepslate_lead_ore":4,"minecraft:grass":6,"minecraft:oak_log":47,"minecraft:coal_ore":90,"delightful:mini_melon":11,"minecraft:dirt":33,"minecraft:dripstone_block":16,"minecraft:gravel":32,"minecraft:sand":6,"minecraft:smooth_basalt":3,"minecraft:deepslate":941},"minecraft:used":{"minecraft:stone_shovel":127,"minecraft:iron_sword":6,"minecraft:torch":107,"create:fluid_tank":7,"minecraft:dirt":2,"create:depot":1,"farmersdelight:fried_rice":1,"create:shaft":2,"create:steam_engine":1,"minecraft:furnace":10,"minecraft:water_bucket":9,"minecraft:stone_pickaxe":1936,"minecraft:wooden_pickaxe":28,"garnished:nut_planks":3,"minecraft:crafting_table":8,"minecraft:campfire":4,"minecraft:oak_log":13,"create:mechanical_press":1,"minecraft:bread":3,"minecraft:melon_slice":29,"minecraft:iron_pickaxe":394,"create:water_wheel":5,"create:andesite_casing":10,"minecraft:stone_axe":122,"minecraft:cobblestone":116,"minecraft:bucket":10,"alexsmobs:animal_dictionary":1,"minecraft:stripped_oak_log":8},"minecraft:crafted":{"minecraft:oak_planks":64,"minecraft:stone_shovel":1,"minecraft:barrel":12,"create:steam_engine":1,"minecraft:melon_slice":33,"regions_unexplored:maple_planks":122,"minecraft:furnace":10,"minecraft:glass":6,"minecraft:iron_boots":1,"create:mechanical_press":1,"minecraft:melon_seeds":4,"create:fluid_tank":12,"minecraft:stone_pickaxe":16,"minecraft:copper_block":1,"minecraft:stone_hoe":1,"create:depot":1,"create:andesite_alloy":16,"minecraft:crafting_table":3,"minecraft:wooden_pickaxe":1,"minecraft:iron_helmet":1,"minecraft:iron_sword":1,"create:goggles":3,"minecraft:copper_ingot":128,"minecraft:bucket":1,"minecraft:campfire":4,"minecraft:stone_axe":1,"minecraft:air":0,"minecraft:iron_chestplate":1,"minecraft:stick":76,"minecraft:iron_ingot":46,"minecraft:iron_pickaxe":2,"minecraft:iron_block":1,"minecraft:iron_leggings":1,"minecraft:gold_ingot":25,"create:shaft":8,"regions_unexplored:maple_slab":30,"minecraft:torch":96,"minecraft:shears":1},"minecraft:killed":{"minecraft:spider":1,"minecraft:zombie":4},"minecraft:picked_up":{"create:copper_sheet":2,"creatingspace:raw_nickel":22,"minecraft:crafting_table":6,"creatingspace:iron_engine_wall":2,"regions_unexplored:maple_planks":1,"garnished:ungarnished_macadamia":1,"garnished:ungarnished_pecan":1,"minecraft:string":6,"createindustry:raw_nickel":4,"minecraft:raw_copper":123,"create:water_wheel":5,"minecraft:cobbled_deepslate":507,"extradelight:corn_seeds":2,"createindustry:raw_lead":4,"minecraft:melon_slice":1,"minecraft:stick":13,"minecraft:raw_iron":51,"create:golden_sheet":3,"minecraft:torch":33,"create:andesite_casing":12,"createcafe:cassava_seeds":3,"minecraft:diorite":144,"minecraft:redstone":204,"garnished:ungarnished_chestnut":1,"minecraft:rotten_flesh":4,"createcafe:coffee_beans":5,"regions_unexplored:maple_sapling":1,"create:copper_casing":9,"minecraft:gold_ingot":6,"minecraft:white_wool":15,"minecraft:cobblestone":632,"minecraft:stripped_oak_log":12,"create:iron_sheet":1,"garnished:ungarnished_hazelnut":1,"minecraft:andesite":79,"minecraft:flint":5,"minecraft:tuff":1,"create:raw_zinc":7,"minecraft:oak_log":47,"minecraft:lapis_lazuli":93,"minecraft:dirt":150,"createindustry:galena":33,"delightful:mini_melon":11,"minecraft:wheat_seeds":6,"minecraft:raw_gold":18,"minecraft:iron_ingot":19,"minecraft:stone_pickaxe":1,"create:goggles":1,"creatingspace:copper_engine_wall":2,"minecraft:iron_sword":1,"create_questing:blueprint":1,"minecraft:smooth_basalt":9,"minecraft:gravel":208,"minecraft:dripstone_block":32,"minecraft:sand":6,"minecraft:diamond":22,"minecraft:granite":16,"regions_unexplored:maple_log":30,"garnished:nut_planks":6,"minecraft:coal":90},"minecraft:broken":{"minecraft:stone_pickaxe":14,"minecraft:iron_pickaxe":1}},"DataVersion":3120}