{"stats":{"minecraft:killed":{"minecraft:spider":3,"minecraft:skeleton":3,"minecraft:pig":1,"minecraft:creeper":1,"minecraft:zombie":15},"minecraft:crafted":{"minecraft:oak_planks":88,"minecraft:stone_shovel":1,"minecraft:barrel":12,"create:wrench":1,"create:steam_engine":2,"minecraft:iron_nugget":72,"minecraft:melon_slice":33,"regions_unexplored:maple_planks":123,"minecraft:furnace":10,"minecraft:stone":1,"extendedgears:large_shaftless_cogwheel":2,"minecraft:cooked_mutton":6,"minecraft:flint_and_steel":1,"minecraft:glass":6,"minecraft:iron_boots":1,"create:mechanical_press":1,"minecraft:melon_seeds":4,"minecraft:stone_pickaxe":22,"create:fluid_tank":12,"extendedgears:shaftless_cogwheel":7,"minecraft:oak_button":1,"minecraft:copper_block":2,"create:electron_tube":9,"minecraft:stone_hoe":1,"create:cogwheel":7,"create:windmill_bearing":1,"create:depot":1,"create:andesite_alloy":55,"create:hand_crank":1,"create:rose_quartz":16,"minecraft:cooked_porkchop":8,"minecraft:crafting_table":10,"create:fluid_pipe":4,"minecraft:wooden_pickaxe":1,"minecraft:iron_helmet":1,"minecraft:iron_sword":1,"create:goggles":3,"minecraft:copper_ingot":128,"create:sand_paper":3,"minecraft:bucket":1,"minecraft:campfire":4,"minecraft:stone_axe":2,"minecraft:bread":23,"minecraft:air":0,"minecraft:iron_chestplate":1,"minecraft:paper":3,"minecraft:diamond_pickaxe":1,"minecraft:stick":92,"regions_unexplored:maple_button":8,"create:mechanical_pump":1,"minecraft:iron_ingot":53,"create:mechanical_crafter":21,"minecraft:iron_pickaxe":2,"minecraft:iron_block":1,"minecraft:gold_ingot":25,"minecraft:iron_leggings":1,"create:large_cogwheel":2,"create:shaft":8,"regions_unexplored:maple_slab":36,"minecraft:torch":96,"minecraft:shears":1,"create:empty_blaze_burner":6},"minecraft:broken":{"minecraft:stone_pickaxe":14,"minecraft:stone_axe":1,"minecraft:iron_pickaxe":1,"create:sand_paper":2},"minecraft:custom":{"minecraft:mob_kills":24,"minecraft:interact_with_crafting_table":90,"minecraft:leave_game":4,"minecraft:time_since_death":72085,"minecraft:sprint_one_cm":581389,"minecraft:walk_one_cm":713786,"minecraft:drop":98,"minecraft:play_time":375818,"minecraft:deaths":2,"minecraft:sneak_time":1591,"minecraft:walk_under_water_one_cm":3057,"minecraft:interact_with_brewingstand":1,"minecraft:jump":2843,"minecraft:walk_on_water_one_cm":5910,"minecraft:total_world_time":375818,"minecraft:interact_with_furnace":81,"minecraft:sleep_in_bed":1,"minecraft:time_since_rest":72198,"minecraft:damage_taken":2556,"minecraft:damage_dealt":4561,"minecraft:swim_one_cm":16151,"minecraft:fly_one_cm":543293,"minecraft:open_chest":184,"minecraft:crouch_one_cm":2418,"minecraft:fall_one_cm":64379},"minecraft:used":{"minecraft:flint_and_steel":2,"minecraft:stone_shovel":132,"minecraft:iron_sword":84,"regions_unexplored:maple_planks":1,"minecraft:torch":140,"create:fluid_tank":7,"create:mechanical_pump":3,"minecraft:dirt":19,"create:mechanical_mixer":1,"create:cogwheel":13,"create:mechanical_crafter":22,"minecraft:carrot":8,"create:depot":1,"minecraft:azure_bluet":1,"farmersdelight:fried_rice":10,"minecraft:lava_bucket":9,"create:wrench":63,"create:shaft":4,"minecraft:oak_sapling":4,"create:steam_engine":2,"minecraft:furnace":10,"create:fluid_pipe":8,"minecraft:water_bucket":14,"minecraft:stone_pickaxe":1945,"minecraft:wooden_pickaxe":28,"garnished:nut_planks":3,"create:blaze_burner":1,"minecraft:glow_berries":4,"minecraft:sand":2,"minecraft:crafting_table":8,"minecraft:campfire":4,"minecraft:oak_log":41,"create:mechanical_press":1,"minecraft:bread":12,"create:windmill_bearing":1,"minecraft:melon_slice":29,"minecraft:iron_pickaxe":464,"create:water_wheel":5,"create:andesite_casing":10,"minecraft:stone_axe":161,"create:basin":1,"minecraft:cobblestone":147,"minecraft:bucket":22,"alexsmobs:animal_dictionary":1,"create:hand_crank":4,"minecraft:stripped_oak_log":12,"create:large_cogwheel":2},"minecraft:killed_by":{"quark:forgotten":1,"minecraft:zombie":1},"minecraft:dropped":{"minecraft:iron_ingot":19,"alexsmobs:straddlite":1,"minecraft:wheat_seeds":30,"minecraft:diamond":7,"minecraft:crafting_table":1,"minecraft:dripstone_block":32,"minecraft:cobblestone":336,"minecraft:granite":16,"minecraft:copper_ingot":44,"regions_unexplored:maple_planks":1,"minecraft:dirt":13,"minecraft:diorite":1,"garnished:ungarnished_hazelnut":1,"minecraft:torch":1,"minecraft:melon_slice":1,"create:iron_sheet":1,"create:goggles":2,"garnished:ungarnished_macadamia":1,"minecraft:gold_ingot":10,"minecraft:smooth_basalt":9,"minecraft:gravel":208,"garnished:nut_planks":6,"minecraft:cobbled_deepslate":567,"minecraft:bowl":4,"minecraft:tuff":1,"minecraft:raw_iron":7,"minecraft:rotten_flesh":5,"regions_unexplored:maple_sapling":1,"create:copper_sheet":1,"create_questing:blueprint":2,"minecraft:carrot":54,"createcafe:cassava_seeds":2,"garnished:ungarnished_pecan":1,"creatingspace:iron_engine_wall":2,"create:zinc_ingot":18,"minecraft:basalt":2,"minecraft:wooden_pickaxe":1,"minecraft:stone_pickaxe":1,"create:empty_blaze_burner":5,"garnished:ungarnished_chestnut":1},"minecraft:picked_up":{"create:copper_sheet":2,"minecraft:charcoal":4,"creatingspace:raw_nickel":22,"minecraft:crafting_table":6,"minecraft:azure_bluet":1,"minecraft:wheat":69,"minecraft:redstone_block":86,"creatingspace:iron_engine_wall":2,"garnished:ungarnished_macadamia":1,"regions_unexplored:maple_planks":1,"garnished:ungarnished_pecan":1,"minecraft:string":9,"minecraft:raw_copper":123,"createindustry:raw_nickel":4,"create:water_wheel":5,"minecraft:cobbled_deepslate":512,"extradelight:corn_seeds":2,"delightful:acorn":3,"createindustry:raw_lead":4,"minecraft:melon_slice":1,"minecraft:sugar_cane":20,"minecraft:stick":13,"minecraft:raw_iron":65,"farmersdelight:rotten_tomato":1,"create:golden_sheet":5,"minecraft:bowl":1,"minecraft:torch":44,"create:andesite_casing":12,"alexsmobs:straddlite":1,"minecraft:porkchop":2,"createcafe:cassava_seeds":3,"minecraft:diorite":145,"minecraft:carrot":61,"minecraft:redstone":230,"create:brass_casing":18,"garnished:ungarnished_chestnut":1,"minecraft:arrow":2,"minecraft:rotten_flesh":5,"createcafe:coffee_beans":5,"regions_unexplored:maple_sapling":1,"create:copper_casing":9,"minecraft:gold_ingot":6,"minecraft:white_wool":60,"minecraft:cobblestone":933,"minecraft:stripped_oak_log":16,"create:iron_sheet":6,"garnished:ungarnished_hazelnut":1,"minecraft:basalt":2,"minecraft:andesite":79,"minecraft:flint":5,"minecraft:tuff":1,"create:raw_zinc":24,"minecraft:oak_log":63,"create:blaze_burner":5,"farmersdelight:tomato":2,"createindustry:galena":33,"minecraft:lapis_lazuli":93,"minecraft:dirt":160,"minecraft:bone":2,"delightful:mini_melon":11,"minecraft:wheat_seeds":128,"minecraft:raw_gold":22,"minecraft:stone_pickaxe":1,"minecraft:iron_ingot":19,"create:goggles":1,"creatingspace:copper_engine_wall":2,"immersive_aircraft:sail":1,"minecraft:iron_sword":1,"create_questing:blueprint":2,"minecraft:smooth_basalt":9,"minecraft:quartz":164,"minecraft:dripstone_block":32,"minecraft:gravel":208,"minecraft:sand":11,"minecraft:diamond":26,"minecraft:granite":16,"regions_unexplored:maple_log":30,"garnished:nut_planks":6,"minecraft:oak_sapling":4,"minecraft:netherrack":103,"minecraft:coal":113},"minecraft:mined":{"create:zinc_ore":7,"create:deepslate_zinc_ore":17,"minecraft:tuff":67,"create:copper_casing":9,"minecraft:deepslate_diamond_ore":23,"regions_unexplored:maple_log":30,"create:andesite_casing":13,"minecraft:granite":20,"minecraft:grass_block":147,"regions_unexplored:stone_bud":2,"minecraft:carrots":1,"minecraft:iron_ore":54,"minecraft:fire":6,"minecraft:andesite":124,"minecraft:deepslate_lapis_ore":15,"createindustry:galena":37,"minecraft:azure_bluet":1,"minecraft:deepslate_iron_ore":11,"minecraft:stripped_oak_log":16,"createindustry:deepslate_nickel_ore":4,"minecraft:stone":554,"minecraft:deepslate_redstone_ore":53,"creatingspace:nickel_ore":22,"minecraft:crafting_table":5,"minecraft:torch":32,"minecraft:campfire":4,"create:brass_casing":4,"minecraft:sugar_cane":10,"minecraft:copper_ore":27,"minecraft:cobblestone":21,"minecraft:lapis_ore":2,"extradelight:corn_bottom":1,"minecraft:deepslate_gold_ore":22,"minecraft:sculk":1,"minecraft:diorite":146,"minecraft:wall_torch":13,"minecraft:deepslate_copper_ore":11,"createindustry:deepslate_lead_ore":4,"minecraft:grass":8,"minecraft:oak_log":63,"minecraft:coal_ore":113,"delightful:mini_melon":11,"minecraft:dripstone_block":16,"minecraft:gravel":32,"minecraft:sand":11,"minecraft:dirt":33,"minecraft:smooth_basalt":3,"minecraft:deepslate":943}},"DataVersion":3120}