{"stats":{"minecraft:dropped":{"minecraft:iron_sword":1,"alexsmobs:straddlite":1,"create:super_glue":1,"minecraft:diamond":7,"minecraft:crafting_table":1,"createcafe:cassava_root":20,"create:fluid_tank":9,"regions_unexplored:maple_planks":1,"minecraft:dirt":27,"garnished:ungarnished_hazelnut":1,"supplementaries:flax":2,"farmersdelight:onion":132,"create:iron_sheet":39,"create:goggles":2,"minecraft:iron_pickaxe":1,"minecraft:white_wool":19,"garnished:ungarnished_macadamia":1,"minecraft:gold_ingot":10,"create:crushing_wheel":2,"minecraft:gravel":209,"minecraft:stone_axe":1,"minecraft:cobbled_deepslate":567,"minecraft:wheat":4,"minecraft:beetroot":24,"minecraft:rotten_flesh":16,"regions_unexplored:maple_sapling":1,"minecraft:cooked_mutton":1,"minecraft:carrot":69,"createcafe:cassava_seeds":7,"supplementaries:flax_seeds":5,"miners_delight:tentacles":3,"creatingspace:iron_engine_wall":2,"minecraft:beetroot_seeds":21,"minecraft:basalt":2,"culturaldelights:glow_squid":1,"minecraft:arrow":2,"createcafe:coffee_fruit":62,"garnished:ungarnished_chestnut":1,"minecraft:stone_hoe":1,"minecraft:iron_ingot":26,"minecraft:wheat_seeds":105,"createcafe:coffee_beans":20,"minecraft:dripstone_block":32,"minecraft:cobblestone":337,"minecraft:apple":7,"minecraft:granite":16,"minecraft:copper_ingot":44,"minecraft:grass_block":5,"minecraft:stick":6,"minecraft:diorite":3,"minecraft:torch":1,"minecraft:melon_slice":1,"delightful:acorn":12,"minecraft:iron_shovel":1,"minecraft:smooth_basalt":9,"farmersdelight:rotten_tomato":1,"alexsmobs:maggot":1,"garnished:nut_planks":6,"create:shaft":5,"minecraft:bowl":4,"minecraft:tuff":1,"minecraft:raw_iron":7,"minecraft:stone_shovel":1,"farmersdelight:straw":47,"create:copper_sheet":1,"create_questing:blueprint":3,"garnished:ungarnished_pecan":1,"minecraft:stone":3,"create:zinc_ingot":18,"minecraft:diamond_pickaxe":1,"minecraft:oak_sapling":53,"minecraft:spider_eye":1,"minecraft:wooden_pickaxe":1,"minecraft:stone_pickaxe":8,"farmersdelight:tomato":19,"create:empty_blaze_burner":5,"create:andesite_funnel":1},"minecraft:crafted":{"minecraft:oak_planks":704,"minecraft:barrel":57,"minecraft:melon_slice":33,"regions_unexplored:maple_planks":123,"create:mechanical_harvester":12,"minecraft:stone":8,"create:mechanical_bearing":3,"create:item_vault":29,"extendedgears:large_shaftless_cogwheel":3,"decoration_delight:oak_countertop":2,"create:deployer":5,"minecraft:cooked_mutton":6,"minecraft:glass":6,"minecraft:iron_boots":1,"create:mechanical_press":1,"minecraft:melon_seeds":4,"extendedgears:shaftless_cogwheel":10,"minecraft:oak_button":5,"minecraft:copper_block":3,"minecraft:stone_hoe":1,"create:cogwheel":10,"create:brass_hand":5,"minecraft:oak_slab":228,"create:depot":1,"create:rose_quartz":16,"minecraft:cooked_porkchop":8,"minecraft:crafting_table":11,"create:fluid_pipe":4,"minecraft:wooden_pickaxe":1,"minecraft:iron_helmet":1,"minecraft:copper_ingot":250,"create:sand_paper":3,"minecraft:campfire":4,"minecraft:iron_chestplate":1,"minecraft:paper":3,"minecraft:diamond_pickaxe":1,"minecraft:stick":152,"regions_unexplored:maple_button":8,"quark:oak_chest":16,"create:mechanical_pump":1,"minecraft:iron_ingot":61,"minecraft:iron_pickaxe":8,"minecraft:iron_block":1,"minecraft:gold_ingot":25,"create:large_cogwheel":4,"create:propeller":4,"regions_unexplored:maple_slab":36,"minecraft:shears":1,"create:empty_blaze_burner":6,"minecraft:stone_shovel":1,"create:wrench":1,"create:steam_engine":3,"minecraft:iron_nugget":720,"create:white_sail":100,"minecraft:furnace":10,"minecraft:flint_and_steel":1,"minecraft:iron_axe":1,"minecraft:iron_hoe":1,"minecraft:stone_pickaxe":22,"create:fluid_tank":28,"immersive_aircraft:quadrocopter":1,"create:electron_tube":14,"create:belt_connector":3,"create:windmill_bearing":2,"create:andesite_alloy":358,"create:hand_crank":1,"immersive_aircraft:boiler":1,"minecraft:dried_kelp":18,"minecraft:iron_sword":1,"create:goggles":3,"minecraft:bucket":1,"minecraft:stone_axe":2,"minecraft:bread":23,"minecraft:air":0,"create:linear_chassis":15,"create:mechanical_crafter":21,"minecraft:iron_shovel":1,"minecraft:iron_leggings":1,"create:shaft":56,"minecraft:andesite":594,"minecraft:torch":128,"create:zinc_ingot":29},"minecraft:custom":{"minecraft:interact_with_crafting_table":166,"minecraft:leave_game":5,"minecraft:time_since_death":352652,"minecraft:sprint_one_cm":1209900,"minecraft:drop":196,"minecraft:play_time":656385,"minecraft:deaths":2,"minecraft:jump":5089,"minecraft:interact_with_brewingstand":1,"minecraft:walk_on_water_one_cm":12042,"minecraft:interact_with_furnace":108,"minecraft:sleep_in_bed":4,"minecraft:damage_dealt":11936,"minecraft:crouch_one_cm":9836,"minecraft:use_cauldron":4,"minecraft:mob_kills":63,"minecraft:walk_one_cm":1499893,"minecraft:damage_dealt_absorbed":80,"minecraft:sneak_time":5015,"minecraft:walk_under_water_one_cm":7119,"minecraft:interact_with_blast_furnace":16,"minecraft:total_world_time":656385,"minecraft:time_since_rest":232102,"minecraft:damage_taken":4904,"minecraft:swim_one_cm":47880,"minecraft:fly_one_cm":936293,"minecraft:open_chest":476,"minecraft:fall_one_cm":123047},"minecraft:killed_by":{"quark:forgotten":1,"minecraft:zombie":1},"minecraft:used":{"create:deployer":6,"minecraft:iron_shovel":113,"minecraft:chest":1,"minecraft:stone":21,"minecraft:iron_sword":276,"create:mechanical_bearing":3,"immersive_aircraft:quadrocopter":1,"create:fluid_tank":7,"create:white_sail":149,"create:cogwheel":17,"create:mechanical_crafter":22,"minecraft:carrot":79,"create:depot":4,"minecraft:tuff":1,"minecraft:azure_bluet":1,"minecraft:lava_bucket":9,"farmersdelight:fried_rice":10,"minecraft:grass_block":2,"supplementaries:bomb_blue":1,"create:shaft":47,"minecraft:furnace":10,"create:steam_engine":2,"minecraft:oak_sapling":5,"minecraft:stone_pickaxe":1945,"minecraft:oak_planks":67,"minecraft:wooden_pickaxe":28,"minecraft:glow_berries":10,"minecraft:sand":2,"decoration_delight:oak_countertop":2,"createcafe:coffee_beans":2,"minecraft:melon_slice":29,"minecraft:bread":25,"create:andesite_casing":10,"create:basin":1,"create:large_cogwheel":5,"minecraft:flint_and_steel":2,"create:item_vault":35,"minecraft:stone_shovel":132,"create:veridium":31,"regions_unexplored:maple_planks":1,"minecraft:torch":178,"create:mechanical_pump":3,"minecraft:dirt":52,"create:mechanical_mixer":1,"minecraft:iron_hoe":4,"create:wrench":249,"minecraft:iron_axe":144,"create:fluid_pipe":8,"minecraft:cobbled_deepslate":42,"create:belt_connector":14,"minecraft:wheat_seeds":2,"minecraft:cooked_mutton":6,"minecraft:water_bucket":16,"garnished:nut_planks":3,"create:blaze_burner":1,"farmersdelight:onion":1,"minecraft:oak_slab":36,"minecraft:crafting_table":9,"create:mechanical_harvester":16,"minecraft:campfire":4,"minecraft:oak_log":165,"create:linear_chassis":22,"minecraft:diamond_pickaxe":514,"create:mechanical_press":1,"create:windmill_bearing":2,"minecraft:iron_pickaxe":549,"create:water_wheel":5,"minecraft:stone_axe":161,"minecraft:cobblestone":220,"minecraft:bucket":28,"quark:oak_chest":12,"alexsmobs:animal_dictionary":1,"create:hand_crank":4,"minecraft:stripped_oak_log":13},"minecraft:killed":{"minecraft:spider":7,"minecraft:skeleton":12,"minecraft:pig":1,"minecraft:creeper":2,"minecraft:zombie":38,"goblintraders:goblin_trader":1},"minecraft:mined":{"create:deepslate_zinc_ore":31,"create:copper_casing":9,"regions_unexplored:maple_log":30,"create:andesite_casing":52,"minecraft:granite":20,"minecraft:grass_block":214,"creatingspace:deepslate_nickel_ore":21,"minecraft:coal_block":1,"minecraft:tall_seagrass":1,"regions_unexplored:stone_bud":2,"minecraft:iron_ore":62,"minecraft:fire":6,"minecraft:cobbled_deepslate":18,"createindustry:nickel_ore":8,"minecraft:deepslate_lapis_ore":19,"minecraft:azure_bluet":1,"create:veridium":57,"minecraft:deepslate_redstone_ore":66,"creatingspace:nickel_ore":29,"minecraft:kelp_plant":40,"minecraft:torch":37,"minecraft:chest":1,"create:brass_casing":4,"minecraft:cobblestone":58,"extradelight:corn_bottom":1,"minecraft:sugar_cane":10,"minecraft:oak_planks":29,"minecraft:wall_torch":13,"minecraft:deepslate_copper_ore":33,"minecraft:wheat":8,"minecraft:grass":18,"minecraft:oak_log":76,"delightful:mini_melon":11,"createindustry:deepslate_lithium_ore":7,"minecraft:sand":11,"minecraft:dirt":83,"minecraft:smooth_basalt":3,"minecraft:deepslate":971,"create:zinc_ore":19,"minecraft:tuff":95,"minecraft:deepslate_diamond_ore":26,"minecraft:redstone_ore":6,"minecraft:carrots":9,"minecraft:andesite":124,"createindustry:galena":37,"createcafe:coffee_crop":8,"createindustry:lead_ore":3,"minecraft:deepslate_iron_ore":40,"goodending:hanging_oak_leaves":2,"minecraft:stripped_oak_log":26,"createindustry:deepslate_nickel_ore":5,"minecraft:stone":759,"minecraft:oak_slab":2,"minecraft:crafting_table":6,"minecraft:campfire":4,"minecraft:copper_ore":50,"minecraft:lapis_ore":2,"minecraft:deepslate_gold_ore":46,"minecraft:sculk":1,"minecraft:diorite":147,"supplementaries:urn":9,"createindustry:deepslate_lead_ore":5,"create:mechanical_drill":1,"minecraft:coal_ore":113,"minecraft:gravel":39,"minecraft:dripstone_block":16,"minecraft:cobweb":1,"minecraft:gold_ore":2},"minecraft:broken":{"minecraft:iron_shovel":1,"minecraft:stone_pickaxe":14,"minecraft:stone_axe":1,"minecraft:iron_pickaxe":1,"create:sand_paper":2},"minecraft:picked_up":{"minecraft:wheat":199,"minecraft:redstone_block":86,"supplementaries:bomb_blue":1,"regions_unexplored:maple_planks":1,"garnished:ungarnished_macadamia":1,"minecraft:string":15,"minecraft:raw_copper":348,"createindustry:raw_nickel":13,"minecraft:beetroot":36,"create:water_wheel":5,"extradelight:corn_seeds":2,"minecraft:cobbled_deepslate":554,"delightful:acorn":16,"createindustry:raw_lead":8,"minecraft:melon_slice":1,"minecraft:stick":74,"createcafe:coffee_fruit":65,"miners_delight:tentacles":3,"farmersdelight:rotten_tomato":4,"minecraft:torch":57,"create:andesite_casing":51,"minecraft:porkchop":2,"createcafe:cassava_seeds":13,"minecraft:diorite":147,"supplementaries:flax":4,"garnished:ungarnished_chestnut":1,"minecraft:rotten_flesh":22,"createcafe:coffee_beans":30,"create:copper_casing":9,"farmersdelight:onion":176,"create:veridium":47,"minecraft:cobblestone":1026,"minecraft:andesite":79,"create:belt_connector":1,"minecraft:flint":5,"minecraft:tuff":27,"create:raw_zinc":50,"supplementaries:flax_seeds":10,"minecraft:dirt":250,"minecraft:lapis_lazuli":124,"farmersdelight:tomato":46,"culturaldelights:glow_squid":1,"minecraft:bone":2,"minecraft:wheat_seeds":388,"delightful:mini_melon":11,"minecraft:raw_gold":48,"create:goggles":1,"create:shaft":1,"immersive_aircraft:sail":1,"minecraft:oak_planks":46,"create:super_glue":2,"create_questing:blueprint":3,"create:cogwheel":1,"minecraft:sand":11,"createindustry:raw_lithium":7,"minecraft:grass_block":7,"minecraft:diamond":29,"minecraft:granite":16,"alexsmobs:maggot":1,"minecraft:oak_sapling":63,"minecraft:netherrack":103,"create:white_sail":1,"minecraft:diamond_pickaxe":1,"creatingspace:raw_nickel":50,"create:copper_sheet":2,"minecraft:charcoal":4,"minecraft:crafting_table":6,"minecraft:azure_bluet":1,"creatingspace:iron_engine_wall":2,"garnished:ungarnished_pecan":1,"minecraft:iron_shovel":2,"farmersdelight:straw":94,"minecraft:sugar_cane":20,"minecraft:chest":1,"minecraft:raw_iron":101,"minecraft:stone":180,"create:golden_sheet":5,"minecraft:bowl":1,"alexsmobs:straddlite":1,"sophisticatedbackpacks:backpack":1,"minecraft:carrot":85,"minecraft:redstone":312,"create:brass_casing":18,"minecraft:arrow":10,"regions_unexplored:mauve_sapling":1,"regions_unexplored:maple_sapling":1,"minecraft:beetroot_seeds":42,"create:depot":1,"minecraft:gold_ingot":6,"minecraft:white_wool":79,"minecraft:stripped_oak_log":26,"create:iron_sheet":6,"garnished:ungarnished_hazelnut":1,"minecraft:basalt":2,"minecraft:oak_log":270,"create:andesite_alloy":79,"create:blaze_burner":5,"createindustry:galena":33,"minecraft:cooked_mutton":1,"minecraft:apple":7,"minecraft:kelp":275,"minecraft:iron_ingot":25,"minecraft:stone_pickaxe":1,"creatingspace:copper_engine_wall":2,"quark:music_disc_chatter":1,"minecraft:iron_sword":2,"minecraft:oak_slab":2,"minecraft:smooth_basalt":9,"minecraft:quartz":164,"minecraft:dripstone_block":32,"minecraft:gravel":216,"minecraft:spider_eye":1,"create:brass_ingot":35,"minecraft:iron_helmet":1,"regions_unexplored:maple_log":30,"garnished:nut_planks":6,"createcafe:cassava_root":40,"minecraft:coal":113}},"DataVersion":3120}