{"stats":{"minecraft:broken":{"minecraft:stone_pickaxe":8},"minecraft:picked_up":{"creatingspace:raw_nickel":22,"minecraft:crafting_table":5,"minecraft:flint":4,"minecraft:tuff":1,"create:raw_zinc":7,"minecraft:lapis_lazuli":80,"minecraft:dirt":9,"createindustry:galena":33,"minecraft:raw_copper":123,"delightful:mini_melon":11,"minecraft:cobbled_deepslate":240,"minecraft:raw_gold":18,"extradelight:corn_seeds":2,"minecraft:stone_pickaxe":1,"minecraft:melon_slice":1,"minecraft:iron_sword":1,"create_questing:blueprint":1,"minecraft:stick":13,"minecraft:raw_iron":40,"minecraft:smooth_basalt":9,"minecraft:torch":24,"minecraft:gravel":208,"minecraft:dripstone_block":32,"createcafe:cassava_seeds":2,"minecraft:redstone":124,"minecraft:rotten_flesh":2,"createcafe:coffee_beans":1,"minecraft:diamond":9,"regions_unexplored:maple_sapling":1,"regions_unexplored:maple_log":30,"minecraft:coal":73,"minecraft:cobblestone":501},"minecraft:custom":{"minecraft:interact_with_furnace":9,"minecraft:mob_kills":3,"minecraft:interact_with_crafting_table":9,"minecraft:time_since_death":84226,"minecraft:time_since_rest":84226,"minecraft:sprint_one_cm":78607,"minecraft:damage_taken":265,"minecraft:walk_one_cm":137750,"minecraft:drop":33,"minecraft:damage_dealt":486,"minecraft:fly_one_cm":73843,"minecraft:crouch_one_cm":982,"minecraft:play_time":84226,"minecraft:sneak_time":760,"minecraft:jump":606,"minecraft:total_world_time":84226,"minecraft:fall_one_cm":7709},"minecraft:used":{"minecraft:stone_pickaxe":1179,"minecraft:wooden_pickaxe":28,"minecraft:torch":75,"minecraft:crafting_table":7,"minecraft:bread":3,"minecraft:melon_slice":11,"minecraft:iron_pickaxe":246,"minecraft:stone_axe":49,"minecraft:cobblestone":58,"minecraft:furnace":4,"alexsmobs:animal_dictionary":1},"minecraft:dropped":{"minecraft:gravel":208,"minecraft:cobbled_deepslate":112,"minecraft:dripstone_block":32,"minecraft:tuff":1,"minecraft:rotten_flesh":2,"minecraft:cobblestone":269,"regions_unexplored:maple_sapling":1,"create_questing:blueprint":1,"createcafe:cassava_seeds":2,"minecraft:dirt":9,"minecraft:torch":1,"minecraft:melon_slice":1,"minecraft:wooden_pickaxe":1,"minecraft:stone_pickaxe":1,"minecraft:smooth_basalt":9},"minecraft:killed":{"minecraft:spider":1,"minecraft:zombie":2},"minecraft:mined":{"create:zinc_ore":7,"minecraft:deepslate_redstone_ore":33,"minecraft:tuff":57,"creatingspace:nickel_ore":22,"minecraft:deepslate_diamond_ore":9,"regions_unexplored:maple_log":30,"minecraft:crafting_table":5,"minecraft:torch":17,"minecraft:granite":4,"minecraft:copper_ore":27,"minecraft:cobblestone":5,"extradelight:corn_bottom":1,"minecraft:deepslate_gold_ore":18,"minecraft:sculk":1,"minecraft:wall_torch":7,"minecraft:deepslate_copper_ore":11,"regions_unexplored:stone_bud":2,"minecraft:iron_ore":40,"minecraft:andesite":38,"minecraft:deepslate_lapis_ore":15,"createindustry:galena":37,"minecraft:grass":3,"minecraft:coal_ore":73,"delightful:mini_melon":11,"minecraft:gravel":24,"minecraft:dripstone_block":16,"minecraft:dirt":16,"minecraft:smooth_basalt":3,"minecraft:stone":436,"minecraft:deepslate":535},"minecraft:crafted":{"minecraft:crafting_table":3,"minecraft:melon_slice":33,"regions_unexplored:maple_planks":48,"minecraft:wooden_pickaxe":1,"minecraft:iron_sword":1,"minecraft:furnace":4,"minecraft:stone_axe":1,"minecraft:air":0,"minecraft:melon_seeds":4,"minecraft:stick":48,"minecraft:iron_ingot":26,"minecraft:iron_pickaxe":2,"minecraft:stone_pickaxe":12,"minecraft:torch":96,"minecraft:stone_hoe":1}},"DataVersion":3120}