{"stats":{"minecraft:custom":{"minecraft:mob_kills":6,"minecraft:interact_with_crafting_table":55,"minecraft:time_since_death":251717,"minecraft:sprint_one_cm":316686,"minecraft:walk_one_cm":397805,"minecraft:drop":83,"minecraft:play_time":251717,"minecraft:sneak_time":1034,"minecraft:walk_under_water_one_cm":915,"minecraft:interact_with_brewingstand":1,"minecraft:jump":1827,"minecraft:walk_on_water_one_cm":3140,"minecraft:total_world_time":251717,"minecraft:interact_with_furnace":65,"minecraft:sleep_in_bed":1,"minecraft:time_since_rest":14843,"minecraft:damage_taken":556,"minecraft:damage_dealt":888,"minecraft:swim_one_cm":12184,"minecraft:fly_one_cm":336167,"minecraft:open_chest":71,"minecraft:crouch_one_cm":1482,"minecraft:fall_one_cm":40731},"minecraft:dropped":{"minecraft:iron_ingot":19,"minecraft:wheat_seeds":2,"minecraft:diamond":7,"minecraft:crafting_table":1,"minecraft:dripstone_block":32,"minecraft:cobblestone":336,"minecraft:granite":16,"minecraft:copper_ingot":4,"regions_unexplored:maple_planks":1,"minecraft:dirt":13,"garnished:ungarnished_hazelnut":1,"minecraft:torch":1,"minecraft:melon_slice":1,"create:iron_sheet":1,"create:goggles":2,"garnished:ungarnished_macadamia":1,"minecraft:gold_ingot":9,"minecraft:smooth_basalt":9,"minecraft:gravel":208,"garnished:nut_planks":6,"minecraft:cobbled_deepslate":567,"minecraft:tuff":1,"minecraft:rotten_flesh":4,"regions_unexplored:maple_sapling":1,"create:copper_sheet":1,"create_questing:blueprint":2,"createcafe:cassava_seeds":2,"garnished:ungarnished_pecan":1,"creatingspace:iron_engine_wall":2,"minecraft:stone_pickaxe":1,"minecraft:wooden_pickaxe":1,"garnished:ungarnished_chestnut":1},"minecraft:mined":{"create:zinc_ore":7,"minecraft:tuff":67,"create:copper_casing":9,"minecraft:deepslate_diamond_ore":23,"regions_unexplored:maple_log":30,"create:andesite_casing":13,"minecraft:granite":20,"minecraft:grass_block":145,"regions_unexplored:stone_bud":2,"minecraft:iron_ore":46,"minecraft:fire":2,"minecraft:andesite":124,"createindustry:galena":37,"minecraft:deepslate_lapis_ore":15,"minecraft:deepslate_iron_ore":5,"minecraft:stripped_oak_log":12,"createindustry:deepslate_nickel_ore":4,"minecraft:stone":554,"minecraft:deepslate_redstone_ore":47,"creatingspace:nickel_ore":22,"minecraft:torch":22,"minecraft:crafting_table":5,"minecraft:campfire":4,"minecraft:cobblestone":16,"minecraft:copper_ore":27,"minecraft:deepslate_gold_ore":18,"extradelight:corn_bottom":1,"minecraft:lapis_ore":2,"minecraft:sculk":1,"minecraft:diorite":145,"minecraft:wall_torch":12,"minecraft:deepslate_copper_ore":11,"createindustry:deepslate_lead_ore":4,"minecraft:grass":7,"minecraft:oak_log":47,"minecraft:coal_ore":90,"delightful:mini_melon":11,"minecraft:dirt":33,"minecraft:dripstone_block":16,"minecraft:gravel":32,"minecraft:sand":6,"minecraft:smooth_basalt":3,"minecraft:deepslate":941},"minecraft:used":{"minecraft:stone_shovel":127,"minecraft:iron_sword":6,"minecraft:torch":107,"create:fluid_tank":7,"create:mechanical_pump":2,"minecraft:dirt":17,"create:cogwheel":5,"create:depot":1,"minecraft:lava_bucket":7,"farmersdelight:fried_rice":4,"create:wrench":2,"create:shaft":3,"create:steam_engine":1,"minecraft:furnace":10,"create:fluid_pipe":3,"minecraft:water_bucket":12,"minecraft:stone_pickaxe":1936,"minecraft:wooden_pickaxe":28,"garnished:nut_planks":3,"minecraft:crafting_table":8,"minecraft:campfire":4,"minecraft:oak_log":13,"create:mechanical_press":1,"minecraft:bread":3,"minecraft:melon_slice":29,"minecraft:iron_pickaxe":394,"create:water_wheel":5,"create:andesite_casing":10,"minecraft:stone_axe":126,"minecraft:cobblestone":116,"minecraft:bucket":19,"alexsmobs:animal_dictionary":1,"create:hand_crank":1,"minecraft:stripped_oak_log":8},"minecraft:crafted":{"minecraft:oak_planks":64,"minecraft:stone_shovel":1,"minecraft:barrel":12,"create:wrench":1,"create:steam_engine":1,"minecraft:iron_nugget":9,"minecraft:melon_slice":33,"regions_unexplored:maple_planks":123,"minecraft:furnace":10,"minecraft:glass":6,"minecraft:iron_boots":1,"create:mechanical_press":1,"minecraft:melon_seeds":4,"create:fluid_tank":12,"minecraft:stone_pickaxe":16,"extendedgears:shaftless_cogwheel":6,"minecraft:copper_block":1,"minecraft:stone_hoe":1,"create:cogwheel":6,"create:depot":1,"create:andesite_alloy":23,"create:hand_crank":1,"minecraft:crafting_table":3,"create:fluid_pipe":4,"minecraft:wooden_pickaxe":1,"minecraft:iron_helmet":1,"minecraft:iron_sword":1,"create:goggles":3,"minecraft:copper_ingot":128,"minecraft:bucket":1,"minecraft:campfire":4,"minecraft:stone_axe":1,"minecraft:air":0,"minecraft:iron_chestplate":1,"minecraft:stick":76,"regions_unexplored:maple_button":6,"create:mechanical_pump":1,"minecraft:iron_ingot":46,"minecraft:iron_pickaxe":2,"minecraft:iron_block":1,"minecraft:iron_leggings":1,"minecraft:gold_ingot":25,"create:shaft":8,"regions_unexplored:maple_slab":30,"minecraft:torch":96,"minecraft:shears":1},"minecraft:killed":{"minecraft:spider":1,"minecraft:zombie":4},"minecraft:picked_up":{"create:copper_sheet":2,"minecraft:charcoal":4,"creatingspace:raw_nickel":22,"minecraft:crafting_table":6,"creatingspace:iron_engine_wall":2,"regions_unexplored:maple_planks":1,"garnished:ungarnished_macadamia":1,"garnished:ungarnished_pecan":1,"minecraft:string":6,"createindustry:raw_nickel":4,"minecraft:raw_copper":123,"create:water_wheel":5,"minecraft:cobbled_deepslate":507,"extradelight:corn_seeds":2,"createindustry:raw_lead":4,"minecraft:melon_slice":1,"minecraft:stick":13,"minecraft:raw_iron":51,"create:golden_sheet":5,"minecraft:torch":33,"create:andesite_casing":12,"createcafe:cassava_seeds":3,"minecraft:diorite":144,"minecraft:redstone":204,"garnished:ungarnished_chestnut":1,"minecraft:rotten_flesh":4,"createcafe:coffee_beans":5,"regions_unexplored:maple_sapling":1,"create:copper_casing":9,"minecraft:gold_ingot":6,"minecraft:white_wool":60,"minecraft:cobblestone":632,"minecraft:stripped_oak_log":12,"create:iron_sheet":1,"garnished:ungarnished_hazelnut":1,"minecraft:andesite":79,"minecraft:flint":5,"minecraft:tuff":1,"create:raw_zinc":7,"minecraft:oak_log":47,"minecraft:lapis_lazuli":93,"minecraft:dirt":158,"createindustry:galena":33,"delightful:mini_melon":11,"minecraft:wheat_seeds":7,"minecraft:raw_gold":18,"minecraft:iron_ingot":19,"minecraft:stone_pickaxe":1,"create:goggles":1,"creatingspace:copper_engine_wall":2,"minecraft:iron_sword":1,"create_questing:blueprint":2,"minecraft:smooth_basalt":9,"minecraft:gravel":208,"minecraft:dripstone_block":32,"minecraft:sand":6,"minecraft:diamond":23,"minecraft:granite":16,"regions_unexplored:maple_log":30,"garnished:nut_planks":6,"minecraft:coal":90},"minecraft:broken":{"minecraft:stone_pickaxe":14,"minecraft:iron_pickaxe":1}},"DataVersion":3120}