{"stats":{"minecraft:custom":{"minecraft:interact_with_furnace":18,"minecraft:mob_kills":3,"minecraft:interact_with_crafting_table":16,"minecraft:time_since_death":131717,"minecraft:time_since_rest":131717,"minecraft:sprint_one_cm":100777,"minecraft:damage_taken":305,"minecraft:walk_one_cm":198558,"minecraft:drop":45,"minecraft:damage_dealt":486,"minecraft:fly_one_cm":82534,"minecraft:open_chest":5,"minecraft:crouch_one_cm":1353,"minecraft:play_time":131717,"minecraft:sneak_time":832,"minecraft:jump":758,"minecraft:total_world_time":131717,"minecraft:fall_one_cm":9702},"minecraft:dropped":{"minecraft:gravel":208,"minecraft:iron_ingot":18,"garnished:nut_planks":3,"minecraft:cobbled_deepslate":567,"minecraft:dripstone_block":32,"minecraft:tuff":1,"minecraft:rotten_flesh":2,"minecraft:cobblestone":269,"regions_unexplored:maple_sapling":1,"minecraft:granite":16,"create_questing:blueprint":1,"createcafe:cassava_seeds":2,"minecraft:dirt":9,"minecraft:torch":1,"minecraft:melon_slice":1,"minecraft:wooden_pickaxe":1,"minecraft:stone_pickaxe":1,"minecraft:smooth_basalt":9},"minecraft:mined":{"create:zinc_ore":7,"minecraft:deepslate_redstone_ore":47,"minecraft:tuff":67,"creatingspace:nickel_ore":22,"minecraft:deepslate_diamond_ore":23,"regions_unexplored:maple_log":30,"minecraft:crafting_table":5,"minecraft:torch":18,"minecraft:granite":20,"minecraft:copper_ore":27,"minecraft:cobblestone":7,"minecraft:lapis_ore":2,"extradelight:corn_bottom":1,"minecraft:deepslate_gold_ore":18,"minecraft:sculk":1,"minecraft:diorite":145,"minecraft:wall_torch":9,"minecraft:deepslate_copper_ore":11,"createindustry:deepslate_lead_ore":4,"regions_unexplored:stone_bud":2,"minecraft:iron_ore":46,"minecraft:andesite":124,"minecraft:deepslate_lapis_ore":15,"createindustry:galena":37,"minecraft:grass":3,"minecraft:coal_ore":90,"minecraft:deepslate_iron_ore":5,"delightful:mini_melon":11,"minecraft:gravel":32,"minecraft:dripstone_block":16,"minecraft:dirt":16,"createindustry:deepslate_nickel_ore":4,"minecraft:smooth_basalt":3,"minecraft:stone":543,"minecraft:deepslate":941},"minecraft:used":{"minecraft:stone_pickaxe":1878,"minecraft:wooden_pickaxe":28,"minecraft:torch":100,"minecraft:crafting_table":7,"minecraft:melon_slice":16,"minecraft:bread":3,"minecraft:iron_pickaxe":394,"minecraft:stone_axe":49,"minecraft:cobblestone":66,"minecraft:furnace":10,"alexsmobs:animal_dictionary":1},"minecraft:crafted":{"minecraft:crafting_table":3,"minecraft:melon_slice":33,"minecraft:iron_helmet":1,"regions_unexplored:maple_planks":120,"minecraft:wooden_pickaxe":1,"minecraft:iron_sword":1,"minecraft:furnace":10,"minecraft:stone_axe":1,"minecraft:air":0,"minecraft:iron_chestplate":1,"minecraft:iron_boots":1,"minecraft:melon_seeds":4,"minecraft:stick":56,"minecraft:iron_ingot":34,"minecraft:iron_pickaxe":2,"minecraft:stone_pickaxe":16,"minecraft:iron_leggings":1,"minecraft:torch":96,"minecraft:stone_hoe":1},"minecraft:killed":{"minecraft:spider":1,"minecraft:zombie":2},"minecraft:picked_up":{"creatingspace:raw_nickel":22,"minecraft:crafting_table":5,"minecraft:andesite":79,"minecraft:flint":5,"minecraft:tuff":1,"create:raw_zinc":7,"minecraft:lapis_lazuli":93,"minecraft:dirt":9,"createindustry:galena":33,"createindustry:raw_nickel":4,"minecraft:raw_copper":123,"delightful:mini_melon":11,"minecraft:cobbled_deepslate":507,"minecraft:raw_gold":18,"extradelight:corn_seeds":2,"minecraft:stone_pickaxe":1,"minecraft:iron_ingot":18,"createindustry:raw_lead":4,"minecraft:melon_slice":1,"minecraft:iron_sword":1,"create_questing:blueprint":1,"minecraft:stick":13,"minecraft:raw_iron":51,"minecraft:smooth_basalt":9,"minecraft:torch":27,"minecraft:dripstone_block":32,"minecraft:gravel":208,"createcafe:cassava_seeds":2,"minecraft:diorite":144,"minecraft:redstone":204,"minecraft:rotten_flesh":2,"createcafe:coffee_beans":1,"minecraft:diamond":22,"regions_unexplored:maple_sapling":1,"minecraft:granite":16,"regions_unexplored:maple_log":30,"garnished:nut_planks":3,"minecraft:coal":90,"minecraft:cobblestone":610},"minecraft:broken":{"minecraft:stone_pickaxe":13,"minecraft:iron_pickaxe":1}},"DataVersion":3120}