{"stats":{"minecraft:broken":{"minecraft:stone_pickaxe":4},"minecraft:picked_up":{"creatingspace:raw_nickel":16,"minecraft:crafting_table":3,"minecraft:flint":4,"create:raw_zinc":7,"minecraft:dirt":9,"createindustry:galena":33,"minecraft:raw_copper":94,"delightful:mini_melon":11,"extradelight:corn_seeds":2,"minecraft:melon_slice":1,"create_questing:blueprint":1,"minecraft:stick":11,"minecraft:raw_iron":40,"minecraft:smooth_basalt":3,"minecraft:torch":19,"minecraft:gravel":46,"minecraft:dripstone_block":16,"createcafe:cassava_seeds":2,"minecraft:rotten_flesh":2,"createcafe:coffee_beans":1,"regions_unexplored:maple_sapling":1,"regions_unexplored:maple_log":30,"minecraft:coal":73,"minecraft:cobblestone":347},"minecraft:custom":{"minecraft:interact_with_furnace":9,"minecraft:mob_kills":3,"minecraft:interact_with_crafting_table":7,"minecraft:time_since_death":48226,"minecraft:time_since_rest":48226,"minecraft:sprint_one_cm":75920,"minecraft:damage_taken":265,"minecraft:walk_one_cm":88870,"minecraft:drop":4,"minecraft:damage_dealt":486,"minecraft:fly_one_cm":73843,"minecraft:play_time":48226,"minecraft:sneak_time":18,"minecraft:jump":539,"minecraft:total_world_time":48226,"minecraft:fall_one_cm":7709},"minecraft:used":{"minecraft:stone_pickaxe":549,"minecraft:wooden_pickaxe":9,"minecraft:torch":41,"minecraft:crafting_table":5,"minecraft:bread":3,"minecraft:melon_slice":8,"minecraft:iron_pickaxe":134,"minecraft:stone_axe":48,"minecraft:cobblestone":38,"minecraft:furnace":4,"alexsmobs:animal_dictionary":1},"minecraft:dropped":{"regions_unexplored:maple_sapling":1,"create_questing:blueprint":1,"createcafe:cassava_seeds":1,"minecraft:melon_slice":1},"minecraft:killed":{"minecraft:spider":1,"minecraft:zombie":2},"minecraft:mined":{"create:zinc_ore":7,"creatingspace:nickel_ore":16,"regions_unexplored:maple_log":30,"minecraft:crafting_table":3,"minecraft:torch":14,"minecraft:granite":4,"minecraft:copper_ore":27,"minecraft:cobblestone":4,"extradelight:corn_bottom":1,"minecraft:sculk":1,"minecraft:wall_torch":5,"regions_unexplored:stone_bud":2,"minecraft:iron_ore":40,"minecraft:andesite":16,"createindustry:galena":37,"minecraft:grass":3,"minecraft:coal_ore":73,"delightful:mini_melon":11,"minecraft:gravel":21,"minecraft:dripstone_block":16,"minecraft:dirt":11,"minecraft:smooth_basalt":3,"minecraft:stone":388,"minecraft:deepslate":7},"minecraft:crafted":{"minecraft:crafting_table":2,"minecraft:melon_slice":33,"regions_unexplored:maple_planks":32,"minecraft:wooden_pickaxe":1,"minecraft:iron_sword":1,"minecraft:furnace":4,"minecraft:stone_axe":1,"minecraft:air":0,"minecraft:melon_seeds":4,"minecraft:stick":32,"minecraft:iron_ingot":26,"minecraft:iron_pickaxe":2,"minecraft:stone_pickaxe":6,"minecraft:torch":32,"minecraft:stone_hoe":1}},"DataVersion":3120}