{"stats":{"minecraft:dropped":{"minecraft:stone_hoe":1,"minecraft:iron_ingot":19,"alexsmobs:straddlite":1,"minecraft:wheat_seeds":30,"minecraft:diamond":7,"minecraft:crafting_table":1,"minecraft:dripstone_block":32,"minecraft:cobblestone":337,"minecraft:granite":16,"minecraft:copper_ingot":44,"regions_unexplored:maple_planks":1,"minecraft:dirt":13,"garnished:ungarnished_hazelnut":1,"minecraft:diorite":3,"minecraft:torch":1,"minecraft:melon_slice":1,"create:goggles":2,"create:iron_sheet":1,"minecraft:iron_pickaxe":1,"garnished:ungarnished_macadamia":1,"create:crushing_wheel":2,"minecraft:gold_ingot":10,"minecraft:smooth_basalt":9,"minecraft:gravel":209,"minecraft:stone_axe":1,"garnished:nut_planks":6,"create:shaft":5,"minecraft:cobbled_deepslate":567,"minecraft:bowl":4,"minecraft:tuff":1,"minecraft:stone_shovel":1,"minecraft:raw_iron":7,"minecraft:rotten_flesh":14,"regions_unexplored:maple_sapling":1,"minecraft:cooked_mutton":1,"create:copper_sheet":1,"create_questing:blueprint":3,"minecraft:carrot":54,"createcafe:cassava_seeds":2,"garnished:ungarnished_pecan":1,"miners_delight:tentacles":3,"creatingspace:iron_engine_wall":2,"create:zinc_ingot":18,"minecraft:spider_eye":1,"culturaldelights:glow_squid":1,"minecraft:basalt":2,"minecraft:arrow":2,"minecraft:stone_pickaxe":8,"minecraft:wooden_pickaxe":1,"create:empty_blaze_burner":5,"create:andesite_funnel":1,"garnished:ungarnished_chestnut":1},"minecraft:crafted":{"minecraft:oak_planks":92,"minecraft:stone_shovel":1,"minecraft:barrel":12,"create:wrench":1,"create:steam_engine":2,"minecraft:iron_nugget":72,"minecraft:melon_slice":33,"regions_unexplored:maple_planks":123,"minecraft:furnace":10,"minecraft:stone":8,"extendedgears:large_shaftless_cogwheel":2,"minecraft:cooked_mutton":6,"minecraft:flint_and_steel":1,"minecraft:glass":6,"minecraft:iron_boots":1,"create:mechanical_press":1,"minecraft:melon_seeds":4,"create:fluid_tank":12,"minecraft:stone_pickaxe":22,"extendedgears:shaftless_cogwheel":7,"minecraft:oak_button":1,"minecraft:copper_block":2,"create:electron_tube":9,"minecraft:stone_hoe":1,"create:cogwheel":7,"create:windmill_bearing":1,"create:depot":1,"create:andesite_alloy":55,"create:hand_crank":1,"create:rose_quartz":16,"minecraft:cooked_porkchop":8,"minecraft:crafting_table":10,"create:fluid_pipe":4,"minecraft:wooden_pickaxe":1,"minecraft:iron_helmet":1,"minecraft:iron_sword":1,"create:goggles":3,"minecraft:copper_ingot":134,"create:sand_paper":3,"minecraft:bucket":1,"minecraft:campfire":4,"minecraft:stone_axe":2,"minecraft:bread":23,"minecraft:air":0,"minecraft:iron_chestplate":1,"minecraft:paper":3,"minecraft:diamond_pickaxe":1,"minecraft:stick":100,"regions_unexplored:maple_button":8,"create:mechanical_pump":1,"minecraft:iron_ingot":53,"create:mechanical_crafter":21,"minecraft:iron_pickaxe":8,"minecraft:iron_block":1,"minecraft:gold_ingot":25,"minecraft:iron_leggings":1,"create:large_cogwheel":2,"create:shaft":8,"regions_unexplored:maple_slab":36,"minecraft:torch":128,"minecraft:shears":1,"create:empty_blaze_burner":6},"minecraft:custom":{"minecraft:mob_kills":61,"minecraft:interact_with_crafting_table":93,"minecraft:leave_game":5,"minecraft:time_since_death":160652,"minecraft:sprint_one_cm":779168,"minecraft:walk_one_cm":981194,"minecraft:drop":123,"minecraft:damage_dealt_absorbed":80,"minecraft:play_time":464385,"minecraft:sneak_time":2176,"minecraft:deaths":2,"minecraft:walk_under_water_one_cm":3057,"minecraft:interact_with_brewingstand":1,"minecraft:jump":3644,"minecraft:interact_with_blast_furnace":4,"minecraft:walk_on_water_one_cm":6658,"minecraft:total_world_time":464385,"minecraft:interact_with_furnace":86,"minecraft:sleep_in_bed":4,"minecraft:time_since_rest":40102,"minecraft:damage_taken":3706,"minecraft:damage_dealt":11821,"minecraft:swim_one_cm":16151,"minecraft:fly_one_cm":664716,"minecraft:open_chest":245,"minecraft:crouch_one_cm":3943,"minecraft:use_cauldron":2,"minecraft:fall_one_cm":81792},"minecraft:killed_by":{"quark:forgotten":1,"minecraft:zombie":1},"minecraft:used":{"minecraft:flint_and_steel":2,"minecraft:stone_shovel":132,"minecraft:iron_sword":231,"regions_unexplored:maple_planks":1,"minecraft:torch":176,"create:fluid_tank":7,"create:mechanical_pump":3,"minecraft:dirt":19,"create:mechanical_mixer":1,"create:cogwheel":13,"create:mechanical_crafter":22,"minecraft:carrot":12,"create:depot":4,"minecraft:tuff":1,"minecraft:azure_bluet":1,"farmersdelight:fried_rice":10,"minecraft:lava_bucket":9,"create:wrench":104,"supplementaries:bomb_blue":1,"create:shaft":4,"create:steam_engine":2,"minecraft:oak_sapling":4,"minecraft:furnace":10,"create:fluid_pipe":8,"minecraft:cobbled_deepslate":9,"minecraft:cooked_mutton":6,"minecraft:water_bucket":16,"minecraft:stone_pickaxe":1945,"minecraft:wooden_pickaxe":28,"garnished:nut_planks":3,"create:blaze_burner":1,"minecraft:glow_berries":10,"minecraft:sand":2,"minecraft:campfire":4,"minecraft:crafting_table":8,"minecraft:oak_log":41,"minecraft:diamond_pickaxe":215,"create:mechanical_press":1,"minecraft:bread":25,"create:windmill_bearing":1,"minecraft:melon_slice":29,"minecraft:iron_pickaxe":549,"create:water_wheel":5,"create:andesite_casing":10,"minecraft:stone_axe":161,"minecraft:cobblestone":151,"create:basin":1,"minecraft:bucket":26,"alexsmobs:animal_dictionary":1,"minecraft:stripped_oak_log":12,"create:hand_crank":4,"create:large_cogwheel":2},"minecraft:killed":{"minecraft:spider":7,"minecraft:skeleton":11,"goblintraders:goblin_trader":1,"minecraft:pig":1,"minecraft:creeper":2,"minecraft:zombie":37},"minecraft:mined":{"create:zinc_ore":19,"minecraft:tuff":68,"create:deepslate_zinc_ore":31,"create:copper_casing":9,"minecraft:deepslate_diamond_ore":26,"regions_unexplored:maple_log":30,"create:andesite_casing":13,"minecraft:granite":20,"minecraft:grass_block":147,"creatingspace:deepslate_nickel_ore":21,"minecraft:redstone_ore":6,"regions_unexplored:stone_bud":2,"minecraft:carrots":1,"minecraft:cobbled_deepslate":2,"minecraft:iron_ore":62,"minecraft:fire":6,"createindustry:nickel_ore":8,"minecraft:andesite":124,"createindustry:galena":37,"minecraft:deepslate_lapis_ore":19,"minecraft:azure_bluet":1,"createindustry:lead_ore":3,"minecraft:deepslate_iron_ore":40,"minecraft:stripped_oak_log":16,"createindustry:deepslate_nickel_ore":5,"minecraft:stone":578,"create:veridium":27,"minecraft:deepslate_redstone_ore":66,"creatingspace:nickel_ore":29,"minecraft:torch":36,"minecraft:crafting_table":5,"minecraft:oak_planks":4,"minecraft:campfire":4,"create:brass_casing":4,"minecraft:copper_ore":50,"minecraft:cobblestone":21,"minecraft:deepslate_gold_ore":46,"extradelight:corn_bottom":1,"minecraft:lapis_ore":2,"minecraft:sugar_cane":10,"minecraft:sculk":1,"minecraft:diorite":147,"minecraft:wall_torch":13,"minecraft:deepslate_copper_ore":33,"supplementaries:urn":9,"createindustry:deepslate_lead_ore":5,"minecraft:grass":8,"minecraft:coal_ore":113,"minecraft:oak_log":64,"createindustry:deepslate_lithium_ore":7,"delightful:mini_melon":11,"minecraft:sand":11,"minecraft:gravel":39,"minecraft:dripstone_block":16,"minecraft:dirt":33,"minecraft:cobweb":1,"minecraft:smooth_basalt":3,"minecraft:gold_ore":2,"minecraft:deepslate":971},"minecraft:broken":{"minecraft:stone_pickaxe":14,"minecraft:stone_axe":1,"minecraft:iron_pickaxe":1,"create:sand_paper":2},"minecraft:picked_up":{"create:copper_sheet":2,"minecraft:charcoal":4,"creatingspace:raw_nickel":50,"minecraft:crafting_table":6,"minecraft:wheat":69,"minecraft:azure_bluet":1,"minecraft:redstone_block":86,"supplementaries:bomb_blue":1,"creatingspace:iron_engine_wall":2,"garnished:ungarnished_macadamia":1,"regions_unexplored:maple_planks":1,"garnished:ungarnished_pecan":1,"minecraft:string":15,"createindustry:raw_nickel":13,"minecraft:raw_copper":276,"create:water_wheel":5,"minecraft:cobbled_deepslate":539,"extradelight:corn_seeds":2,"delightful:acorn":3,"createindustry:raw_lead":8,"minecraft:melon_slice":1,"minecraft:sugar_cane":20,"minecraft:raw_iron":101,"minecraft:stick":13,"miners_delight:tentacles":3,"sophisticatedbackpacks:backpack":1,"farmersdelight:rotten_tomato":1,"create:golden_sheet":5,"minecraft:bowl":1,"minecraft:torch":55,"create:andesite_casing":12,"alexsmobs:straddlite":1,"minecraft:porkchop":2,"createcafe:cassava_seeds":3,"minecraft:diorite":147,"minecraft:carrot":61,"minecraft:redstone":312,"create:brass_casing":18,"garnished:ungarnished_chestnut":1,"minecraft:arrow":10,"minecraft:rotten_flesh":20,"createcafe:coffee_beans":5,"regions_unexplored:maple_sapling":1,"create:copper_casing":9,"create:depot":1,"create:veridium":18,"minecraft:gold_ingot":6,"minecraft:white_wool":60,"minecraft:cobblestone":993,"minecraft:stripped_oak_log":16,"create:iron_sheet":6,"garnished:ungarnished_hazelnut":1,"minecraft:basalt":2,"minecraft:andesite":79,"minecraft:flint":5,"minecraft:tuff":2,"create:raw_zinc":50,"minecraft:oak_log":64,"create:andesite_alloy":79,"create:blaze_burner":5,"farmersdelight:tomato":2,"minecraft:lapis_lazuli":124,"minecraft:dirt":161,"createindustry:galena":33,"culturaldelights:glow_squid":1,"minecraft:cooked_mutton":1,"minecraft:bone":2,"delightful:mini_melon":11,"minecraft:wheat_seeds":128,"minecraft:raw_gold":48,"minecraft:iron_ingot":19,"minecraft:stone_pickaxe":1,"create:goggles":1,"create:shaft":1,"creatingspace:copper_engine_wall":2,"immersive_aircraft:sail":1,"quark:music_disc_chatter":1,"minecraft:iron_sword":1,"minecraft:oak_planks":24,"create_questing:blueprint":3,"minecraft:smooth_basalt":9,"minecraft:quartz":164,"minecraft:dripstone_block":32,"minecraft:gravel":216,"minecraft:sand":11,"createindustry:raw_lithium":7,"minecraft:spider_eye":1,"minecraft:diamond":29,"minecraft:iron_helmet":1,"minecraft:granite":16,"regions_unexplored:maple_log":30,"alexsmobs:maggot":1,"garnished:nut_planks":6,"minecraft:oak_sapling":4,"minecraft:netherrack":103,"minecraft:coal":113}},"DataVersion":3120}