{"stats":{"minecraft:picked_up":{"create_questing:blueprint":1,"regions_unexplored:maple_log":6},"minecraft:custom":{"minecraft:jump":178,"minecraft:time_since_rest":12226,"minecraft:damage_dealt":15,"minecraft:sprint_one_cm":27873,"minecraft:play_time":12226,"minecraft:damage_taken":130,"minecraft:time_since_death":12226,"minecraft:walk_one_cm":9444,"minecraft:sneak_time":7,"minecraft:total_world_time":12226,"minecraft:drop":1,"minecraft:fall_one_cm":2029,"minecraft:fly_one_cm":35895},"minecraft:used":{"alexsmobs:animal_dictionary":1,"minecraft:bread":1},"minecraft:dropped":{"create_questing:blueprint":1},"minecraft:mined":{"regions_unexplored:maple_log":6}},"DataVersion":3120}