{"stats":{"minecraft:broken":{"minecraft:stone_pickaxe":2},"minecraft:picked_up":{"create_questing:blueprint":1,"minecraft:stick":11,"minecraft:crafting_table":3,"minecraft:raw_iron":34,"minecraft:torch":9,"minecraft:gravel":21,"createcafe:cassava_seeds":1,"minecraft:flint":3,"minecraft:dirt":5,"minecraft:rotten_flesh":2,"createcafe:coffee_beans":1,"regions_unexplored:maple_sapling":1,"delightful:mini_melon":11,"extradelight:corn_seeds":2,"regions_unexplored:maple_log":30,"minecraft:melon_slice":1,"minecraft:coal":44,"minecraft:cobblestone":227},"minecraft:custom":{"minecraft:time_since_rest":36226,"minecraft:interact_with_furnace":8,"minecraft:sprint_one_cm":75783,"minecraft:damage_taken":265,"minecraft:walk_one_cm":59565,"minecraft:mob_kills":3,"minecraft:drop":2,"minecraft:damage_dealt":486,"minecraft:interact_with_crafting_table":6,"minecraft:fly_one_cm":73843,"minecraft:play_time":36226,"minecraft:sneak_time":11,"minecraft:jump":498,"minecraft:time_since_death":36226,"minecraft:total_world_time":36226,"minecraft:fall_one_cm":7500},"minecraft:used":{"minecraft:melon_slice":8,"minecraft:bread":3,"minecraft:stone_pickaxe":331,"minecraft:wooden_pickaxe":9,"minecraft:stone_axe":47,"minecraft:torch":21,"minecraft:cobblestone":23,"minecraft:crafting_table":5,"minecraft:furnace":4,"alexsmobs:animal_dictionary":1},"minecraft:dropped":{"minecraft:melon_slice":1,"create_questing:blueprint":1},"minecraft:killed":{"minecraft:zombie":2,"minecraft:spider":1},"minecraft:mined":{"regions_unexplored:stone_bud":2,"regions_unexplored:maple_log":30,"minecraft:iron_ore":34,"minecraft:crafting_table":3,"minecraft:torch":6,"minecraft:grass":3,"minecraft:coal_ore":44,"delightful:mini_melon":11,"minecraft:gravel":15,"minecraft:dirt":7,"minecraft:cobblestone":3,"extradelight:corn_bottom":1,"minecraft:stone":225,"minecraft:wall_torch":3},"minecraft:crafted":{"minecraft:crafting_table":2,"minecraft:melon_seeds":4,"minecraft:melon_slice":33,"minecraft:stick":32,"minecraft:iron_ingot":19,"regions_unexplored:maple_planks":32,"minecraft:wooden_pickaxe":1,"minecraft:stone_pickaxe":6,"minecraft:furnace":4,"minecraft:torch":32,"minecraft:stone_hoe":1,"minecraft:stone_axe":1,"minecraft:air":0}},"DataVersion":3120}