{
  "minecraft:recipes/tools/fishing_rod": {
    "criteria": {
      "has_string": "2024-10-31 03:15:18 +0000"
    },
    "done": true
  },
  "minecraft:recipes/decorations/smoker": {
    "criteria": {
      "has_furnace": "2024-10-31 03:13:17 +0000"
    },
    "done": true
  },
  "sophisticatedstorage:recipes/sophisticatedstorage/packing_tape": {
    "criteria": {
      "has_slime": "2024-10-31 03:34:52 +0000"
    },
    "done": true
  },
  "extradelight:recipes/extradelight.items/wooden_spoon": {
    "criteria": {
      "Recipes": "2024-10-31 03:06:30 +0000"
    },
    "done": true
  },
  "sophisticatedstorage:recipes/sophisticatedstorage/oak_limited_barrel_4": {
    "criteria": {
      "has_oak_plank": "2024-10-31 03:06:30 +0000"
    },
    "done": true
  },
  "minecraft:recipes/redstone/lever": {
    "criteria": {
      "has_cobblestone": "2024-10-31 03:06:59 +0000"
    },
    "done": true
  },
  "sophisticatedstorage:recipes/sophisticatedstorage/oak_limited_barrel_3": {
    "criteria": {
      "has_oak_plank": "2024-10-31 03:06:30 +0000"
    },
    "done": true
  },
  "sophisticatedstorage:recipes/sophisticatedstorage/oak_limited_barrel_2": {
    "criteria": {
      "has_oak_plank": "2024-10-31 03:06:30 +0000"
    },
    "done": true
  },
  "sophisticatedstorage:recipes/sophisticatedstorage/oak_limited_barrel_1": {
    "criteria": {
      "has_oak_plank": "2024-10-31 03:06:30 +0000"
    },
    "done": true
  },
  "farmersdelight:recipes/farmersdelight/organic_compost_from_rotten_flesh": {
    "criteria": {
      "has_rotten_flesh": "2024-10-31 03:35:19 +0000"
    },
    "done": true
  },
  "minecraft:recipes/combat/iron_sword": {
    "criteria": {
      "has_iron_ingot": "2024-10-31 03:19:02 +0000"
    },
    "done": true
  },
  "extradelight:recipes/extradelight.aesthetic/crimson_step_stool": {
    "criteria": {
      "crimson_step_stool": "2024-10-31 03:06:33 +0000"
    },
    "done": true
  },
  "create:recipes/create.palettes/cut_andesite_slab_from_stone_types_andesite_stonecutting": {
    "criteria": {
      "has_stone_types_andesite": "2024-10-31 03:19:44 +0000"
    },
    "done": true
  },
  "create:recipes/create.palettes/cut_diorite_brick_stairs_from_stone_types_diorite_stonecutting": {
    "criteria": {
      "has_stone_types_diorite": "2024-10-31 03:19:58 +0000"
    },
    "done": true
  },
  "design_decor:recipes/design_decor/metal_plate_slab_from_ingots_iron_stonecutting": {
    "criteria": {
      "has_ingots_iron": "2024-10-31 03:19:02 +0000"
    },
    "done": true
  },
  "minecraft:recipes/building_blocks/polished_deepslate": {
    "criteria": {
      "has_cobbled_deepslate": "2024-10-31 03:24:57 +0000"
    },
    "done": true
  },
  "create:recipes/building_blocks/diorite_from_stone_types_diorite_stonecutting": {
    "criteria": {
      "has_stone_types_diorite": "2024-10-31 03:19:58 +0000"
    },
    "done": true
  },
  "minecraft:recipes/building_blocks/chiseled_deepslate_from_cobbled_deepslate_stonecutting": {
    "criteria": {
      "has_cobbled_deepslate": "2024-10-31 03:24:57 +0000"
    },
    "done": true
  },
  "create:recipes/create.base/crafting/logistics/powered_latch": {
    "criteria": {
      "has_item": "2024-10-31 03:24:16 +0000"
    },
    "done": true
  },
  "minecraft:recipes/tools/iron_pickaxe": {
    "criteria": {
      "has_iron_ingot": "2024-10-31 03:19:02 +0000"
    },
    "done": true
  },
  "create:recipes/create.palettes/polished_cut_diorite_wall_from_stone_types_diorite_stonecutting": {
    "criteria": {
      "has_stone_types_diorite": "2024-10-31 03:19:58 +0000"
    },
    "done": true
  },
  "minecraft:recipes/combat/leather_helmet": {
    "criteria": {
      "has_leather": "2024-10-31 03:08:44 +0000"
    },
    "done": true
  },
  "minecraft:recipes/misc/pumpkin_seeds": {
    "criteria": {
      "has_pumpkin": "2024-10-31 03:09:29 +0000"
    },
    "done": true
  },
  "regions_unexplored:recipes/ru_main/joshua_boat": {
    "criteria": {
      "in_water": "2024-10-31 03:05:44 +0000"
    },
    "done": true
  },
  "minecraft:recipes/decorations/crafting_table": {
    "criteria": {
      "has_planks": "2024-10-31 03:06:30 +0000"
    },
    "done": true
  },
  "minecraft:recipes/createbigcannons/gunpowder_pinch": {
    "criteria": {
      "has_gunpowder": "2024-10-31 03:10:18 +0000"
    },
    "done": true
  },
  "regions_unexplored:recipes/ru_main/oak_branch_from_oak_log": {
    "criteria": {
      "has_log": "2024-10-31 03:06:10 +0000"
    },
    "done": true
  },
  "minecraft:recipes/decorations/ladder": {
    "criteria": {
      "has_stick": "2024-10-31 03:06:33 +0000"
    },
    "done": true
  },
  "farmersdelight:recipes/farmersdelight/pie_crust": {
    "criteria": {
      "has_wheat": "2024-10-31 03:36:08 +0000"
    },
    "done": true
  },
  "minecraft:recipes/decorations/chest": {
    "criteria": {
      "has_lots_of_items": "2024-10-31 03:06:59 +0000"
    },
    "done": true
  },
  "minecraft:recipes/building_blocks/cobbled_deepslate_slab": {
    "criteria": {
      "has_cobbled_deepslate": "2024-10-31 03:24:57 +0000"
    },
    "done": true
  },
  "minecraft:recipes/transportation/mangrove_boat": {
    "criteria": {
      "in_water": "2024-10-31 03:05:44 +0000"
    },
    "done": true
  },
  "extradelight:recipes/extradelight.aesthetic/spruce_step_stool": {
    "criteria": {
      "spruce_step_stool": "2024-10-31 03:06:33 +0000"
    },
    "done": true
  },
  "minecraft:recipes/tools/wooden_shovel": {
    "criteria": {
      "has_stick": "2024-10-31 03:06:33 +0000"
    },
    "done": true
  },
  "minecraft:recipes/decorations/torch": {
    "criteria": {
      "has_stone_pickaxe": "2024-10-31 03:07:12 +0000"
    },
    "done": true
  },
  "create:recipes/create.palettes/industrial_iron_block_from_ingots_iron_stonecutting": {
    "criteria": {
      "has_ingots_iron": "2024-10-31 03:19:02 +0000"
    },
    "done": true
  },
  "minecraft:recipes/tools/shears": {
    "criteria": {
      "has_iron_ingot": "2024-10-31 03:19:02 +0000"
    },
    "done": true
  },
  "minecraft:recipes/misc/stick": {
    "criteria": {
      "has_planks": "2024-10-31 03:06:30 +0000"
    },
    "done": true
  },
  "minecraft:recipes/transportation/detector_rail": {
    "criteria": {
      "has_rail": "2024-10-31 03:35:52 +0000"
    },
    "done": true
  },
  "regions_unexplored:recipes/ru_main/blackwood_boat": {
    "criteria": {
      "in_water": "2024-10-31 03:05:44 +0000"
    },
    "done": true
  },
  "extradelight:recipes/extradelight.items/mixing_bowl": {
    "criteria": {
      "Recipes": "2024-10-31 03:06:30 +0000"
    },
    "done": true
  },
  "minecraft:recipes/combat/iron_leggings": {
    "criteria": {
      "has_iron_ingot": "2024-10-31 03:19:02 +0000"
    },
    "done": true
  },
  "regions_unexplored:recipes/ru_main/baobab_boat": {
    "criteria": {
      "in_water": "2024-10-31 03:05:44 +0000"
    },
    "done": true
  },
  "minecraft:recipes/combat/shield": {
    "criteria": {
      "has_iron_ingot": "2024-10-31 03:19:02 +0000"
    },
    "done": true
  },
  "regions_unexplored:recipes/ru_main/larch_boat": {
    "criteria": {
      "in_water": "2024-10-31 03:05:44 +0000"
    },
    "done": true
  },
  "minecraft:recipes/building_blocks/cobblestone_slab": {
    "criteria": {
      "has_cobblestone": "2024-10-31 03:06:59 +0000"
    },
    "done": true
  },
  "decorative_blocks:recipes/decorative_blocks.general/lattice": {
    "criteria": {
      "has_stick": "2024-10-31 03:06:33 +0000"
    },
    "done": true
  },
  "create:recipes/create.palettes/polished_cut_diorite_stairs_from_stone_types_diorite_stonecutting": {
    "criteria": {
      "has_stone_types_diorite": "2024-10-31 03:19:58 +0000"
    },
    "done": true
  },
  "farmersrespite:recipes/farmersrespite/brewing/dandelion_tea": {
    "criteria": {
      "has_any_ingredient": "2024-10-31 03:09:40 +0000"
    },
    "done": true
  },
  "design_decor:recipes/design_decor/diagonal_metal_support_from_ingots_iron_stonecutting": {
    "criteria": {
      "has_ingots_iron": "2024-10-31 03:19:02 +0000"
    },
    "done": true
  },
  "minecraft:recipes/redstone/hopper": {
    "criteria": {
      "has_iron_ingot": "2024-10-31 03:19:02 +0000"
    },
    "done": true
  },
  "minecraft:recipes/decorations/cobbled_deepslate_wall_from_cobbled_deepslate_stonecutting": {
    "criteria": {
      "has_cobbled_deepslate": "2024-10-31 03:24:57 +0000"
    },
    "done": true
  },
  "create:recipes/building_blocks/andesite_from_stone_types_andesite_stonecutting": {
    "criteria": {
      "has_stone_types_andesite": "2024-10-31 03:19:44 +0000"
    },
    "done": true
  },
  "regions_unexplored:recipes/ru_main/light_blue_painted_planks": {
    "criteria": {
      "has_planks": "2024-10-31 03:06:30 +0000"
    },
    "done": true
  },
  "farmersdelight:recipes/farmersdelight/cooking/beef_stew": {
    "criteria": {
      "has_any_ingredient": "2024-10-31 03:35:19 +0000"
    },
    "done": true
  },
  "extradelight:recipes/extradelight.items/offset_spatula_wood": {
    "criteria": {
      "Recipes": "2024-10-31 03:06:30 +0000"
    },
    "done": true
  },
  "regions_unexplored:pioneer": {
    "criteria": {
      "rocky_meadow": "2024-10-31 03:18:11 +0000",
      "magnolia_highlands": "2024-10-31 03:30:13 +0000"
    },
    "done": false
  },
  "minecraft:recipes/building_blocks/deepslate_tile_stairs_from_cobbled_deepslate_stonecutting": {
    "criteria": {
      "has_cobbled_deepslate": "2024-10-31 03:24:57 +0000"
    },
    "done": true
  },
  "design_decor:recipes/design_decor/diorite_castel_tile_stairs_from_stone_types_diorite_stonecutting": {
    "criteria": {
      "has_stone_types_diorite": "2024-10-31 03:19:58 +0000"
    },
    "done": true
  },
  "minecraft:recipes/misc/gold_ingot_from_smelting_raw_gold": {
    "criteria": {
      "has_raw_gold": "2024-10-31 03:23:59 +0000"
    },
    "done": true
  },
  "minecraft:recipes/combat/leather_leggings": {
    "criteria": {
      "has_leather": "2024-10-31 03:08:44 +0000"
    },
    "done": true
  },
  "idas:idas_root": {
    "criteria": {
      "always": "2024-10-31 03:03:20 +0000"
    },
    "done": true
  },
  "create:recipes/create.palettes/cut_diorite_from_stone_types_diorite_stonecutting": {
    "criteria": {
      "has_stone_types_diorite": "2024-10-31 03:19:58 +0000"
    },
    "done": true
  },
  "create:recipes/create.palettes/cut_andesite_bricks_from_stone_types_andesite_stonecutting": {
    "criteria": {
      "has_stone_types_andesite": "2024-10-31 03:19:44 +0000"
    },
    "done": true
  },
  "design_decor:recipes/design_decor/metal_plate_from_ingots_iron_stonecutting": {
    "criteria": {
      "has_ingots_iron": "2024-10-31 03:19:02 +0000"
    },
    "done": true
  },
  "extradelight:recipes/extradelight.items/oven": {
    "criteria": {
      "Recipes": "2024-10-31 03:13:17 +0000"
    },
    "done": true
  },
  "minecraft:recipes/decorations/iron_bars": {
    "criteria": {
      "has_iron_ingot": "2024-10-31 03:19:02 +0000"
    },
    "done": true
  },
  "minecraft:recipes/building_blocks/andesite_stairs_from_andesite_stonecutting": {
    "criteria": {
      "has_andesite": "2024-10-31 03:19:44 +0000"
    },
    "done": true
  },
  "takesapillage:root": {
    "criteria": {
      "always": "2024-10-31 03:03:20 +0000"
    },
    "done": true
  },
  "minecraft:story/obtain_armor": {
    "criteria": {
      "iron_chestplate": "2024-10-31 03:27:21 +0000"
    },
    "done": true
  },
  "createbigcannons:recipes/createbigcannons/pair_of_cannon_wheels": {
    "criteria": {
      "has_gunpowder": "2024-10-31 03:10:18 +0000"
    },
    "done": true
  },
  "create:recipes/create.palettes/cut_diorite_brick_wall_from_stone_types_diorite_stonecutting": {
    "criteria": {
      "has_stone_types_diorite": "2024-10-31 03:19:58 +0000"
    },
    "done": true
  },
  "extradelight:recipes/extradelight.items/mortar_diorite": {
    "criteria": {
      "Recipes": "2024-10-31 03:19:58 +0000"
    },
    "done": true
  },
  "regions_unexplored:recipes/ru_main/ash": {
    "criteria": {
      "has_gunpowder": "2024-10-31 03:10:18 +0000"
    },
    "done": true
  },
  "create:recipes/create.base/crafting/logistics/pulse_repeater": {
    "criteria": {
      "has_item": "2024-10-31 03:24:16 +0000"
    },
    "done": true
  },
  "minecraft:recipes/decorations/deepslate_brick_wall_from_cobbled_deepslate_stonecutting": {
    "criteria": {
      "has_cobbled_deepslate": "2024-10-31 03:24:57 +0000"
    },
    "done": true
  },
  "extradelight:recipes/extradelight.items/omelette_mix_veg_cheese": {
    "criteria": {
      "Recipes": "2024-10-31 03:35:19 +0000"
    },
    "done": true
  },
  "minecraft:adventure/sleep_in_bed": {
    "criteria": {
      "slept_in_bed": "2024-10-31 03:12:25 +0000"
    },
    "done": true
  },
  "createbigcannons:recipes/createbigcannons/bag_of_grapeshot": {
    "criteria": {
      "has_iron_ingot": "2024-10-31 03:19:02 +0000"
    },
    "done": true
  },
  "minecraft:recipes/building_blocks/cobblestone_slab_from_cobblestone_stonecutting": {
    "criteria": {
      "has_cobblestone": "2024-10-31 03:06:59 +0000"
    },
    "done": true
  },
  "design_decor:recipes/design_decor/andesite_castel_brick_slab_from_stone_types_andesite_stonecutting": {
    "criteria": {
      "has_stone_types_andesite": "2024-10-31 03:19:44 +0000"
    },
    "done": true
  },
  "decorative_blocks:recipes/decorative_blocks.general/oak_support": {
    "criteria": {
      "has_plank": "2024-10-31 03:06:30 +0000"
    },
    "done": true
  },
  "shieldexp:recipes/iron_shield": {
    "criteria": {
      "has_iron_ingot": "2024-10-31 03:19:02 +0000"
    },
    "done": true
  },
  "create:recipes/create.palettes/small_diorite_brick_wall_from_stone_types_diorite_stonecutting": {
    "criteria": {
      "has_stone_types_diorite": "2024-10-31 03:19:58 +0000"
    },
    "done": true
  },
  "regions_unexplored:recipes/ru_main/black_painted_planks": {
    "criteria": {
      "has_planks": "2024-10-31 03:06:30 +0000"
    },
    "done": true
  },
  "minecraft:recipes/building_blocks/oak_stairs": {
    "criteria": {
      "has_planks": "2024-10-31 03:06:30 +0000"
    },
    "done": true
  },
  "minecraft:recipes/building_blocks/polished_andesite_slab_from_andesite_stonecutting": {
    "criteria": {
      "has_andesite": "2024-10-31 03:19:44 +0000"
    },
    "done": true
  },
  "create:recipes/create.palettes/polished_cut_andesite_from_stone_types_andesite_stonecutting": {
    "criteria": {
      "has_stone_types_andesite": "2024-10-31 03:19:44 +0000"
    },
    "done": true
  },
  "minecraft:recipes/misc/copper_ingot_from_blasting_raw_copper": {
    "criteria": {
      "has_raw_copper": "2024-10-31 03:08:00 +0000"
    },
    "done": true
  },
  "minecraft:recipes/transportation/acacia_boat": {
    "criteria": {
      "in_water": "2024-10-31 03:05:43 +0000"
    },
    "done": true
  },
  "extradelight:recipes/extradelight.aesthetic/warped_step_stool": {
    "criteria": {
      "warped_step_stool": "2024-10-31 03:06:33 +0000"
    },
    "done": true
  },
  "minecraft:recipes/redstone/iron_trapdoor": {
    "criteria": {
      "has_iron_ingot": "2024-10-31 03:19:02 +0000"
    },
    "done": true
  },
  "createbigcannons:recipes/createbigcannons/solid_shot": {
    "criteria": {
      "has_iron_ingot": "2024-10-31 03:19:02 +0000"
    },
    "done": true
  },
  "design_decor:recipes/design_decor/andesite_castel_tile_slab_from_stone_types_andesite_stonecutting": {
    "criteria": {
      "has_stone_types_andesite": "2024-10-31 03:19:44 +0000"
    },
    "done": true
  },
  "farmersdelight:recipes/farmersdelight/cutting_board": {
    "criteria": {
      "has_stick": "2024-10-31 03:06:33 +0000"
    },
    "done": true
  },
  "minecraft:adventure/root": {
    "criteria": {
      "killed_something": "2024-10-31 03:08:35 +0000"
    },
    "done": true
  },
  "extradelight:recipes/misc/mortar/blue_dye": {
    "criteria": {
      "Recipes": "2024-10-31 03:21:13 +0000"
    },
    "done": true
  },
  "design_decor:recipes/design_decor/diorite_castel_tiles_from_stone_types_diorite_stonecutting": {
    "criteria": {
      "has_stone_types_diorite": "2024-10-31 03:19:58 +0000"
    },
    "done": true
  },
  "shieldexp:recipes/wooden_shield": {
    "criteria": {
      "has_stick": "2024-10-31 03:06:33 +0000"
    },
    "done": true
  },
  "minecraft:recipes/building_blocks/white_wool_from_string": {
    "criteria": {
      "has_string": "2024-10-31 03:15:18 +0000"
    },
    "done": true
  },
  "create:recipes/create.palettes/small_andesite_brick_stairs_from_stone_types_andesite_stonecutting": {
    "criteria": {
      "has_stone_types_andesite": "2024-10-31 03:19:44 +0000"
    },
    "done": true
  },
  "minecraft:adventure/kill_all_mobs": {
    "criteria": {
      "minecraft:skeleton": "2024-10-31 03:10:26 +0000",
      "minecraft:spider": "2024-10-31 03:09:25 +0000",
      "minecraft:creeper": "2024-10-31 03:10:17 +0000",
      "minecraft:slime": "2024-10-31 03:34:49 +0000",
      "minecraft:zombie": "2024-10-31 03:10:34 +0000"
    },
    "done": false
  },
  "minecraft:recipes/building_blocks/polished_deepslate_from_cobbled_deepslate_stonecutting": {
    "criteria": {
      "has_cobbled_deepslate": "2024-10-31 03:24:57 +0000"
    },
    "done": true
  },
  "farmersdelight:recipes/farmersdelight/cooking_pot": {
    "criteria": {
      "has_iron_ingot": "2024-10-31 03:19:02 +0000"
    },
    "done": true
  },
  "minecraft:recipes/redstone/redstone_block": {
    "criteria": {
      "has_redstone": "2024-10-31 03:24:16 +0000"
    },
    "done": true
  },
  "sophisticatedstorage:recipes/sophisticatedstorage/oak_chest": {
    "criteria": {
      "has_oak_plank": "2024-10-31 03:06:30 +0000"
    },
    "done": true
  },
  "minecraft:recipes/misc/light_gray_dye_from_azure_bluet": {
    "criteria": {
      "has_azure_bluet": "2024-10-31 03:09:40 +0000"
    },
    "done": true
  },
  "minecraft:recipes/misc/iron_nugget_from_smelting": {
    "criteria": {
      "has_iron_pickaxe": "2024-10-31 03:19:07 +0000"
    },
    "done": true
  },
  "minecraft:recipes/building_blocks/polished_deepslate_slab_from_cobbled_deepslate_stonecutting": {
    "criteria": {
      "has_cobbled_deepslate": "2024-10-31 03:24:57 +0000"
    },
    "done": true
  },
  "regions_unexplored:recipes/ru_main/cypress_boat": {
    "criteria": {
      "in_water": "2024-10-31 03:05:44 +0000"
    },
    "done": true
  },
  "regions_unexplored:recipes/ru_main/light_gray_painted_planks": {
    "criteria": {
      "has_planks": "2024-10-31 03:06:30 +0000"
    },
    "done": true
  },
  "minecraft:recipes/decorations/chain": {
    "criteria": {
      "has_iron_ingot": "2024-10-31 03:19:02 +0000"
    },
    "done": true
  },
  "create:recipes/create.palettes/small_diorite_brick_stairs_from_stone_types_diorite_stonecutting": {
    "criteria": {
      "has_stone_types_diorite": "2024-10-31 03:19:58 +0000"
    },
    "done": true
  },
  "create_dd:recipes/create_dd.base/crafting/bury_blend": {
    "criteria": {
      "has_lapis_lazuli": "2024-10-31 03:21:13 +0000"
    },
    "done": true
  },
  "regions_unexplored:recipes/ru_main/mauve_boat": {
    "criteria": {
      "in_water": "2024-10-31 03:05:43 +0000"
    },
    "done": true
  },
  "design_decor:recipes/design_decor/diorite_castel_brick_wall_from_stone_types_diorite_stonecutting": {
    "criteria": {
      "has_stone_types_diorite": "2024-10-31 03:19:58 +0000"
    },
    "done": true
  },
  "create:recipes/create.palettes/cut_andesite_brick_wall_from_stone_types_andesite_stonecutting": {
    "criteria": {
      "has_stone_types_andesite": "2024-10-31 03:19:44 +0000"
    },
    "done": true
  },
  "minecraft:recipes/misc/blue_dye": {
    "criteria": {
      "has_lapis_lazuli": "2024-10-31 03:21:13 +0000"
    },
    "done": true
  },
  "regions_unexplored:recipes/ru_main/pink_painted_planks": {
    "criteria": {
      "has_planks": "2024-10-31 03:06:30 +0000"
    },
    "done": true
  },
  "minecraft:recipes/decorations/oak_fence": {
    "criteria": {
      "has_planks": "2024-10-31 03:06:30 +0000"
    },
    "done": true
  },
  "design_decor:recipes/design_decor/metal_sheet_wall_from_ingots_iron_stonecutting": {
    "criteria": {
      "has_ingots_iron": "2024-10-31 03:19:02 +0000"
    },
    "done": true
  },
  "minecraft:recipes/food/cooked_porkchop": {
    "criteria": {
      "has_porkchop": "2024-10-31 03:09:30 +0000"
    },
    "done": true
  },
  "createbigcannons:recipes/createbigcannons/empty_powder_charge": {
    "criteria": {
      "has_gunpowder": "2024-10-31 03:10:18 +0000"
    },
    "done": true
  },
  "minecraft:recipes/food/baked_potato_from_campfire_cooking": {
    "criteria": {
      "has_potato": "2024-10-31 03:35:19 +0000"
    },
    "done": true
  },
  "minecraft:recipes/building_blocks/oak_slab": {
    "criteria": {
      "has_planks": "2024-10-31 03:06:30 +0000"
    },
    "done": true
  },
  "createbigcannons:recipes/createbigcannons/mortar_stone": {
    "criteria": {
      "has_stone": "2024-10-31 03:19:44 +0000"
    },
    "done": true
  },
  "design_decor:recipes/design_decor/diorite_castel_tile_slab_from_stone_types_diorite_stonecutting": {
    "criteria": {
      "has_stone_types_diorite": "2024-10-31 03:19:58 +0000"
    },
    "done": true
  },
  "farmersdelight:recipes/farmersdelight/cooking/stuffed_pumpkin_block": {
    "criteria": {
      "has_pumpkin": "2024-10-31 03:09:29 +0000"
    },
    "done": true
  },
  "decoration_delight:the_search_begins_advancement": {
    "criteria": {
      "the_search_begins_advancement": "2024-10-31 03:03:20 +0000"
    },
    "done": true
  },
  "create:recipes/create.palettes/cut_diorite_slab_from_stone_types_diorite_stonecutting": {
    "criteria": {
      "has_stone_types_diorite": "2024-10-31 03:19:58 +0000"
    },
    "done": true
  },
  "minecraft:recipes/building_blocks/raw_copper_block": {
    "criteria": {
      "has_raw_copper": "2024-10-31 03:08:00 +0000"
    },
    "done": true
  },
  "minecraft:recipes/food/cooked_porkchop_from_campfire_cooking": {
    "criteria": {
      "has_porkchop": "2024-10-31 03:09:30 +0000"
    },
    "done": true
  },
  "regions_unexplored:recipes/ru_main/white_painted_planks": {
    "criteria": {
      "has_planks": "2024-10-31 03:06:30 +0000"
    },
    "done": true
  },
  "design_decor:recipes/design_decor/andesite_castel_bricks_from_stone_types_andesite_stonecutting": {
    "criteria": {
      "has_stone_types_andesite": "2024-10-31 03:19:44 +0000"
    },
    "done": true
  },
  "minecraft:recipes/decorations/deepslate_tile_wall_from_cobbled_deepslate_stonecutting": {
    "criteria": {
      "has_cobbled_deepslate": "2024-10-31 03:24:57 +0000"
    },
    "done": true
  },
  "minecraft:recipes/misc/iron_ingot_from_blasting_raw_iron": {
    "criteria": {
      "has_raw_iron": "2024-10-31 03:16:01 +0000"
    },
    "done": true
  },
  "sophisticatedbackpacks:recipes/sophisticatedbackpacks/iron_backpack": {
    "criteria": {
      "has_backpack": "2024-10-31 03:32:58 +0000"
    },
    "done": true
  },
  "extradelight:recipes/extradelight.aesthetic/oak_step_stool": {
    "criteria": {
      "oak_step_stool": "2024-10-31 03:06:33 +0000"
    },
    "done": true
  },
  "minecraft:recipes/building_blocks/diorite_stairs_from_diorite_stonecutting": {
    "criteria": {
      "has_diorite": "2024-10-31 03:19:58 +0000"
    },
    "done": true
  },
  "minecraft:recipes/redstone/slime_block": {
    "criteria": {
      "has_slime_ball": "2024-10-31 03:34:52 +0000"
    },
    "done": true
  },
  "create:recipes/create.palettes/small_diorite_brick_slab_from_stone_types_diorite_stonecutting": {
    "criteria": {
      "has_stone_types_diorite": "2024-10-31 03:19:58 +0000"
    },
    "done": true
  },
  "crabbersdelight:recipes/crabbersdelight/crab_trap": {
    "criteria": {
      "has_stick": "2024-10-31 03:06:33 +0000"
    },
    "done": true
  },
  "regions_unexplored:recipes/ru_main/maple_boat": {
    "criteria": {
      "in_water": "2024-10-31 03:05:44 +0000"
    },
    "done": true
  },
  "createbigcannons:recipes/createbigcannons/smoke_shell": {
    "criteria": {
      "has_hay_block": "2024-10-31 03:12:04 +0000"
    },
    "done": true
  },
  "toms_storage:unlock_netherite": {
    "criteria": {
      "inv_changed-netherite": "2024-10-31 03:03:20 +0000"
    },
    "done": true
  },
  "farmersdelight:recipes/farmersdelight/cooking/baked_cod_stew": {
    "criteria": {
      "has_any_ingredient": "2024-10-31 03:35:19 +0000"
    },
    "done": true
  },
  "decorative_blocks:recipes/decorative_blocks.general/rocky_dirt": {
    "criteria": {
      "has_dirt": "2024-10-31 03:05:10 +0000"
    },
    "done": true
  },
  "minecraft:recipes/building_blocks/iron_block": {
    "criteria": {
      "has_iron_ingot": "2024-10-31 03:19:02 +0000"
    },
    "done": true
  },
  "sophisticatedbackpacks:recipes/sophisticatedbackpacks/copper_backpack": {
    "criteria": {
      "has_backpack": "2024-10-31 03:32:58 +0000"
    },
    "done": true
  },
  "design_decor:recipes/design_decor/metal_sheet_from_ingots_iron_stonecutting": {
    "criteria": {
      "has_ingots_iron": "2024-10-31 03:19:02 +0000"
    },
    "done": true
  },
  "createbigcannons:recipes/createbigcannons/wrought_iron_cannon_end": {
    "criteria": {
      "has_gunpowder": "2024-10-31 03:10:18 +0000"
    },
    "done": true
  },
  "minecraft:recipes/misc/yellow_dye_from_dandelion": {
    "criteria": {
      "has_dandelion": "2024-10-31 03:09:40 +0000"
    },
    "done": true
  },
  "create:recipes/create.base/crafting/materials/andesite_alloy": {
    "criteria": {
      "has_item": "2024-10-31 03:19:02 +0000"
    },
    "done": true
  },
  "minecraft:recipes/combat/wooden_sword": {
    "criteria": {
      "has_stick": "2024-10-31 03:06:33 +0000"
    },
    "done": true
  },
  "minecraft:recipes/building_blocks/oak_planks": {
    "criteria": {
      "has_logs": "2024-10-31 03:06:10 +0000"
    },
    "done": true
  },
  "goodending:recipes/cypress_boat": {
    "criteria": {
      "in_water": "2024-10-31 03:05:44 +0000"
    },
    "done": true
  },
  "design_decor:recipes/design_decor/metal_plate_stairs_from_ingots_iron_stonecutting": {
    "criteria": {
      "has_ingots_iron": "2024-10-31 03:19:02 +0000"
    },
    "done": true
  },
  "regions_unexplored:recipes/ru_main/red_painted_planks": {
    "criteria": {
      "has_planks": "2024-10-31 03:06:30 +0000"
    },
    "done": true
  },
  "extradelight:recipes/extradelight.items/drying_rack": {
    "criteria": {
      "has_string": "2024-10-31 03:15:18 +0000"
    },
    "done": true
  },
  "minecraft:recipes/tools/iron_axe": {
    "criteria": {
      "has_iron_ingot": "2024-10-31 03:19:02 +0000"
    },
    "done": true
  },
  "create:recipes/create.palettes/cut_andesite_stairs_from_stone_types_andesite_stonecutting": {
    "criteria": {
      "has_stone_types_andesite": "2024-10-31 03:19:44 +0000"
    },
    "done": true
  },
  "minecraft:recipes/redstone/tripwire_hook": {
    "criteria": {
      "has_string": "2024-10-31 03:15:18 +0000"
    },
    "done": true
  },
  "extradelight:recipes/extradelight.aesthetic/acacia_step_stool": {
    "criteria": {
      "acacia_step_stool": "2024-10-31 03:06:33 +0000"
    },
    "done": true
  },
  "minecraft:recipes/building_blocks/raw_gold_block": {
    "criteria": {
      "has_raw_gold": "2024-10-31 03:23:59 +0000"
    },
    "done": true
  },
  "minecraft:recipes/combat/iron_boots": {
    "criteria": {
      "has_iron_ingot": "2024-10-31 03:19:02 +0000"
    },
    "done": true
  },
  "minecraft:recipes/misc/bone_meal": {
    "criteria": {
      "has_bone": "2024-10-31 03:10:26 +0000"
    },
    "done": true
  },
  "minecraft:story/iron_tools": {
    "criteria": {
      "iron_pickaxe": "2024-10-31 03:19:07 +0000"
    },
    "done": true
  },
  "farmersdelight:recipes/farmersdelight/iron_knife": {
    "criteria": {
      "has_iron_ingot": "2024-10-31 03:19:02 +0000"
    },
    "done": true
  },
  "sophisticatedbackpacks:recipes/sophisticatedbackpacks/upgrade_base": {
    "criteria": {
      "has_leather": "2024-10-31 03:08:44 +0000"
    },
    "done": true
  },
  "minecraft:recipes/combat/iron_chestplate": {
    "criteria": {
      "has_iron_ingot": "2024-10-31 03:19:02 +0000"
    },
    "done": true
  },
  "minecraft:recipes/combat/crossbow": {
    "criteria": {
      "has_stick": "2024-10-31 03:06:33 +0000"
    },
    "done": true
  },
  "minecraft:recipes/decorations/cobbled_deepslate_wall": {
    "criteria": {
      "has_cobbled_deepslate": "2024-10-31 03:24:57 +0000"
    },
    "done": true
  },
  "create:recipes/create.palettes/polished_cut_andesite_stairs_from_stone_types_andesite_stonecutting": {
    "criteria": {
      "has_stone_types_andesite": "2024-10-31 03:19:44 +0000"
    },
    "done": true
  },
  "minecraft:recipes/food/cooked_porkchop_from_smoking": {
    "criteria": {
      "has_porkchop": "2024-10-31 03:09:30 +0000"
    },
    "done": true
  },
  "minecraft:recipes/decorations/oak_sign": {
    "criteria": {
      "has_planks": "2024-10-31 03:06:30 +0000"
    },
    "done": true
  },
  "minecraft:recipes/redstone/oak_trapdoor": {
    "criteria": {
      "has_planks": "2024-10-31 03:06:30 +0000"
    },
    "done": true
  },
  "minecraft:recipes/building_blocks/polished_diorite_from_diorite_stonecutting": {
    "criteria": {
      "has_diorite": "2024-10-31 03:19:58 +0000"
    },
    "done": true
  },
  "extradelight:recipes/extradelight.items/offset_spatula_iron": {
    "criteria": {
      "Recipes": "2024-10-31 03:19:02 +0000"
    },
    "done": true
  },
  "create:recipes/create.base/crafting/kinetics/empty_blaze_burner": {
    "criteria": {
      "has_item": "2024-10-31 03:19:02 +0000"
    },
    "done": true
  },
  "regions_unexplored:recipes/ru_main/dead_boat": {
    "criteria": {
      "in_water": "2024-10-31 03:05:44 +0000"
    },
    "done": true
  },
  "minecraft:recipes/misc/iron_nugget_from_blasting": {
    "criteria": {
      "has_iron_pickaxe": "2024-10-31 03:19:07 +0000"
    },
    "done": true
  },
  "betterdungeons:root": {
    "criteria": {
      "always": "2024-10-31 03:03:20 +0000"
    },
    "done": true
  },
  "minecraft:recipes/decorations/polished_deepslate_wall_from_cobbled_deepslate_stonecutting": {
    "criteria": {
      "has_cobbled_deepslate": "2024-10-31 03:24:57 +0000"
    },
    "done": true
  },
  "sophisticatedbackpacks:recipes/sophisticatedbackpacks/backpack": {
    "criteria": {
      "has_leather": "2024-10-31 03:08:44 +0000"
    },
    "done": true
  },
  "minecraft:adventure/kill_a_mob": {
    "criteria": {
      "minecraft:spider": "2024-10-31 03:09:25 +0000"
    },
    "done": true
  },
  "create:recipes/create.palettes/small_andesite_bricks_from_stone_types_andesite_stonecutting": {
    "criteria": {
      "has_stone_types_andesite": "2024-10-31 03:19:44 +0000"
    },
    "done": true
  },
  "minecraft:recipes/decorations/diorite_wall": {
    "criteria": {
      "has_diorite": "2024-10-31 03:19:58 +0000"
    },
    "done": true
  },
  "minecraft:recipes/redstone/sticky_piston": {
    "criteria": {
      "has_slime_ball": "2024-10-31 03:34:52 +0000"
    },
    "done": true
  },
  "toms_storage:unlock_glowstone": {
    "criteria": {
      "inv_changed-glowstone": "2024-10-31 03:03:20 +0000"
    },
    "done": true
  },
  "minecraft:recipes/building_blocks/stone": {
    "criteria": {
      "has_cobblestone": "2024-10-31 03:06:59 +0000"
    },
    "done": true
  },
  "minecraft:recipes/building_blocks/deepslate_bricks_from_cobbled_deepslate_stonecutting": {
    "criteria": {
      "has_cobbled_deepslate": "2024-10-31 03:24:57 +0000"
    },
    "done": true
  },
  "minecraft:recipes/building_blocks/deepslate_brick_stairs_from_cobbled_deepslate_stonecutting": {
    "criteria": {
      "has_cobbled_deepslate": "2024-10-31 03:24:57 +0000"
    },
    "done": true
  },
  "minecraft:adventure/adventuring_time": {
    "criteria": {
      "minecraft:sunflower_plains": "2024-10-31 03:05:51 +0000",
      "minecraft:river": "2024-10-31 03:05:44 +0000",
      "minecraft:stony_shore": "2024-10-31 03:13:05 +0000",
      "minecraft:plains": "2024-10-31 03:03:21 +0000"
    },
    "done": false
  },
  "extradelight:food": {
    "criteria": {
      "food": "2024-10-31 03:14:01 +0000"
    },
    "done": true
  },
  "vintageimprovements:root": {
    "criteria": {
      "0": "2024-10-31 03:03:20 +0000"
    },
    "done": true
  },
  "create:recipes/create.palettes/small_andesite_brick_slab_from_stone_types_andesite_stonecutting": {
    "criteria": {
      "has_stone_types_andesite": "2024-10-31 03:19:44 +0000"
    },
    "done": true
  },
  "design_decor:recipes/design_decor/wood_support_from_planks_stonecutting": {
    "criteria": {
      "has_planks": "2024-10-31 03:06:30 +0000"
    },
    "done": true
  },
  "minecraft:recipes/combat/stone_sword": {
    "criteria": {
      "has_cobblestone": "2024-10-31 03:06:59 +0000"
    },
    "done": true
  },
  "handcrafted:recipes/misc/diorite_corner_trim": {
    "criteria": {
      "has_corner_trim": "2024-10-31 03:19:58 +0000"
    },
    "done": true
  },
  "minecraft:recipes/decorations/cobblestone_wall": {
    "criteria": {
      "has_cobblestone": "2024-10-31 03:06:59 +0000"
    },
    "done": true
  },
  "minecraft:recipes/decorations/barrel": {
    "criteria": {
      "has_planks": "2024-10-31 03:06:30 +0000"
    },
    "done": true
  },
  "minecraft:recipes/brewing/fermented_spider_eye": {
    "criteria": {
      "has_spider_eye": "2024-10-31 03:09:26 +0000"
    },
    "done": true
  },
  "minecraft:recipes/misc/iron_ingot_from_smelting_raw_iron": {
    "criteria": {
      "has_raw_iron": "2024-10-31 03:16:01 +0000"
    },
    "done": true
  },
  "minecraft:recipes/tools/stone_pickaxe": {
    "criteria": {
      "has_cobblestone": "2024-10-31 03:06:59 +0000"
    },
    "done": true
  },
  "minecraft:recipes/decorations/smithing_table": {
    "criteria": {
      "has_iron_ingot": "2024-10-31 03:19:02 +0000"
    },
    "done": true
  },
  "minecraft:recipes/building_blocks/deepslate_brick_slab_from_cobbled_deepslate_stonecutting": {
    "criteria": {
      "has_cobbled_deepslate": "2024-10-31 03:24:57 +0000"
    },
    "done": true
  },
  "minecraft:recipes/combat/leather_boots": {
    "criteria": {
      "has_leather": "2024-10-31 03:08:44 +0000"
    },
    "done": true
  },
  "create:recipes/create.palettes/cut_andesite_wall_from_stone_types_andesite_stonecutting": {
    "criteria": {
      "has_stone_types_andesite": "2024-10-31 03:19:44 +0000"
    },
    "done": true
  },
  "create:recipes/create.palettes/polished_cut_andesite_slab_from_stone_types_andesite_stonecutting": {
    "criteria": {
      "has_stone_types_andesite": "2024-10-31 03:19:44 +0000"
    },
    "done": true
  },
  "minecraft:recipes/decorations/cobblestone_wall_from_cobblestone_stonecutting": {
    "criteria": {
      "has_cobblestone": "2024-10-31 03:06:59 +0000"
    },
    "done": true
  },
  "regions_unexplored:recipes/ru_main/raw_redstone_block": {
    "criteria": {
      "has_redstone": "2024-10-31 03:24:16 +0000"
    },
    "done": true
  },
  "extradelight:recipes/extradelight.aesthetic/dark_oak_step_stool": {
    "criteria": {
      "dark_oak_step_stool": "2024-10-31 03:06:33 +0000"
    },
    "done": true
  },
  "regions_unexplored:recipes/ru_main/yellow_painted_planks": {
    "criteria": {
      "has_planks": "2024-10-31 03:06:30 +0000"
    },
    "done": true
  },
  "extradelight:recipes/food/cake": {
    "criteria": {
      "has_any_ingredient": "2024-10-31 03:36:08 +0000"
    },
    "done": true
  },
  "extradelight:recipes/extradelight.aesthetic/cinnamon_step_stool": {
    "criteria": {
      "cinnamon_step_stool": "2024-10-31 03:06:33 +0000"
    },
    "done": true
  },
  "farmersdelight:recipes/farmersdelight/cooking/pumpkin_soup": {
    "criteria": {
      "has_any_ingredient": "2024-10-31 03:09:29 +0000"
    },
    "done": true
  },
  "minecraft:recipes/building_blocks/lapis_block": {
    "criteria": {
      "has_lapis_lazuli": "2024-10-31 03:21:13 +0000"
    },
    "done": true
  },
  "regions_unexplored:recipes/ru_main/lime_painted_planks": {
    "criteria": {
      "has_planks": "2024-10-31 03:06:30 +0000"
    },
    "done": true
  },
  "extradelight:recipes/extradelight.items/haggis_block_item": {
    "criteria": {
      "has_any_ingredient": "2024-10-31 03:36:08 +0000"
    },
    "done": true
  },
  "minecraft:recipes/decorations/lantern": {
    "criteria": {
      "has_iron_ingot": "2024-10-31 03:19:02 +0000"
    },
    "done": true
  },
  "decorative_blocks:recipes/decorative_blocks.general/bar_panel": {
    "criteria": {
      "has_ingot": "2024-10-31 03:19:02 +0000"
    },
    "done": true
  },
  "handcrafted:recipes/misc/frozen_bench": {
    "criteria": {
      "has_iron_ingot": "2024-10-31 03:19:02 +0000"
    },
    "done": true
  },
  "design_decor:recipes/design_decor/metal_sheet_slab_from_ingots_iron_stonecutting": {
    "criteria": {
      "has_ingots_iron": "2024-10-31 03:19:02 +0000"
    },
    "done": true
  },
  "minecraft:recipes/building_blocks/polished_diorite": {
    "criteria": {
      "has_diorite": "2024-10-31 03:19:58 +0000"
    },
    "done": true
  },
  "minecraft:recipes/building_blocks/cobbled_deepslate_slab_from_cobbled_deepslate_stonecutting": {
    "criteria": {
      "has_cobbled_deepslate": "2024-10-31 03:24:57 +0000"
    },
    "done": true
  },
  "minecraft:recipes/decorations/andesite_wall": {
    "criteria": {
      "has_andesite": "2024-10-31 03:19:44 +0000"
    },
    "done": true
  },
  "nethersdelight:recipes/nethersdelight/iron_machete": {
    "criteria": {
      "has_iron_ingot": "2024-10-31 03:19:02 +0000"
    },
    "done": true
  },
  "minecraft:recipes/building_blocks/andesite_slab": {
    "criteria": {
      "has_andesite": "2024-10-31 03:19:44 +0000"
    },
    "done": true
  },
  "createbigcannons:recipes/createbigcannons/cannon_carriage": {
    "criteria": {
      "has_gunpowder": "2024-10-31 03:10:18 +0000"
    },
    "done": true
  },
  "minecraft:recipes/tools/stone_axe": {
    "criteria": {
      "has_cobblestone": "2024-10-31 03:06:59 +0000"
    },
    "done": true
  },
  "minecraft:recipes/building_blocks/raw_iron_block": {
    "criteria": {
      "has_raw_iron": "2024-10-31 03:16:01 +0000"
    },
    "done": true
  },
  "regions_unexplored:recipes/ru_main/gray_painted_planks": {
    "criteria": {
      "has_planks": "2024-10-31 03:06:30 +0000"
    },
    "done": true
  },
  "create:recipes/create.palettes/cut_andesite_brick_stairs_from_stone_types_andesite_stonecutting": {
    "criteria": {
      "has_stone_types_andesite": "2024-10-31 03:19:44 +0000"
    },
    "done": true
  },
  "handcrafted:recipes/misc/andesite_pillar_trim": {
    "criteria": {
      "has_pillar_trim": "2024-10-31 03:19:44 +0000"
    },
    "done": true
  },
  "farmersdelight:recipes/farmersdelight/wheat_dough_from_eggs": {
    "criteria": {
      "has_wheat": "2024-10-31 03:36:08 +0000"
    },
    "done": true
  },
  "crabbersdelight:main/root": {
    "criteria": {
      "seeds": "2024-10-31 03:03:20 +0000"
    },
    "done": true
  },
  "minecraft:recipes/building_blocks/cobblestone_stairs_from_cobblestone_stonecutting": {
    "criteria": {
      "has_cobblestone": "2024-10-31 03:06:59 +0000"
    },
    "done": true
  },
  "minecraft:recipes/misc/wheat": {
    "criteria": {
      "has_hay_block": "2024-10-31 03:12:04 +0000"
    },
    "done": true
  },
  "minecraft:recipes/building_blocks/polished_andesite_stairs_from_andesite_stonecutting": {
    "criteria": {
      "has_andesite": "2024-10-31 03:19:44 +0000"
    },
    "done": true
  },
  "design_decor:recipes/design_decor/andesite_castel_tile_wall_from_stone_types_andesite_stonecutting": {
    "criteria": {
      "has_stone_types_andesite": "2024-10-31 03:19:44 +0000"
    },
    "done": true
  },
  "minecraft:recipes/decorations/candle": {
    "criteria": {
      "has_string": "2024-10-31 03:15:18 +0000"
    },
    "done": true
  },
  "minecraft:recipes/decorations/campfire": {
    "criteria": {
      "has_stick": "2024-10-31 03:06:33 +0000"
    },
    "done": true
  },
  "minecraft:recipes/food/bread": {
    "criteria": {
      "has_wheat": "2024-10-31 03:36:08 +0000"
    },
    "done": true
  },
  "minecraft:recipes/building_blocks/diorite_slab_from_diorite_stonecutting": {
    "criteria": {
      "has_diorite": "2024-10-31 03:19:58 +0000"
    },
    "done": true
  },
  "design_decor:recipes/design_decor/diorite_castel_bricks_from_stone_types_diorite_stonecutting": {
    "criteria": {
      "has_stone_types_diorite": "2024-10-31 03:19:58 +0000"
    },
    "done": true
  },
  "minecraft:recipes/misc/iron_nugget": {
    "criteria": {
      "has_iron_ingot": "2024-10-31 03:19:02 +0000"
    },
    "done": true
  },
  "createbigcannons:recipes/createbigcannons/shot_balls": {
    "criteria": {
      "has_iron_ingot": "2024-10-31 03:19:02 +0000"
    },
    "done": true
  },
  "minecraft:recipes/building_blocks/deepslate_tile_slab_from_cobbled_deepslate_stonecutting": {
    "criteria": {
      "has_cobbled_deepslate": "2024-10-31 03:24:57 +0000"
    },
    "done": true
  },
  "create:recipes/create.palettes/cut_diorite_stairs_from_stone_types_diorite_stonecutting": {
    "criteria": {
      "has_stone_types_diorite": "2024-10-31 03:19:58 +0000"
    },
    "done": true
  },
  "crabbersdelight:recipes/decorations/crab_trap": {
    "criteria": {
      "has_stick": "2024-10-31 03:06:33 +0000",
      "has_the_recipe": "2024-10-31 03:06:33 +0000"
    },
    "done": true
  },
  "regions_unexplored:recipes/ru_main/willow_boat": {
    "criteria": {
      "in_water": "2024-10-31 03:05:44 +0000"
    },
    "done": true
  },
  "minecraft:recipes/createbigcannons/wrought_iron_drop_mortar_end_mirrored": {
    "criteria": {
      "has_gunpowder": "2024-10-31 03:10:18 +0000"
    },
    "done": true
  },
  "minecraft:recipes/transportation/spruce_boat": {
    "criteria": {
      "in_water": "2024-10-31 03:05:44 +0000"
    },
    "done": true
  },
  "regions_unexplored:recipes/ru_main/kapok_boat": {
    "criteria": {
      "in_water": "2024-10-31 03:05:44 +0000"
    },
    "done": true
  },
  "create:recipes/create.palettes/oak_window": {
    "criteria": {
      "has_ingredient": "2024-10-31 03:06:30 +0000"
    },
    "done": true
  },
  "minecraft:recipes/misc/firework_rocket_simple": {
    "criteria": {
      "has_gunpowder": "2024-10-31 03:10:18 +0000"
    },
    "done": true
  },
  "extradelight:recipes/extradelight.items/coffe_cake_feast": {
    "criteria": {
      "has_any_ingredient": "2024-10-31 03:36:08 +0000"
    },
    "done": true
  },
  "minecraft:recipes/misc/sugar_from_sugar_cane": {
    "criteria": {
      "has_sugar_cane": "2024-10-31 03:05:27 +0000"
    },
    "done": true
  },
  "minecraft:husbandry/balanced_diet": {
    "criteria": {
      "cooked_porkchop": "2024-10-31 03:14:01 +0000",
      "bread": "2024-10-31 03:36:17 +0000"
    },
    "done": false
  },
  "regions_unexplored:recipes/ru_main/purple_painted_planks": {
    "criteria": {
      "has_planks": "2024-10-31 03:06:30 +0000"
    },
    "done": true
  },
  "minecraft:recipes/tools/wooden_hoe": {
    "criteria": {
      "has_stick": "2024-10-31 03:06:33 +0000"
    },
    "done": true
  },
  "regions_unexplored:recipes/ru_main/magnolia_boat": {
    "criteria": {
      "in_water": "2024-10-31 03:05:43 +0000"
    },
    "done": true
  },
  "regions_unexplored:regions_explored": {
    "criteria": {
      "rocky_meadow": "2024-10-31 03:18:11 +0000",
      "magnolia_highlands": "2024-10-31 03:30:13 +0000"
    },
    "done": false
  },
  "design_decor:recipes/design_decor/metal_plate_wall_from_ingots_iron_stonecutting": {
    "criteria": {
      "has_ingots_iron": "2024-10-31 03:19:02 +0000"
    },
    "done": true
  },
  "minecraft:recipes/misc/bucket": {
    "criteria": {
      "has_iron_ingot": "2024-10-31 03:19:02 +0000"
    },
    "done": true
  },
  "create_dd:recipes/misc/crafting/lapis_lazuli_from_lapis_lazuli_shard": {
    "criteria": {
      "has_lapis_lazuli": "2024-10-31 03:21:13 +0000"
    },
    "done": true
  },
  "design_decor:recipes/design_decor/metal_sheet_stairs_from_ingots_iron_stonecutting": {
    "criteria": {
      "has_ingots_iron": "2024-10-31 03:19:02 +0000"
    },
    "done": true
  },
  "regions_unexplored:recipes/ru_main/palm_boat": {
    "criteria": {
      "in_water": "2024-10-31 03:05:44 +0000"
    },
    "done": true
  },
  "minecraft:recipes/building_blocks/cobblestone_stairs": {
    "criteria": {
      "has_cobblestone": "2024-10-31 03:06:59 +0000"
    },
    "done": true
  },
  "minecraft:recipes/building_blocks/diorite_slab": {
    "criteria": {
      "has_diorite": "2024-10-31 03:19:58 +0000"
    },
    "done": true
  },
  "decorative_blocks:recipes/decorative_blocks.general/oak_palisade": {
    "criteria": {
      "has_log": "2024-10-31 03:06:10 +0000"
    },
    "done": true
  },
  "sliceanddice:recipes/tools/slicer": {
    "criteria": {
      "has_tool": "2024-10-31 03:06:41 +0000"
    },
    "done": true
  },
  "create:recipes/create.base/crafting/logistics/powered_toggle_latch": {
    "criteria": {
      "has_item": "2024-10-31 03:24:16 +0000"
    },
    "done": true
  },
  "design_decor:recipes/design_decor/diorite_castel_brick_slab_from_stone_types_diorite_stonecutting": {
    "criteria": {
      "has_stone_types_diorite": "2024-10-31 03:19:58 +0000"
    },
    "done": true
  },
  "minecraft:recipes/redstone/note_block": {
    "criteria": {
      "has_redstone": "2024-10-31 03:24:16 +0000"
    },
    "done": true
  },
  "regions_unexplored:recipes/ru_main/brown_painted_planks": {
    "criteria": {
      "has_planks": "2024-10-31 03:06:30 +0000"
    },
    "done": true
  },
  "design_decor:recipes/design_decor/diorite_castel_tile_wall_from_stone_types_diorite_stonecutting": {
    "criteria": {
      "has_stone_types_diorite": "2024-10-31 03:19:58 +0000"
    },
    "done": true
  },
  "extradelight:recipes/extradelight.items/stone_spoon": {
    "criteria": {
      "Recipes": "2024-10-31 03:19:44 +0000"
    },
    "done": true
  },
  "design_decor:recipes/design_decor/andesite_castel_brick_stairs_from_stone_types_andesite_stonecutting": {
    "criteria": {
      "has_stone_types_andesite": "2024-10-31 03:19:44 +0000"
    },
    "done": true
  },
  "create:recipes/create.palettes/layered_andesite_from_stone_types_andesite_stonecutting": {
    "criteria": {
      "has_stone_types_andesite": "2024-10-31 03:19:44 +0000"
    },
    "done": true
  },
  "minecraft:recipes/building_blocks/polished_diorite_slab_from_diorite_stonecutting": {
    "criteria": {
      "has_diorite": "2024-10-31 03:19:58 +0000"
    },
    "done": true
  },
  "minecraft:recipes/building_blocks/deepslate_tiles_from_cobbled_deepslate_stonecutting": {
    "criteria": {
      "has_cobbled_deepslate": "2024-10-31 03:24:57 +0000"
    },
    "done": true
  },
  "extradelight:recipes/extradelight.items/bratwurst_bread_bc": {
    "criteria": {
      "book": "2024-10-31 03:36:12 +0000"
    },
    "done": true
  },
  "minecraft:recipes/misc/leather_horse_armor": {
    "criteria": {
      "has_leather": "2024-10-31 03:08:44 +0000"
    },
    "done": true
  },
  "minecraft:recipes/building_blocks/hay_block": {
    "criteria": {
      "has_wheat": "2024-10-31 03:36:08 +0000"
    },
    "done": true
  },
  "minecraft:recipes/combat/iron_helmet": {
    "criteria": {
      "has_iron_ingot": "2024-10-31 03:19:02 +0000"
    },
    "done": true
  },
  "minecraft:recipes/combat/bow": {
    "criteria": {
      "has_string": "2024-10-31 03:15:18 +0000"
    },
    "done": true
  },
  "minecraft:recipes/redstone/oak_fence_gate": {
    "criteria": {
      "has_planks": "2024-10-31 03:06:30 +0000"
    },
    "done": true
  },
  "minecraft:recipes/redstone/tnt": {
    "criteria": {
      "has_gunpowder": "2024-10-31 03:10:18 +0000"
    },
    "done": true
  },
  "regions_unexplored:recipes/ru_main/cyan_painted_planks": {
    "criteria": {
      "has_planks": "2024-10-31 03:06:30 +0000"
    },
    "done": true
  },
  "minecraft:recipes/decorations/diorite_wall_from_diorite_stonecutting": {
    "criteria": {
      "has_diorite": "2024-10-31 03:19:58 +0000"
    },
    "done": true
  },
  "create_connected:root": {
    "criteria": {
      "0": "2024-10-31 03:03:20 +0000"
    },
    "done": true
  },
  "regions_unexplored:recipes/ru_main/eucalyptus_boat": {
    "criteria": {
      "in_water": "2024-10-31 03:05:44 +0000"
    },
    "done": true
  },
  "minecraft:story/mine_stone": {
    "criteria": {
      "get_stone": "2024-10-31 03:06:59 +0000"
    },
    "done": true
  },
  "create:recipes/create.palettes/cut_diorite_wall_from_stone_types_diorite_stonecutting": {
    "criteria": {
      "has_stone_types_diorite": "2024-10-31 03:19:58 +0000"
    },
    "done": true
  },
  "minecraft:recipes/redstone/target": {
    "criteria": {
      "has_hay_block": "2024-10-31 03:12:04 +0000"
    },
    "done": true
  },
  "minecraft:recipes/decorations/furnace": {
    "criteria": {
      "has_cobblestone": "2024-10-31 03:06:59 +0000"
    },
    "done": true
  },
  "minecraft:recipes/transportation/minecart": {
    "criteria": {
      "has_iron_ingot": "2024-10-31 03:19:02 +0000"
    },
    "done": true
  },
  "minecraft:recipes/building_blocks/andesite_stairs": {
    "criteria": {
      "has_andesite": "2024-10-31 03:19:44 +0000"
    },
    "done": true
  },
  "minecraft:recipes/misc/charcoal": {
    "criteria": {
      "has_log": "2024-10-31 03:06:10 +0000"
    },
    "done": true
  },
  "minecraft:recipes/tools/wooden_pickaxe": {
    "criteria": {
      "has_stick": "2024-10-31 03:06:33 +0000"
    },
    "done": true
  },
  "minecraft:recipes/tools/iron_hoe": {
    "criteria": {
      "has_iron_ingot": "2024-10-31 03:19:02 +0000"
    },
    "done": true
  },
  "extradelight:recipes/extradelight.items/omelette_mix_meat": {
    "criteria": {
      "Recipes": "2024-10-31 03:09:30 +0000"
    },
    "done": true
  },
  "minecraft:recipes/building_blocks/cobbled_deepslate_stairs": {
    "criteria": {
      "has_cobbled_deepslate": "2024-10-31 03:24:57 +0000"
    },
    "done": true
  },
  "minecraft:recipes/redstone/redstone_torch": {
    "criteria": {
      "has_redstone": "2024-10-31 03:24:16 +0000"
    },
    "done": true
  },
  "minecraft:husbandry/root": {
    "criteria": {
      "consumed_item": "2024-10-31 03:14:01 +0000"
    },
    "done": true
  },
  "minecraft:recipes/transportation/birch_boat": {
    "criteria": {
      "in_water": "2024-10-31 03:05:44 +0000"
    },
    "done": true
  },
  "minecraft:recipes/misc/gold_ingot_from_blasting_raw_gold": {
    "criteria": {
      "has_raw_gold": "2024-10-31 03:23:59 +0000"
    },
    "done": true
  },
  "createbigcannons:recipes/createbigcannons/cannon_mount": {
    "criteria": {
      "has_gunpowder": "2024-10-31 03:10:18 +0000"
    },
    "done": true
  },
  "minecraft:recipes/building_blocks/polished_andesite_from_andesite_stonecutting": {
    "criteria": {
      "has_andesite": "2024-10-31 03:19:44 +0000"
    },
    "done": true
  },
  "minecraft:recipes/building_blocks/cobbled_deepslate_stairs_from_cobbled_deepslate_stonecutting": {
    "criteria": {
      "has_cobbled_deepslate": "2024-10-31 03:24:57 +0000"
    },
    "done": true
  },
  "extradelight:recipes/extradelight.items/pestle_andesite": {
    "criteria": {
      "Recipes": "2024-10-31 03:19:44 +0000"
    },
    "done": true
  },
  "create:recipes/create.palettes/small_diorite_bricks_from_stone_types_diorite_stonecutting": {
    "criteria": {
      "has_stone_types_diorite": "2024-10-31 03:19:58 +0000"
    },
    "done": true
  },
  "minecraft:recipes/tools/iron_shovel": {
    "criteria": {
      "has_iron_ingot": "2024-10-31 03:19:02 +0000"
    },
    "done": true
  },
  "regions_unexplored:recipes/ru_main/socotra_boat": {
    "criteria": {
      "in_water": "2024-10-31 03:05:44 +0000"
    },
    "done": true
  },
  "regions_unexplored:recipes/ru_main/blue_painted_planks": {
    "criteria": {
      "has_planks": "2024-10-31 03:06:30 +0000"
    },
    "done": true
  },
  "extradelight:recipes/extradelight.items/beef_wellington_block_item": {
    "criteria": {
      "has_any_ingredient": "2024-10-31 03:36:08 +0000"
    },
    "done": true
  },
  "design_decor:recipes/design_decor/metal_support_from_ingots_iron_stonecutting": {
    "criteria": {
      "has_ingots_iron": "2024-10-31 03:19:02 +0000"
    },
    "done": true
  },
  "design_decor:recipes/design_decor/diorite_castel_brick_stairs_from_stone_types_diorite_stonecutting": {
    "criteria": {
      "has_stone_types_diorite": "2024-10-31 03:19:58 +0000"
    },
    "done": true
  },
  "handcrafted:recipes/misc/bench": {
    "criteria": {
      "has_iron_ingot": "2024-10-31 03:19:02 +0000"
    },
    "done": true
  },
  "extradelight:recipes/extradelight.aesthetic/mangrove_step_stool": {
    "criteria": {
      "mangrove_step_stool": "2024-10-31 03:06:33 +0000"
    },
    "done": true
  },
  "minecraft:recipes/decorations/item_frame": {
    "criteria": {
      "has_leather": "2024-10-31 03:08:44 +0000"
    },
    "done": true
  },
  "farmersdelight:main/root": {
    "criteria": {
      "seeds": "2024-10-31 03:03:20 +0000"
    },
    "done": true
  },
  "minecraft:recipes/tools/clock": {
    "criteria": {
      "has_redstone": "2024-10-31 03:24:16 +0000"
    },
    "done": true
  },
  "minecraft:recipes/tools/stone_hoe": {
    "criteria": {
      "has_cobblestone": "2024-10-31 03:06:59 +0000"
    },
    "done": true
  },
  "create:recipes/create.palettes/polished_cut_diorite_from_stone_types_diorite_stonecutting": {
    "criteria": {
      "has_stone_types_diorite": "2024-10-31 03:19:58 +0000"
    },
    "done": true
  },
  "minecraft:recipes/food/baked_potato_from_smoking": {
    "criteria": {
      "has_potato": "2024-10-31 03:35:19 +0000"
    },
    "done": true
  },
  "minecraft:recipes/transportation/activator_rail": {
    "criteria": {
      "has_rail": "2024-10-31 03:35:52 +0000"
    },
    "done": true
  },
  "handcrafted:recipes/misc/diorite_pillar_trim": {
    "criteria": {
      "has_pillar_trim": "2024-10-31 03:19:58 +0000"
    },
    "done": true
  },
  "extradelight:recipes/extradelight.items/omelette_mix_mix": {
    "criteria": {
      "Recipes": "2024-10-31 03:35:19 +0000"
    },
    "done": true
  },
  "farmersdelight:recipes/farmersdelight/cooking/dog_food": {
    "criteria": {
      "has_any_ingredient": "2024-10-31 03:35:19 +0000"
    },
    "done": true
  },
  "farmersdelight:recipes/farmersdelight/wheat_dough_from_water": {
    "criteria": {
      "has_wheat": "2024-10-31 03:36:08 +0000"
    },
    "done": true
  },
  "extradelight:recipes/extradelight.items/omelette_mix_meat_cheese": {
    "criteria": {
      "Recipes": "2024-10-31 03:09:30 +0000"
    },
    "done": true
  },
  "create:recipes/create.palettes/cut_andesite_brick_slab_from_stone_types_andesite_stonecutting": {
    "criteria": {
      "has_stone_types_andesite": "2024-10-31 03:19:44 +0000"
    },
    "done": true
  },
  "minecraft:recipes/building_blocks/deepslate": {
    "criteria": {
      "has_cobbled_deepslate": "2024-10-31 03:24:57 +0000"
    },
    "done": true
  },
  "minecraft:recipes/food/baked_potato": {
    "criteria": {
      "has_potato": "2024-10-31 03:35:19 +0000"
    },
    "done": true
  },
  "create:recipes/create.base/crafting/materials/rose_quartz": {
    "criteria": {
      "has_item": "2024-10-31 03:24:16 +0000"
    },
    "done": true
  },
  "toms_storage:unlock_chest": {
    "criteria": {
      "inv_changed-chest": "2024-10-31 03:03:20 +0000"
    },
    "done": true
  },
  "extradelight:recipes/misc/mortar/yellow_dye": {
    "criteria": {
      "Recipes": "2024-10-31 03:09:40 +0000"
    },
    "done": true
  },
  "create:root": {
    "criteria": {
      "0": "2024-10-31 03:03:20 +0000"
    },
    "done": true
  },
  "betterdeserttemples:root": {
    "criteria": {
      "always": "2024-10-31 03:03:20 +0000"
    },
    "done": true
  },
  "nethersdelight:recipes/nethersdelight/blackstone_blast_furnace": {
    "criteria": {
      "has_iron": "2024-10-31 03:19:02 +0000"
    },
    "done": true
  },
  "minecraft:story/upgrade_tools": {
    "criteria": {
      "stone_pickaxe": "2024-10-31 03:07:12 +0000"
    },
    "done": true
  },
  "createbigcannons:recipes/createbigcannons/log_cannon_end": {
    "criteria": {
      "has_gunpowder": "2024-10-31 03:10:18 +0000"
    },
    "done": true
  },
  "minecraft:recipes/transportation/oak_boat": {
    "criteria": {
      "in_water": "2024-10-31 03:05:44 +0000"
    },
    "done": true
  },
  "extradelight:recipes/extradelight.items/grater": {
    "criteria": {
      "Recipes": "2024-10-31 03:19:02 +0000"
    },
    "done": true
  },
  "extradelight:recipes/extradelight.aesthetic/birch_step_stool": {
    "criteria": {
      "birch_step_stool": "2024-10-31 03:06:33 +0000"
    },
    "done": true
  },
  "extradelight:recipes/extradelight.items/iron_spoon": {
    "criteria": {
      "Recipes": "2024-10-31 03:19:02 +0000"
    },
    "done": true
  },
  "create:recipes/create.palettes/cut_andesite_from_stone_types_andesite_stonecutting": {
    "criteria": {
      "has_stone_types_andesite": "2024-10-31 03:19:44 +0000"
    },
    "done": true
  },
  "create:recipes/create.palettes/cut_diorite_brick_slab_from_stone_types_diorite_stonecutting": {
    "criteria": {
      "has_stone_types_diorite": "2024-10-31 03:19:58 +0000"
    },
    "done": true
  },
  "minecraft:recipes/tools/wooden_axe": {
    "criteria": {
      "has_stick": "2024-10-31 03:06:33 +0000"
    },
    "done": true
  },
  "sophisticatedstorage:recipes/sophisticatedstorage/oak_barrel": {
    "criteria": {
      "has_oak_plank": "2024-10-31 03:06:30 +0000"
    },
    "done": true
  },
  "minecraft:recipes/misc/paper": {
    "criteria": {
      "has_reeds": "2024-10-31 03:05:27 +0000"
    },
    "done": true
  },
  "extradelight:start": {
    "criteria": {
      "start": "2024-10-31 03:03:20 +0000"
    },
    "done": true
  },
  "minecraft:recipes/building_blocks/polished_diorite_stairs_from_diorite_stonecutting": {
    "criteria": {
      "has_diorite": "2024-10-31 03:19:58 +0000"
    },
    "done": true
  },
  "createbigcannons:recipes/createbigcannons/log_cannon_chamber": {
    "criteria": {
      "has_gunpowder": "2024-10-31 03:10:18 +0000"
    },
    "done": true
  },
  "regions_unexplored:recipes/ru_main/redstone_bud": {
    "criteria": {
      "has_redstone": "2024-10-31 03:24:16 +0000"
    },
    "done": true
  },
  "minecraft:recipes/decorations/loom": {
    "criteria": {
      "has_string": "2024-10-31 03:15:18 +0000"
    },
    "done": true
  },
  "create:recipes/create.palettes/layered_diorite_from_stone_types_diorite_stonecutting": {
    "criteria": {
      "has_stone_types_diorite": "2024-10-31 03:19:58 +0000"
    },
    "done": true
  },
  "extradelight:recipes/extradelight.items/pestle_diorite": {
    "criteria": {
      "Recipes": "2024-10-31 03:19:58 +0000"
    },
    "done": true
  },
  "extradelight:recipes/misc/lgray_azure": {
    "criteria": {
      "Recipes": "2024-10-31 03:09:40 +0000"
    },
    "done": true
  },
  "minecraft:recipes/building_blocks/andesite_slab_from_andesite_stonecutting": {
    "criteria": {
      "has_andesite": "2024-10-31 03:19:44 +0000"
    },
    "done": true
  },
  "minecraft:recipes/building_blocks/coal_block": {
    "criteria": {
      "has_coal": "2024-10-31 03:07:25 +0000"
    },
    "done": true
  },
  "createbigcannons:recipes/createbigcannons/powder_charge": {
    "criteria": {
      "has_gunpowder": "2024-10-31 03:10:18 +0000"
    },
    "done": true
  },
  "extradelight:recipes/extradelight.aesthetic/jungle_step_stool": {
    "criteria": {
      "jungle_step_stool": "2024-10-31 03:06:33 +0000"
    },
    "done": true
  },
  "regions_unexplored:recipes/ru_main/orange_painted_planks": {
    "criteria": {
      "has_planks": "2024-10-31 03:06:30 +0000"
    },
    "done": true
  },
  "minecraft:recipes/tools/stone_shovel": {
    "criteria": {
      "has_cobblestone": "2024-10-31 03:06:59 +0000"
    },
    "done": true
  },
  "farmersdelight:recipes/farmersdelight/cooking/bone_broth": {
    "criteria": {
      "has_bone": "2024-10-31 03:10:26 +0000"
    },
    "done": true
  },
  "regions_unexplored:recipes/ru_main/oak_shrub": {
    "criteria": {
      "has_oak_sapling": "2024-10-31 03:06:23 +0000"
    },
    "done": true
  },
  "extradelight:recipes/extradelight.items/jerky": {
    "criteria": {
      "has_meat": "2024-10-31 03:09:30 +0000"
    },
    "done": true
  },
  "minecraft:recipes/building_blocks/diorite_stairs": {
    "criteria": {
      "has_diorite": "2024-10-31 03:19:58 +0000"
    },
    "done": true
  },
  "cataclysm:root": {
    "criteria": {
      "custom_test_name": "2024-10-31 03:03:20 +0000"
    },
    "done": true
  },
  "sophisticatedstorage:recipes/sophisticatedstorage/upgrade_base": {
    "criteria": {
      "has_iron_ingot": "2024-10-31 03:19:02 +0000"
    },
    "done": true
  },
  "minecraft:recipes/building_blocks/andesite": {
    "criteria": {
      "has_stone": "2024-10-31 03:19:58 +0000"
    },
    "done": true
  },
  "minecraft:recipes/tools/lead": {
    "criteria": {
      "has_slime_ball": "2024-10-31 03:34:52 +0000"
    },
    "done": true
  },
  "decoration_delight:decoration_101_advancement": {
    "criteria": {
      "decoration_101_advancement": "2024-10-31 03:03:20 +0000"
    },
    "done": true
  },
  "minecraft:recipes/redstone/oak_pressure_plate": {
    "criteria": {
      "has_planks": "2024-10-31 03:06:30 +0000"
    },
    "done": true
  },
  "minecraft:recipes/building_blocks/polished_deepslate_stairs_from_cobbled_deepslate_stonecutting": {
    "criteria": {
      "has_cobbled_deepslate": "2024-10-31 03:24:57 +0000"
    },
    "done": true
  },
  "decorative_blocks:recipes/decorative_blocks.general/chandelier": {
    "criteria": {
      "has_torch": "2024-10-31 03:14:47 +0000"
    },
    "done": true
  },
  "regions_unexplored:recipes/ru_main/redwood_boat": {
    "criteria": {
      "in_water": "2024-10-31 03:05:44 +0000"
    },
    "done": true
  },
  "design_decor:recipes/design_decor/andesite_castel_brick_wall_from_stone_types_andesite_stonecutting": {
    "criteria": {
      "has_stone_types_andesite": "2024-10-31 03:19:44 +0000"
    },
    "done": true
  },
  "minecraft:recipes/building_blocks/oak_wood": {
    "criteria": {
      "has_log": "2024-10-31 03:06:10 +0000"
    },
    "done": true
  },
  "create:recipes/create.palettes/polished_cut_diorite_slab_from_stone_types_diorite_stonecutting": {
    "criteria": {
      "has_stone_types_diorite": "2024-10-31 03:19:58 +0000"
    },
    "done": true
  },
  "minecraft:story/root": {
    "criteria": {
      "crafting_table": "2024-10-31 03:06:32 +0000"
    },
    "done": true
  },
  "minecraft:recipes/redstone/dropper": {
    "criteria": {
      "has_redstone": "2024-10-31 03:24:16 +0000"
    },
    "done": true
  },
  "createbigcannons:recipes/createbigcannons/wrought_iron_cannon_chamber": {
    "criteria": {
      "has_gunpowder": "2024-10-31 03:10:18 +0000"
    },
    "done": true
  },
  "extradelight:recipes/extradelight.items/mortar_andesite": {
    "criteria": {
      "Recipes": "2024-10-31 03:19:44 +0000"
    },
    "done": true
  },
  "farmersdelight:recipes/farmersdelight/cooking/noodle_soup": {
    "criteria": {
      "has_any_ingredient": "2024-10-31 03:09:30 +0000"
    },
    "done": true
  },
  "extradelight:recipes/extradelight.items/omelette_mix_veg": {
    "criteria": {
      "Recipes": "2024-10-31 03:35:19 +0000"
    },
    "done": true
  },
  "createbigcannons:recipes/createbigcannons/wrought_iron_drop_mortar_end": {
    "criteria": {
      "has_gunpowder": "2024-10-31 03:10:18 +0000"
    },
    "done": true
  },
  "decorative_blocks:recipes/decorative_blocks.general/oak_seat": {
    "criteria": {
      "has_plank": "2024-10-31 03:06:30 +0000"
    },
    "done": true
  },
  "minecraft:recipes/combat/leather_chestplate": {
    "criteria": {
      "has_leather": "2024-10-31 03:08:44 +0000"
    },
    "done": true
  },
  "minecraft:recipes/tools/compass": {
    "criteria": {
      "has_redstone": "2024-10-31 03:24:16 +0000"
    },
    "done": true
  },
  "design_decor:recipes/design_decor/andesite_castel_tile_stairs_from_stone_types_andesite_stonecutting": {
    "criteria": {
      "has_stone_types_andesite": "2024-10-31 03:19:44 +0000"
    },
    "done": true
  },
  "create:recipes/create.base/crafting/appliances/crafting_blueprint": {
    "criteria": {
      "has_item": "2024-10-31 03:06:32 +0000"
    },
    "done": true
  },
  "minecraft:recipes/redstone/oak_button": {
    "criteria": {
      "has_planks": "2024-10-31 03:06:30 +0000"
    },
    "done": true
  },
  "farmersdelight:recipes/farmersdelight/flint_knife": {
    "criteria": {
      "has_stick": "2024-10-31 03:06:33 +0000"
    },
    "done": true
  },
  "regions_unexplored:parent": {
    "criteria": {
      "load_in_world": "2024-10-31 03:03:21 +0000"
    },
    "done": true
  },
  "regions_unexplored:recipes/ru_main/green_painted_planks": {
    "criteria": {
      "has_planks": "2024-10-31 03:06:30 +0000"
    },
    "done": true
  },
  "create:recipes/create.palettes/polished_cut_andesite_wall_from_stone_types_andesite_stonecutting": {
    "criteria": {
      "has_stone_types_andesite": "2024-10-31 03:19:44 +0000"
    },
    "done": true
  },
  "minecraft:recipes/building_blocks/polished_andesite": {
    "criteria": {
      "has_andesite": "2024-10-31 03:19:44 +0000"
    },
    "done": true
  },
  "create:recipes/create.palettes/andesite_pillar_from_stone_types_andesite_stonecutting": {
    "criteria": {
      "has_stone_types_andesite": "2024-10-31 03:19:44 +0000"
    },
    "done": true
  },
  "create:recipes/create.palettes/cut_diorite_bricks_from_stone_types_diorite_stonecutting": {
    "criteria": {
      "has_stone_types_diorite": "2024-10-31 03:19:58 +0000"
    },
    "done": true
  },
  "decorative_blocks:recipes/decorations/torch_from_chandelier": {
    "criteria": {
      "has_torch": "2024-10-31 03:14:47 +0000"
    },
    "done": true
  },
  "minecraft:recipes/redstone/iron_door": {
    "criteria": {
      "has_iron_ingot": "2024-10-31 03:19:02 +0000"
    },
    "done": true
  },
  "create:recipes/create.palettes/small_andesite_brick_wall_from_stone_types_andesite_stonecutting": {
    "criteria": {
      "has_stone_types_andesite": "2024-10-31 03:19:44 +0000"
    },
    "done": true
  },
  "minecraft:recipes/misc/copper_ingot_from_smelting_raw_copper": {
    "criteria": {
      "has_raw_copper": "2024-10-31 03:08:00 +0000"
    },
    "done": true
  },
  "immersive_aircraft:misc/aircraftery": {
    "criteria": {
      "has_item": "2024-10-31 03:19:02 +0000"
    },
    "done": true
  },
  "createbigcannons:recipes/createbigcannons/machine_gun_round": {
    "criteria": {
      "has_gunpowder": "2024-10-31 03:10:18 +0000"
    },
    "done": true
  },
  "create:recipes/create.palettes/diorite_pillar_from_stone_types_diorite_stonecutting": {
    "criteria": {
      "has_stone_types_diorite": "2024-10-31 03:19:58 +0000"
    },
    "done": true
  },
  "minecraft:recipes/transportation/powered_rail": {
    "criteria": {
      "has_rail": "2024-10-31 03:35:52 +0000"
    },
    "done": true
  },
  "toms_storage:unlock_dia_pearl": {
    "criteria": {
      "inv_changed-ender_pearl": "2024-10-31 03:03:20 +0000",
      "inv_changed-diamond": "2024-10-31 03:03:20 +0000"
    },
    "done": true
  },
  "handcrafted:recipes/misc/andesite_corner_trim": {
    "criteria": {
      "has_corner_trim": "2024-10-31 03:19:44 +0000"
    },
    "done": true
  },
  "minecraft:recipes/redstone/oak_door": {
    "criteria": {
      "has_planks": "2024-10-31 03:06:30 +0000"
    },
    "done": true
  },
  "minecraft:recipes/transportation/jungle_boat": {
    "criteria": {
      "in_water": "2024-10-31 03:05:44 +0000"
    },
    "done": true
  },
  "minecraft:recipes/redstone/heavy_weighted_pressure_plate": {
    "criteria": {
      "has_iron_ingot": "2024-10-31 03:19:02 +0000"
    },
    "done": true
  },
  "minecraft:recipes/food/pumpkin_pie": {
    "criteria": {
      "has_pumpkin": "2024-10-31 03:09:29 +0000"
    },
    "done": true
  },
  "minecraft:recipes/transportation/dark_oak_boat": {
    "criteria": {
      "in_water": "2024-10-31 03:05:44 +0000"
    },
    "done": true
  },
  "extradelight:recipes/extradelight.items/omelette_mix_mix_cheese": {
    "criteria": {
      "Recipes": "2024-10-31 03:35:19 +0000"
    },
    "done": true
  },
  "minecraft:recipes/decorations/andesite_wall_from_andesite_stonecutting": {
    "criteria": {
      "has_andesite": "2024-10-31 03:19:44 +0000"
    },
    "done": true
  },
  "regions_unexplored:recipes/ru_main/pine_boat": {
    "criteria": {
      "in_water": "2024-10-31 03:05:44 +0000"
    },
    "done": true
  },
  "minecraft:recipes/redstone/piston": {
    "criteria": {
      "has_redstone": "2024-10-31 03:24:16 +0000"
    },
    "done": true
  },
  "create_dd:recipes/misc/crafting/coal_from_coal_piece": {
    "criteria": {
      "has_coal": "2024-10-31 03:07:25 +0000"
    },
    "done": true
  },
  "create:recipes/create.base/crafting/logistics/pulse_extender": {
    "criteria": {
      "has_item": "2024-10-31 03:24:16 +0000"
    },
    "done": true
  },
  "goodending:recipes/muddy_oak_boat": {
    "criteria": {
      "in_water": "2024-10-31 03:05:44 +0000"
    },
    "done": true
  },
  "extradelight:recipes/extradelight.items/rack_lamb_block_item": {
    "criteria": {
      "has_any_ingredient": "2024-10-31 03:36:08 +0000"
    },
    "done": true
  },
  "regions_unexplored:recipes/ru_main/magenta_painted_planks": {
    "criteria": {
      "has_planks": "2024-10-31 03:06:30 +0000"
    },
    "done": true
  },
  "minecraft:recipes/decorations/soul_campfire": {
    "criteria": {
      "has_stick": "2024-10-31 03:06:33 +0000"
    },
    "done": true
  },
  "minecraft:story/smelt_iron": {
    "criteria": {
      "iron": "2024-10-31 03:19:02 +0000"
    },
    "done": true
  },
  "design_decor:recipes/design_decor/andesite_castel_tiles_from_stone_types_andesite_stonecutting": {
    "criteria": {
      "has_stone_types_andesite": "2024-10-31 03:19:44 +0000"
    },
    "done": true
  },
  "DataVersion": 3120
}