{
  "minecraft:recipes/tools/fishing_rod": {
    "criteria": {
      "has_string": "2024-10-31 02:37:09 +0000"
    },
    "done": true
  },
  "minecraft:recipes/food/cooked_porkchop_from_campfire_cooking": {
    "criteria": {
      "has_porkchop": "2024-10-31 02:41:34 +0000"
    },
    "done": true
  },
  "everycomp:recipes/everycomp/ddr/regions_unexplored/magnolia_countertop": {
    "criteria": {
      "has_planks": "2024-10-31 02:41:41 +0000"
    },
    "done": true
  },
  "extradelight:recipes/extradelight.items/wooden_spoon": {
    "criteria": {
      "Recipes": "2024-10-31 02:41:41 +0000"
    },
    "done": true
  },
  "minecraft:recipes/tools/wooden_axe": {
    "criteria": {
      "has_stick": "2024-10-31 02:42:10 +0000"
    },
    "done": true
  },
  "crabbersdelight:main/root": {
    "criteria": {
      "seeds": "2024-10-31 02:35:48 +0000"
    },
    "done": true
  },
  "minecraft:recipes/redstone/lever": {
    "criteria": {
      "has_cobblestone": "2024-10-31 02:46:46 +0000"
    },
    "done": true
  },
  "minecraft:recipes/building_blocks/cobblestone_stairs_from_cobblestone_stonecutting": {
    "criteria": {
      "has_cobblestone": "2024-10-31 02:46:46 +0000"
    },
    "done": true
  },
  "everycomp:recipes/everycomp/ddr/regions_unexplored/magnolia_counter_corner": {
    "criteria": {
      "has_planks": "2024-10-31 02:41:41 +0000"
    },
    "done": true
  },
  "everycomp:recipes/everycomp/fd/regions_unexplored/magnolia_cabinet": {
    "criteria": {
      "has_planks": "2024-10-31 02:41:41 +0000"
    },
    "done": true
  },
  "regions_unexplored:recipes/ru_main/white_painted_planks": {
    "criteria": {
      "has_planks": "2024-10-31 02:41:41 +0000"
    },
    "done": true
  },
  "everycomp:recipes/everycomp/hc/regions_unexplored/magnolia_side_table": {
    "criteria": {
      "has_planks": "2024-10-31 02:41:41 +0000"
    },
    "done": true
  },
  "extradelight:recipes/extradelight.aesthetic/crimson_step_stool": {
    "criteria": {
      "crimson_step_stool": "2024-10-31 02:42:10 +0000"
    },
    "done": true
  },
  "extradelight:start": {
    "criteria": {
      "start": "2024-10-31 02:35:48 +0000"
    },
    "done": true
  },
  "minecraft:recipes/decorations/loom": {
    "criteria": {
      "has_string": "2024-10-31 02:37:09 +0000"
    },
    "done": true
  },
  "extradelight:recipes/extradelight.aesthetic/oak_step_stool": {
    "criteria": {
      "oak_step_stool": "2024-10-31 02:42:10 +0000"
    },
    "done": true
  },
  "everycomp:recipes/everycomp/hc/regions_unexplored/magnolia_table": {
    "criteria": {
      "has_planks": "2024-10-31 02:41:41 +0000"
    },
    "done": true
  },
  "regions_unexplored:recipes/ru_main/magnolia_stairs": {
    "criteria": {
      "has_magnolia_planks": "2024-10-31 02:41:41 +0000"
    },
    "done": true
  },
  "regions_unexplored:recipes/ru_main/joshua_boat": {
    "criteria": {
      "in_water": "2024-10-31 02:37:09 +0000"
    },
    "done": true
  },
  "crabbersdelight:recipes/crabbersdelight/crab_trap": {
    "criteria": {
      "has_stick": "2024-10-31 02:42:10 +0000"
    },
    "done": true
  },
  "minecraft:recipes/decorations/crafting_table": {
    "criteria": {
      "has_planks": "2024-10-31 02:41:41 +0000"
    },
    "done": true
  },
  "minecraft:recipes/decorations/candle": {
    "criteria": {
      "has_string": "2024-10-31 02:37:08 +0000"
    },
    "done": true
  },
  "minecraft:recipes/decorations/campfire": {
    "criteria": {
      "has_stick": "2024-10-31 02:42:10 +0000"
    },
    "done": true
  },
  "regions_unexplored:recipes/ru_main/maple_boat": {
    "criteria": {
      "in_water": "2024-10-31 02:37:09 +0000"
    },
    "done": true
  },
  "minecraft:recipes/decorations/ladder": {
    "criteria": {
      "has_stick": "2024-10-31 02:42:10 +0000"
    },
    "done": true
  },
  "toms_storage:unlock_netherite": {
    "criteria": {
      "inv_changed-netherite": "2024-10-31 02:35:48 +0000"
    },
    "done": true
  },
  "minecraft:recipes/decorations/chest": {
    "criteria": {
      "has_lots_of_items": "2024-10-31 02:41:54 +0000"
    },
    "done": true
  },
  "regions_unexplored:recipes/ru_main/magnolia_branch_from_magnolia_log": {
    "criteria": {
      "has_log": "2024-10-31 02:41:39 +0000"
    },
    "done": true
  },
  "decorative_blocks:recipes/decorative_blocks.general/rocky_dirt": {
    "criteria": {
      "has_dirt": "2024-10-31 02:37:47 +0000"
    },
    "done": true
  },
  "minecraft:recipes/transportation/mangrove_boat": {
    "criteria": {
      "in_water": "2024-10-31 02:37:09 +0000"
    },
    "done": true
  },
  "regions_unexplored:got_wood": {
    "criteria": {
      "magnolia_log": "2024-10-31 02:41:39 +0000"
    },
    "done": false
  },
  "extradelight:recipes/extradelight.aesthetic/spruce_step_stool": {
    "criteria": {
      "spruce_step_stool": "2024-10-31 02:42:10 +0000"
    },
    "done": true
  },
  "minecraft:recipes/tools/wooden_shovel": {
    "criteria": {
      "has_stick": "2024-10-31 02:42:10 +0000"
    },
    "done": true
  },
  "everycomp:recipes/everycomp/hc/regions_unexplored/magnolia_chair": {
    "criteria": {
      "has_planks": "2024-10-31 02:41:41 +0000"
    },
    "done": true
  },
  "crabbersdelight:recipes/decorations/crab_trap": {
    "criteria": {
      "has_stick": "2024-10-31 02:42:10 +0000",
      "has_the_recipe": "2024-10-31 02:42:10 +0000"
    },
    "done": true
  },
  "regions_unexplored:recipes/ru_main/willow_boat": {
    "criteria": {
      "in_water": "2024-10-31 02:37:09 +0000"
    },
    "done": true
  },
  "everycomp:recipes/handcrafted.main/hc/regions_unexplored/magnolia_shelf": {
    "criteria": {
      "has_planks": "2024-10-31 02:41:41 +0000"
    },
    "done": true
  },
  "minecraft:recipes/misc/stick": {
    "criteria": {
      "has_planks": "2024-10-31 02:41:41 +0000"
    },
    "done": true
  },
  "everycomp:recipes/everycomp/db/regions_unexplored/magnolia_beam": {
    "criteria": {
      "has_planks": "2024-10-31 02:41:41 +0000"
    },
    "done": true
  },
  "everycomp:recipes/everycomp/hc/regions_unexplored/magnolia_fancy_bed": {
    "criteria": {
      "has_planks": "2024-10-31 02:41:41 +0000"
    },
    "done": true
  },
  "minecraft:recipes/building_blocks/mossy_cobblestone_slab_from_mossy_cobblestone_stonecutting": {
    "criteria": {
      "has_mossy_cobblestone": "2024-10-31 02:47:01 +0000"
    },
    "done": true
  },
  "minecraft:recipes/transportation/spruce_boat": {
    "criteria": {
      "in_water": "2024-10-31 02:37:09 +0000"
    },
    "done": true
  },
  "regions_unexplored:recipes/ru_main/kapok_boat": {
    "criteria": {
      "in_water": "2024-10-31 02:37:09 +0000"
    },
    "done": true
  },
  "extradelight:recipes/extradelight.aesthetic/jungle_step_stool": {
    "criteria": {
      "jungle_step_stool": "2024-10-31 02:42:10 +0000"
    },
    "done": true
  },
  "regions_unexplored:recipes/ru_main/magnolia_trapdoor": {
    "criteria": {
      "has_magnolia_planks": "2024-10-31 02:41:41 +0000"
    },
    "done": true
  },
  "minecraft:recipes/combat/wooden_sword": {
    "criteria": {
      "has_stick": "2024-10-31 02:42:10 +0000"
    },
    "done": true
  },
  "regions_unexplored:recipes/ru_main/orange_painted_planks": {
    "criteria": {
      "has_planks": "2024-10-31 02:41:41 +0000"
    },
    "done": true
  },
  "minecraft:recipes/tools/stone_shovel": {
    "criteria": {
      "has_cobblestone": "2024-10-31 02:46:46 +0000"
    },
    "done": true
  },
  "goodending:recipes/cypress_boat": {
    "criteria": {
      "in_water": "2024-10-31 02:37:09 +0000"
    },
    "done": true
  },
  "everycomp:recipes/everycomp/hc/regions_unexplored/magnolia_corner_trim": {
    "criteria": {
      "has_planks": "2024-10-31 02:41:41 +0000"
    },
    "done": true
  },
  "minecraft:recipes/building_blocks/mossy_cobblestone_slab": {
    "criteria": {
      "has_mossy_cobblestone": "2024-10-31 02:47:01 +0000"
    },
    "done": true
  },
  "everycomp:recipes/handcrafted.main/hc/regions_unexplored/magnolia_drawer": {
    "criteria": {
      "has_planks": "2024-10-31 02:41:41 +0000"
    },
    "done": true
  },
  "everycomp:recipes/everycomp/c/regions_unexplored/magnolia_window_pane": {
    "criteria": {
      "has_planks": "2024-10-31 02:41:41 +0000"
    },
    "done": true
  },
  "extradelight:recipes/extradelight.items/jerky": {
    "criteria": {
      "has_meat": "2024-10-31 02:41:34 +0000"
    },
    "done": true
  },
  "everycomp:recipes/everycomp/ddr/regions_unexplored/magnolia_counter_1": {
    "criteria": {
      "has_planks": "2024-10-31 02:41:41 +0000"
    },
    "done": true
  },
  "cataclysm:root": {
    "criteria": {
      "custom_test_name": "2024-10-31 02:35:46 +0000"
    },
    "done": true
  },
  "regions_unexplored:recipes/ru_main/blackwood_boat": {
    "criteria": {
      "in_water": "2024-10-31 02:37:09 +0000"
    },
    "done": true
  },
  "extradelight:recipes/extradelight.items/mixing_bowl": {
    "criteria": {
      "Recipes": "2024-10-31 02:41:41 +0000"
    },
    "done": true
  },
  "regions_unexplored:recipes/ru_main/red_painted_planks": {
    "criteria": {
      "has_planks": "2024-10-31 02:41:41 +0000"
    },
    "done": true
  },
  "extradelight:recipes/extradelight.items/drying_rack": {
    "criteria": {
      "has_string": "2024-10-31 02:37:08 +0000"
    },
    "done": true
  },
  "regions_unexplored:recipes/ru_main/magnolia_fence_gate": {
    "criteria": {
      "has_magnolia_planks": "2024-10-31 02:41:41 +0000"
    },
    "done": true
  },
  "regions_unexplored:recipes/ru_main/purple_painted_planks": {
    "criteria": {
      "has_planks": "2024-10-31 02:41:41 +0000"
    },
    "done": true
  },
  "regions_unexplored:recipes/ru_main/baobab_boat": {
    "criteria": {
      "in_water": "2024-10-31 02:37:09 +0000"
    },
    "done": true
  },
  "minecraft:recipes/tools/wooden_hoe": {
    "criteria": {
      "has_stick": "2024-10-31 02:42:10 +0000"
    },
    "done": true
  },
  "regions_unexplored:recipes/ru_main/magnolia_boat": {
    "criteria": {
      "in_water": "2024-10-31 02:37:09 +0000"
    },
    "done": true
  },
  "regions_unexplored:recipes/ru_main/larch_boat": {
    "criteria": {
      "in_water": "2024-10-31 02:37:09 +0000"
    },
    "done": true
  },
  "minecraft:recipes/building_blocks/cobblestone_slab": {
    "criteria": {
      "has_cobblestone": "2024-10-31 02:46:46 +0000"
    },
    "done": true
  },
  "decorative_blocks:recipes/decorative_blocks.general/lattice": {
    "criteria": {
      "has_stick": "2024-10-31 02:42:10 +0000"
    },
    "done": true
  },
  "regions_unexplored:regions_explored": {
    "criteria": {
      "rocky_meadow": "2024-10-31 02:38:48 +0000",
      "highland_fields": "2024-10-31 02:45:47 +0000",
      "maple_forest": "2024-10-31 02:46:11 +0000",
      "magnolia_highlands": "2024-10-31 02:41:29 +0000"
    },
    "done": false
  },
  "decoration_delight:decoration_101_advancement": {
    "criteria": {
      "decoration_101_advancement": "2024-10-31 02:35:46 +0000"
    },
    "done": true
  },
  "minecraft:recipes/redstone/tripwire_hook": {
    "criteria": {
      "has_string": "2024-10-31 02:37:08 +0000"
    },
    "done": true
  },
  "extradelight:recipes/extradelight.aesthetic/acacia_step_stool": {
    "criteria": {
      "acacia_step_stool": "2024-10-31 02:42:10 +0000"
    },
    "done": true
  },
  "regions_unexplored:recipes/ru_main/palm_boat": {
    "criteria": {
      "in_water": "2024-10-31 02:37:09 +0000"
    },
    "done": true
  },
  "everycomp:recipes/everycomp/hc/regions_unexplored/magnolia_nightstand": {
    "criteria": {
      "has_planks": "2024-10-31 02:41:41 +0000"
    },
    "done": true
  },
  "minecraft:recipes/building_blocks/cobblestone_stairs": {
    "criteria": {
      "has_cobblestone": "2024-10-31 02:46:46 +0000"
    },
    "done": true
  },
  "regions_unexplored:recipes/ru_main/magnolia_button": {
    "criteria": {
      "has_magnolia_planks": "2024-10-31 02:41:41 +0000"
    },
    "done": true
  },
  "everycomp:recipes/everycomp/hc/regions_unexplored/magnolia_bench": {
    "criteria": {
      "has_planks": "2024-10-31 02:41:41 +0000"
    },
    "done": true
  },
  "sliceanddice:recipes/tools/slicer": {
    "criteria": {
      "has_tool": "2024-10-31 02:42:45 +0000"
    },
    "done": true
  },
  "regions_unexplored:recipes/ru_main/magnolia_slab": {
    "criteria": {
      "has_magnolia_planks": "2024-10-31 02:41:41 +0000"
    },
    "done": true
  },
  "regions_unexplored:recipes/ru_main/magnolia_pressure_plate": {
    "criteria": {
      "has_magnolia_planks": "2024-10-31 02:41:41 +0000"
    },
    "done": true
  },
  "regions_unexplored:recipes/ru_main/redwood_boat": {
    "criteria": {
      "in_water": "2024-10-31 02:37:09 +0000"
    },
    "done": true
  },
  "minecraft:recipes/building_blocks/mossy_cobblestone_stairs_from_mossy_cobblestone_stonecutting": {
    "criteria": {
      "has_mossy_cobblestone": "2024-10-31 02:47:01 +0000"
    },
    "done": true
  },
  "regions_unexplored:recipes/ru_main/light_blue_painted_planks": {
    "criteria": {
      "has_planks": "2024-10-31 02:41:41 +0000"
    },
    "done": true
  },
  "extradelight:recipes/extradelight.items/offset_spatula_wood": {
    "criteria": {
      "Recipes": "2024-10-31 02:41:41 +0000"
    },
    "done": true
  },
  "regions_unexplored:recipes/ru_main/brown_painted_planks": {
    "criteria": {
      "has_planks": "2024-10-31 02:41:41 +0000"
    },
    "done": true
  },
  "minecraft:story/root": {
    "criteria": {
      "crafting_table": "2024-10-31 02:41:48 +0000"
    },
    "done": true
  },
  "regions_unexplored:pioneer": {
    "criteria": {
      "rocky_meadow": "2024-10-31 02:38:48 +0000",
      "highland_fields": "2024-10-31 02:45:47 +0000",
      "maple_forest": "2024-10-31 02:46:11 +0000",
      "magnolia_highlands": "2024-10-31 02:41:29 +0000"
    },
    "done": false
  },
  "minecraft:recipes/combat/crossbow": {
    "criteria": {
      "has_string": "2024-10-31 02:37:09 +0000"
    },
    "done": true
  },
  "minecraft:recipes/food/cooked_porkchop_from_smoking": {
    "criteria": {
      "has_porkchop": "2024-10-31 02:41:34 +0000"
    },
    "done": true
  },
  "minecraft:recipes/decorations/mossy_cobblestone_wall": {
    "criteria": {
      "has_mossy_cobblestone": "2024-10-31 02:47:01 +0000"
    },
    "done": true
  },
  "farmersdelight:recipes/farmersdelight/cooking/noodle_soup": {
    "criteria": {
      "has_any_ingredient": "2024-10-31 02:41:34 +0000"
    },
    "done": true
  },
  "regions_unexplored:recipes/ru_main/dead_boat": {
    "criteria": {
      "in_water": "2024-10-31 02:37:09 +0000"
    },
    "done": true
  },
  "idas:idas_root": {
    "criteria": {
      "always": "2024-10-31 02:35:46 +0000"
    },
    "done": true
  },
  "minecraft:recipes/combat/bow": {
    "criteria": {
      "has_string": "2024-10-31 02:37:08 +0000"
    },
    "done": true
  },
  "minecraft:recipes/decorations/mossy_cobblestone_wall_from_mossy_cobblestone_stonecutting": {
    "criteria": {
      "has_mossy_cobblestone": "2024-10-31 02:47:01 +0000"
    },
    "done": true
  },
  "betterdungeons:root": {
    "criteria": {
      "always": "2024-10-31 02:35:46 +0000"
    },
    "done": true
  },
  "everycomp:recipes/handcrafted.main/hc/regions_unexplored/magnolia_counter": {
    "criteria": {
      "has_planks": "2024-10-31 02:41:41 +0000"
    },
    "done": true
  },
  "create:recipes/create.base/crafting/appliances/crafting_blueprint": {
    "criteria": {
      "has_item": "2024-10-31 02:41:48 +0000"
    },
    "done": true
  },
  "minecraft:adventure/kill_a_mob": {
    "criteria": {
      "minecraft:spider": "2024-10-31 02:37:07 +0000"
    },
    "done": true
  },
  "regions_unexplored:recipes/ru_main/cyan_painted_planks": {
    "criteria": {
      "has_planks": "2024-10-31 02:41:41 +0000"
    },
    "done": true
  },
  "takesapillage:root": {
    "criteria": {
      "always": "2024-10-31 02:35:46 +0000"
    },
    "done": true
  },
  "regions_unexplored:recipes/ru_main/magnolia_wood": {
    "criteria": {
      "has_log": "2024-10-31 02:41:39 +0000"
    },
    "done": true
  },
  "everycomp:recipes/everycomp/ddr/regions_unexplored/magnolia_counter": {
    "criteria": {
      "has_planks": "2024-10-31 02:41:41 +0000"
    },
    "done": true
  },
  "create_connected:root": {
    "criteria": {
      "0": "2024-10-31 02:35:48 +0000"
    },
    "done": true
  },
  "farmersdelight:recipes/farmersdelight/flint_knife": {
    "criteria": {
      "has_stick": "2024-10-31 02:42:10 +0000"
    },
    "done": true
  },
  "regions_unexplored:recipes/misc/magenta_dye_from_fireweed": {
    "criteria": {
      "has_fireweed": "2024-10-31 02:45:27 +0000"
    },
    "done": true
  },
  "toms_storage:unlock_glowstone": {
    "criteria": {
      "inv_changed-glowstone": "2024-10-31 02:35:48 +0000"
    },
    "done": true
  },
  "regions_unexplored:parent": {
    "criteria": {
      "load_in_world": "2024-10-31 02:35:49 +0000"
    },
    "done": true
  },
  "regions_unexplored:recipes/ru_main/eucalyptus_boat": {
    "criteria": {
      "in_water": "2024-10-31 02:37:09 +0000"
    },
    "done": true
  },
  "minecraft:story/mine_stone": {
    "criteria": {
      "get_stone": "2024-10-31 02:46:46 +0000"
    },
    "done": true
  },
  "regions_unexplored:recipes/ru_main/green_painted_planks": {
    "criteria": {
      "has_planks": "2024-10-31 02:41:41 +0000"
    },
    "done": true
  },
  "minecraft:recipes/building_blocks/stone": {
    "criteria": {
      "has_cobblestone": "2024-10-31 02:46:46 +0000"
    },
    "done": true
  },
  "everycomp:recipes/everycomp/hc/regions_unexplored/magnolia_pillar_trim": {
    "criteria": {
      "has_planks": "2024-10-31 02:41:41 +0000"
    },
    "done": true
  },
  "minecraft:recipes/decorations/furnace": {
    "criteria": {
      "has_cobblestone": "2024-10-31 02:46:46 +0000"
    },
    "done": true
  },
  "minecraft:recipes/misc/yellow_dye_from_sunflower": {
    "criteria": {
      "has_sunflower": "2024-10-31 02:37:50 +0000"
    },
    "done": true
  },
  "regions_unexplored:recipes/ru_main/magnolia_planks": {
    "criteria": {
      "has_logs": "2024-10-31 02:41:39 +0000"
    },
    "done": true
  },
  "minecraft:adventure/adventuring_time": {
    "criteria": {
      "minecraft:sunflower_plains": "2024-10-31 02:37:29 +0000",
      "minecraft:stony_shore": "2024-10-31 02:38:47 +0000",
      "minecraft:plains": "2024-10-31 02:35:49 +0000"
    },
    "done": false
  },
  "minecraft:recipes/misc/charcoal": {
    "criteria": {
      "has_log": "2024-10-31 02:41:39 +0000"
    },
    "done": true
  },
  "everycomp:recipes/everycomp/ddr/regions_unexplored/magnolia_mosaic": {
    "criteria": {
      "has_planks": "2024-10-31 02:41:41 +0000"
    },
    "done": true
  },
  "minecraft:recipes/tools/wooden_pickaxe": {
    "criteria": {
      "has_stick": "2024-10-31 02:42:10 +0000"
    },
    "done": true
  },
  "everycomp:recipes/everycomp/hc/regions_unexplored/magnolia_dining_bench": {
    "criteria": {
      "has_planks": "2024-10-31 02:41:41 +0000"
    },
    "done": true
  },
  "extradelight:recipes/extradelight.items/omelette_mix_meat": {
    "criteria": {
      "Recipes": "2024-10-31 02:41:34 +0000"
    },
    "done": true
  },
  "minecraft:recipes/building_blocks/cobblestone_slab_from_cobblestone_stonecutting": {
    "criteria": {
      "has_cobblestone": "2024-10-31 02:46:46 +0000"
    },
    "done": true
  },
  "vintageimprovements:root": {
    "criteria": {
      "0": "2024-10-31 02:35:48 +0000"
    },
    "done": true
  },
  "minecraft:recipes/transportation/birch_boat": {
    "criteria": {
      "in_water": "2024-10-31 02:37:09 +0000"
    },
    "done": true
  },
  "design_decor:recipes/design_decor/wood_support_from_planks_stonecutting": {
    "criteria": {
      "has_planks": "2024-10-31 02:41:41 +0000"
    },
    "done": true
  },
  "minecraft:recipes/combat/stone_sword": {
    "criteria": {
      "has_cobblestone": "2024-10-31 02:46:46 +0000"
    },
    "done": true
  },
  "regions_unexplored:recipes/ru_main/black_painted_planks": {
    "criteria": {
      "has_planks": "2024-10-31 02:41:41 +0000"
    },
    "done": true
  },
  "minecraft:recipes/decorations/cobblestone_wall": {
    "criteria": {
      "has_cobblestone": "2024-10-31 02:46:46 +0000"
    },
    "done": true
  },
  "toms_storage:unlock_dia_pearl": {
    "criteria": {
      "inv_changed-ender_pearl": "2024-10-31 02:35:48 +0000",
      "inv_changed-diamond": "2024-10-31 02:35:48 +0000"
    },
    "done": true
  },
  "minecraft:recipes/decorations/barrel": {
    "criteria": {
      "has_planks": "2024-10-31 02:41:41 +0000"
    },
    "done": true
  },
  "minecraft:recipes/transportation/acacia_boat": {
    "criteria": {
      "in_water": "2024-10-31 02:37:09 +0000"
    },
    "done": true
  },
  "minecraft:recipes/tools/stone_pickaxe": {
    "criteria": {
      "has_cobblestone": "2024-10-31 02:46:46 +0000"
    },
    "done": true
  },
  "extradelight:recipes/extradelight.aesthetic/warped_step_stool": {
    "criteria": {
      "warped_step_stool": "2024-10-31 02:42:10 +0000"
    },
    "done": true
  },
  "everycomp:recipes/everycomp/hc/regions_unexplored/magnolia_desk": {
    "criteria": {
      "has_planks": "2024-10-31 02:41:41 +0000"
    },
    "done": true
  },
  "regions_unexplored:recipes/ru_main/socotra_boat": {
    "criteria": {
      "in_water": "2024-10-31 02:37:09 +0000"
    },
    "done": true
  },
  "farmersdelight:recipes/farmersdelight/cutting_board": {
    "criteria": {
      "has_stick": "2024-10-31 02:42:10 +0000"
    },
    "done": true
  },
  "regions_unexplored:recipes/ru_main/blue_painted_planks": {
    "criteria": {
      "has_planks": "2024-10-31 02:41:41 +0000"
    },
    "done": true
  },
  "minecraft:adventure/root": {
    "criteria": {
      "killed_something": "2024-10-31 02:37:08 +0000"
    },
    "done": true
  },
  "minecraft:recipes/transportation/jungle_boat": {
    "criteria": {
      "in_water": "2024-10-31 02:37:09 +0000"
    },
    "done": true
  },
  "minecraft:recipes/decorations/cobblestone_wall_from_cobblestone_stonecutting": {
    "criteria": {
      "has_cobblestone": "2024-10-31 02:46:46 +0000"
    },
    "done": true
  },
  "everycomp:recipes/everycomp/db/regions_unexplored/magnolia_palisade": {
    "criteria": {
      "has_planks": "2024-10-31 02:41:41 +0000"
    },
    "done": true
  },
  "extradelight:recipes/extradelight.aesthetic/mangrove_step_stool": {
    "criteria": {
      "mangrove_step_stool": "2024-10-31 02:42:10 +0000"
    },
    "done": true
  },
  "farmersdelight:main/root": {
    "criteria": {
      "seeds": "2024-10-31 02:35:48 +0000"
    },
    "done": true
  },
  "shieldexp:recipes/wooden_shield": {
    "criteria": {
      "has_stick": "2024-10-31 02:42:10 +0000"
    },
    "done": true
  },
  "minecraft:recipes/building_blocks/white_wool_from_string": {
    "criteria": {
      "has_string": "2024-10-31 02:37:08 +0000"
    },
    "done": true
  },
  "minecraft:recipes/tools/stone_hoe": {
    "criteria": {
      "has_cobblestone": "2024-10-31 02:46:46 +0000"
    },
    "done": true
  },
  "minecraft:recipes/transportation/dark_oak_boat": {
    "criteria": {
      "in_water": "2024-10-31 02:37:09 +0000"
    },
    "done": true
  },
  "extradelight:recipes/extradelight.aesthetic/dark_oak_step_stool": {
    "criteria": {
      "dark_oak_step_stool": "2024-10-31 02:42:10 +0000"
    },
    "done": true
  },
  "regions_unexplored:recipes/ru_main/yellow_painted_planks": {
    "criteria": {
      "has_planks": "2024-10-31 02:41:41 +0000"
    },
    "done": true
  },
  "extradelight:recipes/extradelight.aesthetic/cinnamon_step_stool": {
    "criteria": {
      "cinnamon_step_stool": "2024-10-31 02:42:10 +0000"
    },
    "done": true
  },
  "farmersdelight:recipes/farmersdelight/cooking/pumpkin_soup": {
    "criteria": {
      "has_any_ingredient": "2024-10-31 02:41:34 +0000"
    },
    "done": true
  },
  "minecraft:adventure/kill_all_mobs": {
    "criteria": {
      "minecraft:spider": "2024-10-31 02:37:07 +0000"
    },
    "done": false
  },
  "regions_unexplored:recipes/ru_main/lime_painted_planks": {
    "criteria": {
      "has_planks": "2024-10-31 02:41:41 +0000"
    },
    "done": true
  },
  "everycomp:recipes/everycomp/hc/regions_unexplored/magnolia_couch": {
    "criteria": {
      "has_planks": "2024-10-31 02:41:41 +0000"
    },
    "done": true
  },
  "regions_unexplored:recipes/ru_main/pine_boat": {
    "criteria": {
      "in_water": "2024-10-31 02:37:09 +0000"
    },
    "done": true
  },
  "extradelight:recipes/extradelight.items/omelette_mix_meat_cheese": {
    "criteria": {
      "Recipes": "2024-10-31 02:41:34 +0000"
    },
    "done": true
  },
  "everycomp:recipes/everycomp/db/regions_unexplored/magnolia_seat": {
    "criteria": {
      "has_planks": "2024-10-31 02:41:41 +0000"
    },
    "done": true
  },
  "everycomp:recipes/everycomp/c/regions_unexplored/magnolia_window": {
    "criteria": {
      "has_planks": "2024-10-31 02:41:41 +0000"
    },
    "done": true
  },
  "regions_unexplored:recipes/misc/light_gray_dye_from_daisy": {
    "criteria": {
      "has_daisy": "2024-10-31 02:45:25 +0000"
    },
    "done": true
  },
  "everycomp:recipes/everycomp/db/regions_unexplored/magnolia_support": {
    "criteria": {
      "has_planks": "2024-10-31 02:41:41 +0000"
    },
    "done": true
  },
  "regions_unexplored:recipes/ru_main/cypress_boat": {
    "criteria": {
      "in_water": "2024-10-31 02:37:09 +0000"
    },
    "done": true
  },
  "goodending:recipes/muddy_oak_boat": {
    "criteria": {
      "in_water": "2024-10-31 02:37:09 +0000"
    },
    "done": true
  },
  "regions_unexplored:recipes/ru_main/light_gray_painted_planks": {
    "criteria": {
      "has_planks": "2024-10-31 02:41:41 +0000"
    },
    "done": true
  },
  "regions_unexplored:recipes/ru_main/magnolia_sign": {
    "criteria": {
      "has_magnolia_planks": "2024-10-31 02:41:41 +0000"
    },
    "done": true
  },
  "regions_unexplored:recipes/ru_main/magnolia_fence": {
    "criteria": {
      "has_magnolia_planks": "2024-10-31 02:41:41 +0000"
    },
    "done": true
  },
  "toms_storage:unlock_chest": {
    "criteria": {
      "inv_changed-chest": "2024-10-31 02:35:48 +0000"
    },
    "done": true
  },
  "regions_unexplored:recipes/misc/purple_dye_from_hyssop": {
    "criteria": {
      "has_hyssop": "2024-10-31 02:41:26 +0000"
    },
    "done": true
  },
  "create:root": {
    "criteria": {
      "0": "2024-10-31 02:35:48 +0000"
    },
    "done": true
  },
  "betterdeserttemples:root": {
    "criteria": {
      "always": "2024-10-31 02:35:46 +0000"
    },
    "done": true
  },
  "everycomp:recipes/everycomp/ddr/regions_unexplored/magnolia_stool": {
    "criteria": {
      "has_planks": "2024-10-31 02:41:41 +0000"
    },
    "done": true
  },
  "regions_unexplored:recipes/ru_main/magenta_painted_planks": {
    "criteria": {
      "has_planks": "2024-10-31 02:41:41 +0000"
    },
    "done": true
  },
  "extradelight:recipes/misc/sunflower_yellow": {
    "criteria": {
      "Recipes": "2024-10-31 02:37:50 +0000"
    },
    "done": true
  },
  "regions_unexplored:recipes/ru_main/mauve_boat": {
    "criteria": {
      "in_water": "2024-10-31 02:37:09 +0000"
    },
    "done": true
  },
  "regions_unexplored:recipes/ru_main/pink_painted_planks": {
    "criteria": {
      "has_planks": "2024-10-31 02:41:41 +0000"
    },
    "done": true
  },
  "minecraft:recipes/decorations/soul_campfire": {
    "criteria": {
      "has_stick": "2024-10-31 02:42:10 +0000"
    },
    "done": true
  },
  "minecraft:recipes/transportation/oak_boat": {
    "criteria": {
      "in_water": "2024-10-31 02:37:09 +0000"
    },
    "done": true
  },
  "regions_unexplored:recipes/ru_main/mossy_stone_from_smelting_mossy_cobblestone": {
    "criteria": {
      "has_mossy_cobblestone": "2024-10-31 02:47:01 +0000"
    },
    "done": true
  },
  "minecraft:recipes/tools/stone_axe": {
    "criteria": {
      "has_cobblestone": "2024-10-31 02:46:46 +0000"
    },
    "done": true
  },
  "minecraft:recipes/building_blocks/mossy_cobblestone_stairs": {
    "criteria": {
      "has_mossy_cobblestone": "2024-10-31 02:47:01 +0000"
    },
    "done": true
  },
  "extradelight:recipes/extradelight.aesthetic/birch_step_stool": {
    "criteria": {
      "birch_step_stool": "2024-10-31 02:42:10 +0000"
    },
    "done": true
  },
  "regions_unexplored:recipes/ru_main/magnolia_door": {
    "criteria": {
      "has_magnolia_planks": "2024-10-31 02:41:41 +0000"
    },
    "done": true
  },
  "minecraft:recipes/food/cooked_porkchop": {
    "criteria": {
      "has_porkchop": "2024-10-31 02:41:34 +0000"
    },
    "done": true
  },
  "regions_unexplored:recipes/ru_main/mossy_stone_from_blasting_mossy_cobblestone": {
    "criteria": {
      "has_mossy_cobblestone": "2024-10-31 02:47:01 +0000"
    },
    "done": true
  },
  "regions_unexplored:recipes/ru_main/gray_painted_planks": {
    "criteria": {
      "has_planks": "2024-10-31 02:41:41 +0000"
    },
    "done": true
  },
  "decoration_delight:the_search_begins_advancement": {
    "criteria": {
      "the_search_begins_advancement": "2024-10-31 02:35:46 +0000"
    },
    "done": true
  },
  "everycomp:recipes/everycomp/ddr/regions_unexplored/magnolia_counter_bend": {
    "criteria": {
      "has_planks": "2024-10-31 02:41:41 +0000"
    },
    "done": true
  },
  "DataVersion": 3120
}