{
  "minecraft:recipes/tools/fishing_rod": {
    "criteria": {
      "has_string": "2024-10-31 02:37:09 +0000"
    },
    "done": true
  },
  "minecraft:recipes/decorations/smoker": {
    "criteria": {
      "has_furnace": "2024-10-31 02:49:24 +0000"
    },
    "done": true
  },
  "minecraft:recipes/food/cooked_mutton_from_campfire_cooking": {
    "criteria": {
      "has_mutton": "2024-10-31 03:06:31 +0000"
    },
    "done": true
  },
  "everycomp:recipes/everycomp/ddr/regions_unexplored/magnolia_countertop": {
    "criteria": {
      "has_planks": "2024-10-31 02:41:41 +0000"
    },
    "done": true
  },
  "extradelight:recipes/extradelight.items/wooden_spoon": {
    "criteria": {
      "Recipes": "2024-10-31 02:41:41 +0000"
    },
    "done": true
  },
  "minecraft:recipes/redstone/lever": {
    "criteria": {
      "has_cobblestone": "2024-10-31 02:46:46 +0000"
    },
    "done": true
  },
  "everycomp:recipes/everycomp/ddr/regions_unexplored/maple_stool": {
    "criteria": {
      "has_planks": "2024-10-31 02:50:33 +0000"
    },
    "done": true
  },
  "farmersdelight:recipes/farmersdelight/organic_compost_from_rotten_flesh": {
    "criteria": {
      "has_rotten_flesh": "2024-10-31 02:53:52 +0000"
    },
    "done": true
  },
  "minecraft:recipes/combat/iron_sword": {
    "criteria": {
      "has_iron_ingot": "2024-10-31 02:51:24 +0000"
    },
    "done": true
  },
  "extradelight:recipes/extradelight.aesthetic/crimson_step_stool": {
    "criteria": {
      "crimson_step_stool": "2024-10-31 02:42:10 +0000"
    },
    "done": true
  },
  "everycomp:recipes/everycomp/ddr/regions_unexplored/maple_mosaic": {
    "criteria": {
      "has_planks": "2024-10-31 02:50:33 +0000"
    },
    "done": true
  },
  "design_decor:recipes/design_decor/metal_plate_slab_from_ingots_iron_stonecutting": {
    "criteria": {
      "has_ingots_iron": "2024-10-31 02:51:24 +0000"
    },
    "done": true
  },
  "minecraft:recipes/tools/iron_pickaxe": {
    "criteria": {
      "has_iron_ingot": "2024-10-31 02:51:24 +0000"
    },
    "done": true
  },
  "minecraft:recipes/combat/leather_helmet": {
    "criteria": {
      "has_leather": "2024-10-31 03:19:46 +0000"
    },
    "done": true
  },
  "regions_unexplored:recipes/ru_main/joshua_boat": {
    "criteria": {
      "in_water": "2024-10-31 02:37:09 +0000"
    },
    "done": true
  },
  "minecraft:recipes/decorations/crafting_table": {
    "criteria": {
      "has_planks": "2024-10-31 02:41:41 +0000"
    },
    "done": true
  },
  "minecraft:recipes/building_blocks/magenta_wool": {
    "criteria": {
      "has_white_wool": "2024-10-31 03:06:31 +0000"
    },
    "done": true
  },
  "create:recipes/create.palettes/crafting/kinetics/light_gray_seat": {
    "criteria": {
      "has_wool": "2024-10-31 03:06:31 +0000"
    },
    "done": true
  },
  "minecraft:recipes/decorations/ladder": {
    "criteria": {
      "has_stick": "2024-10-31 02:42:10 +0000"
    },
    "done": true
  },
  "minecraft:recipes/decorations/chest": {
    "criteria": {
      "has_lots_of_items": "2024-10-31 02:41:54 +0000"
    },
    "done": true
  },
  "minecraft:recipes/transportation/mangrove_boat": {
    "criteria": {
      "in_water": "2024-10-31 02:37:09 +0000"
    },
    "done": true
  },
  "extradelight:recipes/extradelight.aesthetic/spruce_step_stool": {
    "criteria": {
      "spruce_step_stool": "2024-10-31 02:42:10 +0000"
    },
    "done": true
  },
  "minecraft:recipes/tools/wooden_shovel": {
    "criteria": {
      "has_stick": "2024-10-31 02:42:10 +0000"
    },
    "done": true
  },
  "extradelight:recipes/extradelight.aesthetic/ribbon_bow_gray": {
    "criteria": {
      "gray_bow": "2024-10-31 03:06:31 +0000"
    },
    "done": true
  },
  "minecraft:recipes/decorations/torch": {
    "criteria": {
      "has_stone_pickaxe": "2024-10-31 02:48:20 +0000"
    },
    "done": true
  },
  "create:recipes/create.palettes/industrial_iron_block_from_ingots_iron_stonecutting": {
    "criteria": {
      "has_ingots_iron": "2024-10-31 02:51:24 +0000"
    },
    "done": true
  },
  "minecraft:recipes/tools/shears": {
    "criteria": {
      "has_iron_ingot": "2024-10-31 02:51:24 +0000"
    },
    "done": true
  },
  "minecraft:recipes/misc/stick": {
    "criteria": {
      "has_planks": "2024-10-31 02:41:41 +0000"
    },
    "done": true
  },
  "minecraft:recipes/building_blocks/mossy_cobblestone_slab_from_mossy_cobblestone_stonecutting": {
    "criteria": {
      "has_mossy_cobblestone": "2024-10-31 02:47:01 +0000"
    },
    "done": true
  },
  "create:recipes/create.palettes/crafting/kinetics/yellow_seat": {
    "criteria": {
      "has_wool": "2024-10-31 03:06:31 +0000"
    },
    "done": true
  },
  "extradelight:recipes/extradelight.aesthetic/ribbon_bow_light_blue": {
    "criteria": {
      "light_blue_bow": "2024-10-31 03:06:31 +0000"
    },
    "done": true
  },
  "minecraft:recipes/food/cake": {
    "criteria": {
      "has_egg": "2024-10-31 02:59:34 +0000"
    },
    "done": true
  },
  "regions_unexplored:recipes/ru_main/blackwood_boat": {
    "criteria": {
      "in_water": "2024-10-31 02:37:09 +0000"
    },
    "done": true
  },
  "extradelight:recipes/extradelight.items/mixing_bowl": {
    "criteria": {
      "Recipes": "2024-10-31 02:41:41 +0000"
    },
    "done": true
  },
  "minecraft:recipes/combat/iron_leggings": {
    "criteria": {
      "has_iron_ingot": "2024-10-31 02:51:24 +0000"
    },
    "done": true
  },
  "regions_unexplored:recipes/ru_main/maple_fence": {
    "criteria": {
      "has_maple_planks": "2024-10-31 02:50:33 +0000"
    },
    "done": true
  },
  "regions_unexplored:recipes/ru_main/baobab_boat": {
    "criteria": {
      "in_water": "2024-10-31 02:37:09 +0000"
    },
    "done": true
  },
  "minecraft:recipes/combat/shield": {
    "criteria": {
      "has_iron_ingot": "2024-10-31 02:51:24 +0000"
    },
    "done": true
  },
  "regions_unexplored:recipes/ru_main/larch_boat": {
    "criteria": {
      "in_water": "2024-10-31 02:37:09 +0000"
    },
    "done": true
  },
  "minecraft:recipes/building_blocks/cobblestone_slab": {
    "criteria": {
      "has_cobblestone": "2024-10-31 02:46:46 +0000"
    },
    "done": true
  },
  "decorative_blocks:recipes/decorative_blocks.general/lattice": {
    "criteria": {
      "has_stick": "2024-10-31 02:42:10 +0000"
    },
    "done": true
  },
  "extradelight:recipes/extradelight.aesthetic/ribbon_bow_brown": {
    "criteria": {
      "brown_bow": "2024-10-31 03:06:31 +0000"
    },
    "done": true
  },
  "design_decor:recipes/design_decor/diagonal_metal_support_from_ingots_iron_stonecutting": {
    "criteria": {
      "has_ingots_iron": "2024-10-31 02:51:24 +0000"
    },
    "done": true
  },
  "minecraft:recipes/decorations/gray_bed": {
    "criteria": {
      "has_gray_wool": "2024-10-31 03:09:51 +0000"
    },
    "done": true
  },
  "minecraft:recipes/redstone/hopper": {
    "criteria": {
      "has_iron_ingot": "2024-10-31 02:51:24 +0000"
    },
    "done": true
  },
  "create:recipes/create.palettes/crafting/kinetics/lime_seat": {
    "criteria": {
      "has_wool": "2024-10-31 03:06:31 +0000"
    },
    "done": true
  },
  "minecraft:recipes/building_blocks/mossy_cobblestone_stairs_from_mossy_cobblestone_stonecutting": {
    "criteria": {
      "has_mossy_cobblestone": "2024-10-31 02:47:01 +0000"
    },
    "done": true
  },
  "regions_unexplored:recipes/ru_main/light_blue_painted_planks": {
    "criteria": {
      "has_planks": "2024-10-31 02:41:41 +0000"
    },
    "done": true
  },
  "farmersdelight:recipes/farmersdelight/cooking/beef_stew": {
    "criteria": {
      "has_any_ingredient": "2024-10-31 02:58:41 +0000"
    },
    "done": true
  },
  "extradelight:recipes/extradelight.items/offset_spatula_wood": {
    "criteria": {
      "Recipes": "2024-10-31 02:41:41 +0000"
    },
    "done": true
  },
  "regions_unexplored:recipes/ru_main/maple_stairs": {
    "criteria": {
      "has_maple_planks": "2024-10-31 02:50:33 +0000"
    },
    "done": true
  },
  "everycomp:recipes/everycomp/db/regions_unexplored/maple_seat": {
    "criteria": {
      "has_planks": "2024-10-31 02:50:33 +0000"
    },
    "done": true
  },
  "farmersrespite:recipes/farmersrespite/brewing/apple_cider": {
    "criteria": {
      "has_apple": "2024-10-31 02:58:38 +0000"
    },
    "done": true
  },
  "regions_unexplored:pioneer": {
    "criteria": {
      "silver_birch_forest": "2024-10-31 03:20:44 +0000",
      "rocky_meadow": "2024-10-31 02:38:48 +0000",
      "highland_fields": "2024-10-31 02:45:47 +0000",
      "maple_forest": "2024-10-31 02:46:11 +0000",
      "magnolia_highlands": "2024-10-31 02:41:29 +0000",
      "boreal_forest": "2024-10-31 03:35:06 +0000",
      "pine_slopes": "2024-10-31 02:47:24 +0000"
    },
    "done": false
  },
  "minecraft:recipes/combat/leather_leggings": {
    "criteria": {
      "has_leather": "2024-10-31 03:19:46 +0000"
    },
    "done": true
  },
  "idas:idas_root": {
    "criteria": {
      "always": "2024-10-31 02:35:46 +0000"
    },
    "done": true
  },
  "everycomp:recipes/everycomp/ddr/regions_unexplored/maple_countertop": {
    "criteria": {
      "has_planks": "2024-10-31 02:50:33 +0000"
    },
    "done": true
  },
  "design_decor:recipes/design_decor/metal_plate_from_ingots_iron_stonecutting": {
    "criteria": {
      "has_ingots_iron": "2024-10-31 02:51:24 +0000"
    },
    "done": true
  },
  "extradelight:recipes/extradelight.items/oven": {
    "criteria": {
      "Recipes": "2024-10-31 02:49:24 +0000"
    },
    "done": true
  },
  "minecraft:recipes/decorations/iron_bars": {
    "criteria": {
      "has_iron_ingot": "2024-10-31 02:51:24 +0000"
    },
    "done": true
  },
  "takesapillage:root": {
    "criteria": {
      "always": "2024-10-31 02:35:46 +0000"
    },
    "done": true
  },
  "minecraft:recipes/building_blocks/blue_wool": {
    "criteria": {
      "has_white_wool": "2024-10-31 03:06:31 +0000"
    },
    "done": true
  },
  "minecraft:story/obtain_armor": {
    "criteria": {
      "iron_chestplate": "2024-10-31 03:13:19 +0000"
    },
    "done": true
  },
  "everycomp:recipes/everycomp/ddr/regions_unexplored/maple_counter_1": {
    "criteria": {
      "has_planks": "2024-10-31 02:50:33 +0000"
    },
    "done": true
  },
  "minecraft:recipes/misc/yellow_dye_from_sunflower": {
    "criteria": {
      "has_sunflower": "2024-10-31 02:37:50 +0000"
    },
    "done": true
  },
  "regions_unexplored:recipes/ru_main/maple_wood": {
    "criteria": {
      "has_log": "2024-10-31 02:49:34 +0000"
    },
    "done": true
  },
  "extradelight:recipes/extradelight.items/omelette_mix_veg_cheese": {
    "criteria": {
      "Recipes": "2024-10-31 02:58:41 +0000"
    },
    "done": true
  },
  "minecraft:adventure/sleep_in_bed": {
    "criteria": {
      "slept_in_bed": "2024-10-31 03:12:12 +0000"
    },
    "done": true
  },
  "createbigcannons:recipes/createbigcannons/bag_of_grapeshot": {
    "criteria": {
      "has_iron_ingot": "2024-10-31 02:51:24 +0000"
    },
    "done": true
  },
  "everycomp:recipes/everycomp/hc/regions_unexplored/maple_fancy_bed": {
    "criteria": {
      "has_planks": "2024-10-31 02:50:33 +0000"
    },
    "done": true
  },
  "minecraft:recipes/building_blocks/cobblestone_slab_from_cobblestone_stonecutting": {
    "criteria": {
      "has_cobblestone": "2024-10-31 02:46:46 +0000"
    },
    "done": true
  },
  "create:recipes/create.palettes/crafting/kinetics/red_seat": {
    "criteria": {
      "has_wool": "2024-10-31 03:06:31 +0000"
    },
    "done": true
  },
  "shieldexp:recipes/iron_shield": {
    "criteria": {
      "has_iron_ingot": "2024-10-31 02:51:24 +0000"
    },
    "done": true
  },
  "regions_unexplored:recipes/ru_main/black_painted_planks": {
    "criteria": {
      "has_planks": "2024-10-31 02:41:41 +0000"
    },
    "done": true
  },
  "minecraft:recipes/transportation/acacia_boat": {
    "criteria": {
      "in_water": "2024-10-31 02:37:09 +0000"
    },
    "done": true
  },
  "extradelight:recipes/extradelight.aesthetic/warped_step_stool": {
    "criteria": {
      "warped_step_stool": "2024-10-31 02:42:10 +0000"
    },
    "done": true
  },
  "minecraft:recipes/redstone/iron_trapdoor": {
    "criteria": {
      "has_iron_ingot": "2024-10-31 02:51:24 +0000"
    },
    "done": true
  },
  "createbigcannons:recipes/createbigcannons/solid_shot": {
    "criteria": {
      "has_iron_ingot": "2024-10-31 02:51:24 +0000"
    },
    "done": true
  },
  "farmersdelight:recipes/farmersdelight/cutting_board": {
    "criteria": {
      "has_stick": "2024-10-31 02:42:10 +0000"
    },
    "done": true
  },
  "minecraft:adventure/root": {
    "criteria": {
      "killed_something": "2024-10-31 02:37:08 +0000"
    },
    "done": true
  },
  "everycomp:recipes/everycomp/db/regions_unexplored/magnolia_palisade": {
    "criteria": {
      "has_planks": "2024-10-31 02:41:41 +0000"
    },
    "done": true
  },
  "everycomp:recipes/handcrafted.main/hc/regions_unexplored/maple_counter": {
    "criteria": {
      "has_planks": "2024-10-31 02:50:33 +0000"
    },
    "done": true
  },
  "shieldexp:recipes/wooden_shield": {
    "criteria": {
      "has_stick": "2024-10-31 02:42:10 +0000"
    },
    "done": true
  },
  "minecraft:recipes/building_blocks/white_wool_from_string": {
    "criteria": {
      "has_string": "2024-10-31 02:37:08 +0000"
    },
    "done": true
  },
  "minecraft:adventure/kill_all_mobs": {
    "criteria": {
      "minecraft:skeleton": "2024-10-31 02:55:00 +0000",
      "minecraft:spider": "2024-10-31 02:37:07 +0000",
      "minecraft:zombie": "2024-10-31 02:53:51 +0000"
    },
    "done": false
  },
  "everycomp:recipes/everycomp/hc/regions_unexplored/magnolia_couch": {
    "criteria": {
      "has_planks": "2024-10-31 02:41:41 +0000"
    },
    "done": true
  },
  "farmersdelight:recipes/farmersdelight/cooking_pot": {
    "criteria": {
      "has_iron_ingot": "2024-10-31 02:51:24 +0000"
    },
    "done": true
  },
  "everycomp:recipes/everycomp/ddr/regions_unexplored/maple_counter_bend": {
    "criteria": {
      "has_planks": "2024-10-31 02:50:33 +0000"
    },
    "done": true
  },
  "minecraft:recipes/food/cooked_beef_from_smoking": {
    "criteria": {
      "has_beef": "2024-10-31 03:19:46 +0000"
    },
    "done": true
  },
  "everycomp:recipes/everycomp/db/regions_unexplored/magnolia_seat": {
    "criteria": {
      "has_planks": "2024-10-31 02:41:41 +0000"
    },
    "done": true
  },
  "minecraft:recipes/misc/iron_nugget_from_smelting": {
    "criteria": {
      "has_iron_pickaxe": "2024-10-31 02:51:30 +0000"
    },
    "done": true
  },
  "minecraft:recipes/food/cooked_mutton_from_smoking": {
    "criteria": {
      "has_mutton": "2024-10-31 03:06:31 +0000"
    },
    "done": true
  },
  "regions_unexplored:recipes/ru_main/cypress_boat": {
    "criteria": {
      "in_water": "2024-10-31 02:37:09 +0000"
    },
    "done": true
  },
  "regions_unexplored:recipes/ru_main/light_gray_painted_planks": {
    "criteria": {
      "has_planks": "2024-10-31 02:41:41 +0000"
    },
    "done": true
  },
  "everycomp:recipes/everycomp/ddr/regions_unexplored/magnolia_stool": {
    "criteria": {
      "has_planks": "2024-10-31 02:41:41 +0000"
    },
    "done": true
  },
  "minecraft:recipes/decorations/chain": {
    "criteria": {
      "has_iron_ingot": "2024-10-31 02:51:24 +0000"
    },
    "done": true
  },
  "regions_unexplored:recipes/ru_main/maple_branch_from_maple_log": {
    "criteria": {
      "has_log": "2024-10-31 02:49:34 +0000"
    },
    "done": true
  },
  "regions_unexplored:recipes/ru_main/mauve_boat": {
    "criteria": {
      "in_water": "2024-10-31 02:37:09 +0000"
    },
    "done": true
  },
  "farmersdelight:recipes/farmersdelight/fried_egg_from_smoking": {
    "criteria": {
      "fried_egg": "2024-10-31 02:59:34 +0000"
    },
    "done": true
  },
  "regions_unexplored:recipes/ru_main/pink_painted_planks": {
    "criteria": {
      "has_planks": "2024-10-31 02:41:41 +0000"
    },
    "done": true
  },
  "farmersdelight:recipes/farmersdelight/cooking/apple_cider": {
    "criteria": {
      "has_apple": "2024-10-31 02:58:38 +0000"
    },
    "done": true
  },
  "design_decor:recipes/design_decor/metal_sheet_wall_from_ingots_iron_stonecutting": {
    "criteria": {
      "has_ingots_iron": "2024-10-31 02:51:24 +0000"
    },
    "done": true
  },
  "regions_unexplored:recipes/ru_main/magnolia_door": {
    "criteria": {
      "has_magnolia_planks": "2024-10-31 02:41:41 +0000"
    },
    "done": true
  },
  "minecraft:recipes/food/cooked_porkchop": {
    "criteria": {
      "has_porkchop": "2024-10-31 02:41:34 +0000"
    },
    "done": true
  },
  "minecraft:recipes/food/baked_potato_from_campfire_cooking": {
    "criteria": {
      "has_potato": "2024-10-31 02:58:41 +0000"
    },
    "done": true
  },
  "regions_unexplored:recipes/ru_main/mossy_stone_from_blasting_mossy_cobblestone": {
    "criteria": {
      "has_mossy_cobblestone": "2024-10-31 02:47:01 +0000"
    },
    "done": true
  },
  "decoration_delight:the_search_begins_advancement": {
    "criteria": {
      "the_search_begins_advancement": "2024-10-31 02:35:46 +0000"
    },
    "done": true
  },
  "everycomp:recipes/everycomp/db/regions_unexplored/maple_support": {
    "criteria": {
      "has_planks": "2024-10-31 02:50:33 +0000"
    },
    "done": true
  },
  "everycomp:recipes/everycomp/c/regions_unexplored/maple_window_pane": {
    "criteria": {
      "has_planks": "2024-10-31 02:50:33 +0000"
    },
    "done": true
  },
  "minecraft:recipes/food/cooked_porkchop_from_campfire_cooking": {
    "criteria": {
      "has_porkchop": "2024-10-31 02:41:34 +0000"
    },
    "done": true
  },
  "regions_unexplored:recipes/ru_main/white_painted_planks": {
    "criteria": {
      "has_planks": "2024-10-31 02:41:41 +0000"
    },
    "done": true
  },
  "minecraft:recipes/building_blocks/black_wool": {
    "criteria": {
      "has_white_wool": "2024-10-31 03:06:31 +0000"
    },
    "done": true
  },
  "minecraft:recipes/misc/iron_ingot_from_blasting_raw_iron": {
    "criteria": {
      "has_raw_iron": "2024-10-31 02:49:02 +0000"
    },
    "done": true
  },
  "extradelight:recipes/extradelight.aesthetic/ribbon_bow_pink": {
    "criteria": {
      "pink_bow": "2024-10-31 03:06:31 +0000"
    },
    "done": true
  },
  "extradelight:recipes/extradelight.aesthetic/oak_step_stool": {
    "criteria": {
      "oak_step_stool": "2024-10-31 02:42:10 +0000"
    },
    "done": true
  },
  "extradelight:recipes/extradelight.items/egg_in_the_basket": {
    "criteria": {
      "egg_basket": "2024-10-31 02:59:34 +0000"
    },
    "done": true
  },
  "everycomp:recipes/everycomp/hc/regions_unexplored/magnolia_table": {
    "criteria": {
      "has_planks": "2024-10-31 02:41:41 +0000"
    },
    "done": true
  },
  "regions_unexplored:recipes/ru_main/magnolia_stairs": {
    "criteria": {
      "has_magnolia_planks": "2024-10-31 02:41:41 +0000"
    },
    "done": true
  },
  "crabbersdelight:recipes/crabbersdelight/crab_trap": {
    "criteria": {
      "has_stick": "2024-10-31 02:42:10 +0000"
    },
    "done": true
  },
  "regions_unexplored:recipes/ru_main/maple_boat": {
    "criteria": {
      "in_water": "2024-10-31 02:37:09 +0000"
    },
    "done": true
  },
  "createbigcannons:recipes/createbigcannons/smoke_shell": {
    "criteria": {
      "has_hay_block": "2024-10-31 03:10:05 +0000"
    },
    "done": true
  },
  "toms_storage:unlock_netherite": {
    "criteria": {
      "inv_changed-netherite": "2024-10-31 02:35:48 +0000"
    },
    "done": true
  },
  "farmersdelight:recipes/farmersdelight/cooking/baked_cod_stew": {
    "criteria": {
      "has_any_ingredient": "2024-10-31 02:58:41 +0000"
    },
    "done": true
  },
  "decorative_blocks:recipes/decorative_blocks.general/rocky_dirt": {
    "criteria": {
      "has_dirt": "2024-10-31 02:37:47 +0000"
    },
    "done": true
  },
  "minecraft:recipes/building_blocks/iron_block": {
    "criteria": {
      "has_iron_ingot": "2024-10-31 02:51:24 +0000"
    },
    "done": true
  },
  "design_decor:recipes/design_decor/metal_sheet_from_ingots_iron_stonecutting": {
    "criteria": {
      "has_ingots_iron": "2024-10-31 02:51:24 +0000"
    },
    "done": true
  },
  "farmersdelight:recipes/farmersdelight/fried_egg": {
    "criteria": {
      "fried_egg": "2024-10-31 02:59:34 +0000"
    },
    "done": true
  },
  "create:recipes/create.palettes/crafting/kinetics/cyan_seat": {
    "criteria": {
      "has_wool": "2024-10-31 03:06:31 +0000"
    },
    "done": true
  },
  "create:recipes/create.base/crafting/materials/andesite_alloy": {
    "criteria": {
      "has_item": "2024-10-31 02:51:24 +0000"
    },
    "done": true
  },
  "regions_unexplored:recipes/ru_main/magnolia_shrub": {
    "criteria": {
      "has_magnolia_sapling": "2024-10-31 03:18:20 +0000"
    },
    "done": true
  },
  "minecraft:recipes/building_blocks/light_blue_wool": {
    "criteria": {
      "has_white_wool": "2024-10-31 03:06:31 +0000"
    },
    "done": true
  },
  "minecraft:recipes/combat/wooden_sword": {
    "criteria": {
      "has_stick": "2024-10-31 02:42:10 +0000"
    },
    "done": true
  },
  "minecraft:recipes/decorations/gray_banner": {
    "criteria": {
      "has_gray_wool": "2024-10-31 03:09:51 +0000"
    },
    "done": true
  },
  "goodending:recipes/cypress_boat": {
    "criteria": {
      "in_water": "2024-10-31 02:37:09 +0000"
    },
    "done": true
  },
  "everycomp:recipes/everycomp/hc/regions_unexplored/magnolia_corner_trim": {
    "criteria": {
      "has_planks": "2024-10-31 02:41:41 +0000"
    },
    "done": true
  },
  "extradelight:recipes/extradelight.items/christmas_pudding_feast": {
    "criteria": {
      "has_any_ingredient": "2024-10-31 03:06:31 +0000"
    },
    "done": true
  },
  "design_decor:recipes/design_decor/metal_plate_stairs_from_ingots_iron_stonecutting": {
    "criteria": {
      "has_ingots_iron": "2024-10-31 02:51:24 +0000"
    },
    "done": true
  },
  "everycomp:recipes/everycomp/c/regions_unexplored/magnolia_window_pane": {
    "criteria": {
      "has_planks": "2024-10-31 02:41:41 +0000"
    },
    "done": true
  },
  "everycomp:recipes/everycomp/ddr/regions_unexplored/magnolia_counter_1": {
    "criteria": {
      "has_planks": "2024-10-31 02:41:41 +0000"
    },
    "done": true
  },
  "regions_unexplored:recipes/ru_main/red_painted_planks": {
    "criteria": {
      "has_planks": "2024-10-31 02:41:41 +0000"
    },
    "done": true
  },
  "create:recipes/create.palettes/crafting/kinetics/magenta_seat": {
    "criteria": {
      "has_wool": "2024-10-31 03:06:31 +0000"
    },
    "done": true
  },
  "extradelight:recipes/extradelight.items/drying_rack": {
    "criteria": {
      "has_string": "2024-10-31 02:37:08 +0000"
    },
    "done": true
  },
  "regions_unexplored:recipes/ru_main/magnolia_fence_gate": {
    "criteria": {
      "has_magnolia_planks": "2024-10-31 02:41:41 +0000"
    },
    "done": true
  },
  "minecraft:recipes/tools/iron_axe": {
    "criteria": {
      "has_iron_ingot": "2024-10-31 02:51:24 +0000"
    },
    "done": true
  },
  "minecraft:recipes/decorations/gray_carpet": {
    "criteria": {
      "has_gray_wool": "2024-10-31 03:09:51 +0000"
    },
    "done": true
  },
  "minecraft:recipes/redstone/tripwire_hook": {
    "criteria": {
      "has_string": "2024-10-31 02:37:08 +0000"
    },
    "done": true
  },
  "everycomp:recipes/everycomp/fd/regions_unexplored/maple_cabinet": {
    "criteria": {
      "has_planks": "2024-10-31 02:50:33 +0000"
    },
    "done": true
  },
  "extradelight:recipes/extradelight.aesthetic/acacia_step_stool": {
    "criteria": {
      "acacia_step_stool": "2024-10-31 02:42:10 +0000"
    },
    "done": true
  },
  "minecraft:recipes/combat/iron_boots": {
    "criteria": {
      "has_iron_ingot": "2024-10-31 02:51:24 +0000"
    },
    "done": true
  },
  "everycomp:recipes/everycomp/hc/regions_unexplored/magnolia_nightstand": {
    "criteria": {
      "has_planks": "2024-10-31 02:41:41 +0000"
    },
    "done": true
  },
  "extradelight:recipes/extradelight.aesthetic/ribbon_bow_orange": {
    "criteria": {
      "orange_bow": "2024-10-31 03:06:31 +0000"
    },
    "done": true
  },
  "minecraft:recipes/misc/bone_meal": {
    "criteria": {
      "has_bone": "2024-10-31 02:55:00 +0000"
    },
    "done": true
  },
  "regions_unexplored:recipes/ru_main/magnolia_button": {
    "criteria": {
      "has_magnolia_planks": "2024-10-31 02:41:41 +0000"
    },
    "done": true
  },
  "minecraft:story/iron_tools": {
    "criteria": {
      "iron_pickaxe": "2024-10-31 02:51:30 +0000"
    },
    "done": true
  },
  "farmersdelight:recipes/farmersdelight/iron_knife": {
    "criteria": {
      "has_iron_ingot": "2024-10-31 02:51:24 +0000"
    },
    "done": true
  },
  "handcrafted:recipes/misc/gray_cushion": {
    "criteria": {
      "has_cushion": "2024-10-31 03:09:51 +0000"
    },
    "done": true
  },
  "sophisticatedbackpacks:recipes/sophisticatedbackpacks/upgrade_base": {
    "criteria": {
      "has_leather": "2024-10-31 03:19:46 +0000"
    },
    "done": true
  },
  "minecraft:recipes/combat/iron_chestplate": {
    "criteria": {
      "has_iron_ingot": "2024-10-31 02:51:24 +0000"
    },
    "done": true
  },
  "minecraft:recipes/combat/crossbow": {
    "criteria": {
      "has_string": "2024-10-31 02:37:09 +0000"
    },
    "done": true
  },
  "minecraft:recipes/building_blocks/yellow_wool": {
    "criteria": {
      "has_white_wool": "2024-10-31 03:06:31 +0000"
    },
    "done": true
  },
  "create:recipes/create.palettes/crafting/kinetics/orange_seat": {
    "criteria": {
      "has_wool": "2024-10-31 03:06:31 +0000"
    },
    "done": true
  },
  "minecraft:recipes/food/cooked_porkchop_from_smoking": {
    "criteria": {
      "has_porkchop": "2024-10-31 02:41:34 +0000"
    },
    "done": true
  },
  "extradelight:recipes/extradelight.items/offset_spatula_iron": {
    "criteria": {
      "Recipes": "2024-10-31 02:51:24 +0000"
    },
    "done": true
  },
  "create:recipes/create.base/crafting/kinetics/empty_blaze_burner": {
    "criteria": {
      "has_item": "2024-10-31 02:51:24 +0000"
    },
    "done": true
  },
  "regions_unexplored:recipes/ru_main/dead_boat": {
    "criteria": {
      "in_water": "2024-10-31 02:37:09 +0000"
    },
    "done": true
  },
  "minecraft:recipes/misc/iron_nugget_from_blasting": {
    "criteria": {
      "has_iron_pickaxe": "2024-10-31 02:51:30 +0000"
    },
    "done": true
  },
  "betterdungeons:root": {
    "criteria": {
      "always": "2024-10-31 02:35:46 +0000"
    },
    "done": true
  },
  "sophisticatedbackpacks:recipes/sophisticatedbackpacks/backpack": {
    "criteria": {
      "has_leather": "2024-10-31 03:19:46 +0000"
    },
    "done": true
  },
  "everycomp:recipes/handcrafted.main/hc/regions_unexplored/magnolia_counter": {
    "criteria": {
      "has_planks": "2024-10-31 02:41:41 +0000"
    },
    "done": true
  },
  "minecraft:adventure/kill_a_mob": {
    "criteria": {
      "minecraft:spider": "2024-10-31 02:37:07 +0000"
    },
    "done": true
  },
  "alexsmobs:alexsmobs/seagull_steal": {
    "criteria": {
      "ex": "2024-10-31 03:05:36 +0000"
    },
    "done": true
  },
  "regions_unexplored:recipes/ru_main/magnolia_wood": {
    "criteria": {
      "has_log": "2024-10-31 02:41:39 +0000"
    },
    "done": true
  },
  "everycomp:recipes/everycomp/ddr/regions_unexplored/magnolia_counter": {
    "criteria": {
      "has_planks": "2024-10-31 02:41:41 +0000"
    },
    "done": true
  },
  "toms_storage:unlock_glowstone": {
    "criteria": {
      "inv_changed-glowstone": "2024-10-31 02:35:48 +0000"
    },
    "done": true
  },
  "minecraft:recipes/building_blocks/stone": {
    "criteria": {
      "has_cobblestone": "2024-10-31 02:46:46 +0000"
    },
    "done": true
  },
  "extradelight:recipes/extradelight.items/apple_to_block": {
    "criteria": {
      "Recipes": "2024-10-31 02:58:38 +0000"
    },
    "done": true
  },
  "extradelight:recipes/extradelight.items/apple_crisp_feast": {
    "criteria": {
      "has_any_ingredient": "2024-10-31 02:58:38 +0000"
    },
    "done": true
  },
  "minecraft:adventure/adventuring_time": {
    "criteria": {
      "minecraft:sunflower_plains": "2024-10-31 02:37:29 +0000",
      "minecraft:river": "2024-10-31 03:36:59 +0000",
      "minecraft:stony_shore": "2024-10-31 02:38:47 +0000",
      "minecraft:plains": "2024-10-31 02:35:49 +0000"
    },
    "done": false
  },
  "handcrafted:recipes/misc/white_sheet": {
    "criteria": {
      "has_sheet": "2024-10-31 03:06:31 +0000"
    },
    "done": true
  },
  "extradelight:food": {
    "criteria": {
      "food": "2024-10-31 02:50:19 +0000"
    },
    "done": true
  },
  "everycomp:recipes/everycomp/hc/regions_unexplored/magnolia_dining_bench": {
    "criteria": {
      "has_planks": "2024-10-31 02:41:41 +0000"
    },
    "done": true
  },
  "vintageimprovements:root": {
    "criteria": {
      "0": "2024-10-31 02:35:48 +0000"
    },
    "done": true
  },
  "regions_unexplored:recipes/ru_main/maple_sign": {
    "criteria": {
      "has_maple_planks": "2024-10-31 02:50:33 +0000"
    },
    "done": true
  },
  "design_decor:recipes/design_decor/wood_support_from_planks_stonecutting": {
    "criteria": {
      "has_planks": "2024-10-31 02:41:41 +0000"
    },
    "done": true
  },
  "minecraft:recipes/combat/stone_sword": {
    "criteria": {
      "has_cobblestone": "2024-10-31 02:46:46 +0000"
    },
    "done": true
  },
  "minecraft:recipes/decorations/cobblestone_wall": {
    "criteria": {
      "has_cobblestone": "2024-10-31 02:46:46 +0000"
    },
    "done": true
  },
  "minecraft:recipes/decorations/barrel": {
    "criteria": {
      "has_planks": "2024-10-31 02:41:41 +0000"
    },
    "done": true
  },
  "minecraft:recipes/misc/iron_ingot_from_smelting_raw_iron": {
    "criteria": {
      "has_raw_iron": "2024-10-31 02:49:02 +0000"
    },
    "done": true
  },
  "minecraft:recipes/tools/stone_pickaxe": {
    "criteria": {
      "has_cobblestone": "2024-10-31 02:46:46 +0000"
    },
    "done": true
  },
  "minecraft:recipes/decorations/smithing_table": {
    "criteria": {
      "has_iron_ingot": "2024-10-31 02:51:24 +0000"
    },
    "done": true
  },
  "minecraft:recipes/combat/leather_boots": {
    "criteria": {
      "has_leather": "2024-10-31 03:19:46 +0000"
    },
    "done": true
  },
  "minecraft:recipes/decorations/cobblestone_wall_from_cobblestone_stonecutting": {
    "criteria": {
      "has_cobblestone": "2024-10-31 02:46:46 +0000"
    },
    "done": true
  },
  "createbigcannons:recipes/createbigcannons/gas_mask": {
    "criteria": {
      "has_wool": "2024-10-31 03:06:31 +0000"
    },
    "done": true
  },
  "extradelight:recipes/extradelight.aesthetic/dark_oak_step_stool": {
    "criteria": {
      "dark_oak_step_stool": "2024-10-31 02:42:10 +0000"
    },
    "done": true
  },
  "regions_unexplored:recipes/ru_main/yellow_painted_planks": {
    "criteria": {
      "has_planks": "2024-10-31 02:41:41 +0000"
    },
    "done": true
  },
  "extradelight:recipes/food/cake": {
    "criteria": {
      "has_any_ingredient": "2024-10-31 02:59:34 +0000"
    },
    "done": true
  },
  "extradelight:recipes/extradelight.aesthetic/cinnamon_step_stool": {
    "criteria": {
      "cinnamon_step_stool": "2024-10-31 02:42:10 +0000"
    },
    "done": true
  },
  "farmersdelight:recipes/farmersdelight/cooking/pumpkin_soup": {
    "criteria": {
      "has_any_ingredient": "2024-10-31 02:41:34 +0000"
    },
    "done": true
  },
  "regions_unexplored:recipes/ru_main/lime_painted_planks": {
    "criteria": {
      "has_planks": "2024-10-31 02:41:41 +0000"
    },
    "done": true
  },
  "crabbersdelight:recipes/crabbersdelight/surf_and_turf": {
    "criteria": {
      "has_baked_potato": "2024-10-31 03:02:46 +0000",
      "has_the_recipe": "2024-10-31 03:02:46 +0000"
    },
    "done": true
  },
  "extradelight:recipes/extradelight.items/haggis_block_item": {
    "criteria": {
      "has_any_ingredient": "2024-10-31 02:59:34 +0000"
    },
    "done": true
  },
  "minecraft:recipes/decorations/lantern": {
    "criteria": {
      "has_iron_ingot": "2024-10-31 02:51:24 +0000"
    },
    "done": true
  },
  "extradelight:recipes/extradelight.items/egg_to_block": {
    "criteria": {
      "Recipes": "2024-10-31 02:59:34 +0000"
    },
    "done": true
  },
  "extradelight:recipes/extradelight.items/mint_lamb_feast": {
    "criteria": {
      "has_any_ingredient": "2024-10-31 03:06:31 +0000"
    },
    "done": true
  },
  "decorative_blocks:recipes/decorative_blocks.general/bar_panel": {
    "criteria": {
      "has_ingot": "2024-10-31 02:51:24 +0000"
    },
    "done": true
  },
  "handcrafted:recipes/misc/frozen_bench": {
    "criteria": {
      "has_iron_ingot": "2024-10-31 02:51:24 +0000"
    },
    "done": true
  },
  "handcrafted:recipes/misc/white_cushion": {
    "criteria": {
      "has_cushion": "2024-10-31 03:06:31 +0000"
    },
    "done": true
  },
  "regions_unexplored:recipes/ru_main/magnolia_fence": {
    "criteria": {
      "has_magnolia_planks": "2024-10-31 02:41:41 +0000"
    },
    "done": true
  },
  "regions_unexplored:recipes/misc/purple_dye_from_hyssop": {
    "criteria": {
      "has_hyssop": "2024-10-31 02:41:26 +0000"
    },
    "done": true
  },
  "design_decor:recipes/design_decor/metal_sheet_slab_from_ingots_iron_stonecutting": {
    "criteria": {
      "has_ingots_iron": "2024-10-31 02:51:24 +0000"
    },
    "done": true
  },
  "minecraft:recipes/building_blocks/light_gray_wool": {
    "criteria": {
      "has_white_wool": "2024-10-31 03:06:31 +0000"
    },
    "done": true
  },
  "nethersdelight:recipes/nethersdelight/iron_machete": {
    "criteria": {
      "has_iron_ingot": "2024-10-31 02:51:24 +0000"
    },
    "done": true
  },
  "minecraft:recipes/building_blocks/red_wool": {
    "criteria": {
      "has_white_wool": "2024-10-31 03:06:31 +0000"
    },
    "done": true
  },
  "handcrafted:recipes/misc/gray_sheet": {
    "criteria": {
      "has_sheet": "2024-10-31 03:09:51 +0000"
    },
    "done": true
  },
  "minecraft:recipes/tools/stone_axe": {
    "criteria": {
      "has_cobblestone": "2024-10-31 02:46:46 +0000"
    },
    "done": true
  },
  "minecraft:recipes/building_blocks/raw_iron_block": {
    "criteria": {
      "has_raw_iron": "2024-10-31 02:49:02 +0000"
    },
    "done": true
  },
  "minecraft:recipes/food/cooked_mutton": {
    "criteria": {
      "has_mutton": "2024-10-31 03:06:31 +0000"
    },
    "done": true
  },
  "regions_unexplored:recipes/ru_main/gray_painted_planks": {
    "criteria": {
      "has_planks": "2024-10-31 02:41:41 +0000"
    },
    "done": true
  },
  "everycomp:recipes/everycomp/ddr/regions_unexplored/magnolia_counter_bend": {
    "criteria": {
      "has_planks": "2024-10-31 02:41:41 +0000"
    },
    "done": true
  },
  "minecraft:recipes/building_blocks/purple_wool": {
    "criteria": {
      "has_white_wool": "2024-10-31 03:06:31 +0000"
    },
    "done": true
  },
  "regions_unexplored:recipes/ru_main/maple_planks": {
    "criteria": {
      "has_logs": "2024-10-31 02:49:34 +0000"
    },
    "done": true
  },
  "crabbersdelight:main/root": {
    "criteria": {
      "seeds": "2024-10-31 02:35:48 +0000"
    },
    "done": true
  },
  "minecraft:recipes/building_blocks/cobblestone_stairs_from_cobblestone_stonecutting": {
    "criteria": {
      "has_cobblestone": "2024-10-31 02:46:46 +0000"
    },
    "done": true
  },
  "everycomp:recipes/everycomp/ddr/regions_unexplored/magnolia_counter_corner": {
    "criteria": {
      "has_planks": "2024-10-31 02:41:41 +0000"
    },
    "done": true
  },
  "everycomp:recipes/handcrafted.main/hc/regions_unexplored/maple_drawer": {
    "criteria": {
      "has_planks": "2024-10-31 02:50:33 +0000"
    },
    "done": true
  },
  "everycomp:recipes/everycomp/hc/regions_unexplored/magnolia_side_table": {
    "criteria": {
      "has_planks": "2024-10-31 02:41:41 +0000"
    },
    "done": true
  },
  "minecraft:recipes/misc/wheat": {
    "criteria": {
      "has_hay_block": "2024-10-31 03:10:05 +0000"
    },
    "done": true
  },
  "extradelight:recipes/farmersdelight/apple_pie": {
    "criteria": {
      "apple_pie": "2024-10-31 02:58:38 +0000"
    },
    "done": true
  },
  "extradelight:recipes/extradelight.items/apple_cookie": {
    "criteria": {
      "has_any_ingredient": "2024-10-31 02:58:38 +0000"
    },
    "done": true
  },
  "minecraft:recipes/decorations/white_bed": {
    "criteria": {
      "has_white_wool": "2024-10-31 03:06:31 +0000"
    },
    "done": true
  },
  "regions_unexplored:recipes/ru_main/maple_slab": {
    "criteria": {
      "has_maple_planks": "2024-10-31 02:50:33 +0000"
    },
    "done": true
  },
  "everycomp:recipes/everycomp/db/regions_unexplored/maple_palisade": {
    "criteria": {
      "has_planks": "2024-10-31 02:50:33 +0000"
    },
    "done": true
  },
  "minecraft:recipes/decorations/candle": {
    "criteria": {
      "has_string": "2024-10-31 02:37:08 +0000"
    },
    "done": true
  },
  "minecraft:recipes/decorations/campfire": {
    "criteria": {
      "has_stick": "2024-10-31 02:42:10 +0000"
    },
    "done": true
  },
  "farmersrespite:recipes/farmersrespite/cooking/blazing_chili": {
    "criteria": {
      "has_any_ingredient": "2024-10-31 03:19:46 +0000"
    },
    "done": true
  },
  "extradelight:recipes/extradelight.aesthetic/ribbon_bow_blue": {
    "criteria": {
      "blue_bow": "2024-10-31 03:06:31 +0000"
    },
    "done": true
  },
  "minecraft:recipes/misc/iron_nugget": {
    "criteria": {
      "has_iron_ingot": "2024-10-31 02:51:24 +0000"
    },
    "done": true
  },
  "regions_unexplored:recipes/ru_main/magnolia_branch_from_magnolia_log": {
    "criteria": {
      "has_log": "2024-10-31 02:41:39 +0000"
    },
    "done": true
  },
  "create:recipes/create.palettes/crafting/kinetics/blue_seat": {
    "criteria": {
      "has_wool": "2024-10-31 03:06:31 +0000"
    },
    "done": true
  },
  "createbigcannons:recipes/createbigcannons/shot_balls": {
    "criteria": {
      "has_iron_ingot": "2024-10-31 02:51:24 +0000"
    },
    "done": true
  },
  "everycomp:recipes/everycomp/hc/regions_unexplored/maple_dining_bench": {
    "criteria": {
      "has_planks": "2024-10-31 02:50:33 +0000"
    },
    "done": true
  },
  "crabbersdelight:recipes/decorations/crab_trap": {
    "criteria": {
      "has_stick": "2024-10-31 02:42:10 +0000",
      "has_the_recipe": "2024-10-31 02:42:10 +0000"
    },
    "done": true
  },
  "regions_unexplored:recipes/ru_main/willow_boat": {
    "criteria": {
      "in_water": "2024-10-31 02:37:09 +0000"
    },
    "done": true
  },
  "minecraft:recipes/building_blocks/cyan_wool": {
    "criteria": {
      "has_white_wool": "2024-10-31 03:06:31 +0000"
    },
    "done": true
  },
  "extradelight:recipes/extradelight.aesthetic/ribbon_bow_green": {
    "criteria": {
      "green_bow": "2024-10-31 03:06:31 +0000"
    },
    "done": true
  },
  "extradelight:recipes/extradelight.aesthetic/ribbon_bow_white": {
    "criteria": {
      "white_bow": "2024-10-31 03:06:31 +0000"
    },
    "done": true
  },
  "everycomp:recipes/everycomp/hc/regions_unexplored/magnolia_fancy_bed": {
    "criteria": {
      "has_planks": "2024-10-31 02:41:41 +0000"
    },
    "done": true
  },
  "minecraft:recipes/transportation/spruce_boat": {
    "criteria": {
      "in_water": "2024-10-31 02:37:09 +0000"
    },
    "done": true
  },
  "regions_unexplored:recipes/ru_main/kapok_boat": {
    "criteria": {
      "in_water": "2024-10-31 02:37:09 +0000"
    },
    "done": true
  },
  "regions_unexplored:recipes/ru_main/magnolia_trapdoor": {
    "criteria": {
      "has_magnolia_planks": "2024-10-31 02:41:41 +0000"
    },
    "done": true
  },
  "regions_unexplored:recipes/ru_main/maple_button": {
    "criteria": {
      "has_maple_planks": "2024-10-31 02:50:33 +0000"
    },
    "done": true
  },
  "everycomp:recipes/everycomp/hc/regions_unexplored/maple_pillar_trim": {
    "criteria": {
      "has_planks": "2024-10-31 02:50:33 +0000"
    },
    "done": true
  },
  "extradelight:recipes/extradelight.items/coffe_cake_feast": {
    "criteria": {
      "has_any_ingredient": "2024-10-31 02:59:34 +0000"
    },
    "done": true
  },
  "everycomp:recipes/handcrafted.main/hc/regions_unexplored/magnolia_drawer": {
    "criteria": {
      "has_planks": "2024-10-31 02:41:41 +0000"
    },
    "done": true
  },
  "delightful:recipes/food/cooking/jelly_bottle": {
    "criteria": {
      "has_sweet_fruit": "2024-10-31 02:58:38 +0000"
    },
    "done": true
  },
  "minecraft:recipes/building_blocks/gray_wool": {
    "criteria": {
      "has_white_wool": "2024-10-31 03:06:31 +0000"
    },
    "done": true
  },
  "regions_unexplored:recipes/ru_main/stripped_magnolia_wood": {
    "criteria": {
      "has_log": "2024-10-31 03:18:39 +0000"
    },
    "done": true
  },
  "farmersdelight:recipes/farmersdelight/steak_and_potatoes": {
    "criteria": {
      "has_baked_potato": "2024-10-31 03:02:46 +0000"
    },
    "done": true
  },
  "everycomp:recipes/everycomp/hc/regions_unexplored/maple_desk": {
    "criteria": {
      "has_planks": "2024-10-31 02:50:33 +0000"
    },
    "done": true
  },
  "minecraft:husbandry/balanced_diet": {
    "criteria": {
      "cooked_porkchop": "2024-10-31 02:50:19 +0000",
      "bread": "2024-10-31 02:55:08 +0000"
    },
    "done": false
  },
  "regions_unexplored:recipes/ru_main/purple_painted_planks": {
    "criteria": {
      "has_planks": "2024-10-31 02:41:41 +0000"
    },
    "done": true
  },
  "minecraft:recipes/tools/wooden_hoe": {
    "criteria": {
      "has_stick": "2024-10-31 02:42:10 +0000"
    },
    "done": true
  },
  "everycomp:recipes/everycomp/hc/regions_unexplored/maple_bench": {
    "criteria": {
      "has_planks": "2024-10-31 02:50:33 +0000"
    },
    "done": true
  },
  "regions_unexplored:recipes/ru_main/magnolia_boat": {
    "criteria": {
      "in_water": "2024-10-31 02:37:09 +0000"
    },
    "done": true
  },
  "regions_unexplored:regions_explored": {
    "criteria": {
      "silver_birch_forest": "2024-10-31 03:20:44 +0000",
      "rocky_meadow": "2024-10-31 02:38:48 +0000",
      "highland_fields": "2024-10-31 02:45:47 +0000",
      "maple_forest": "2024-10-31 02:46:11 +0000",
      "magnolia_highlands": "2024-10-31 02:41:29 +0000",
      "boreal_forest": "2024-10-31 03:35:06 +0000",
      "pine_slopes": "2024-10-31 02:47:24 +0000"
    },
    "done": false
  },
  "design_decor:recipes/design_decor/metal_plate_wall_from_ingots_iron_stonecutting": {
    "criteria": {
      "has_ingots_iron": "2024-10-31 02:51:24 +0000"
    },
    "done": true
  },
  "minecraft:recipes/misc/bucket": {
    "criteria": {
      "has_iron_ingot": "2024-10-31 02:51:24 +0000"
    },
    "done": true
  },
  "design_decor:recipes/design_decor/metal_sheet_stairs_from_ingots_iron_stonecutting": {
    "criteria": {
      "has_ingots_iron": "2024-10-31 02:51:24 +0000"
    },
    "done": true
  },
  "regions_unexplored:recipes/ru_main/palm_boat": {
    "criteria": {
      "in_water": "2024-10-31 02:37:09 +0000"
    },
    "done": true
  },
  "minecraft:recipes/building_blocks/cobblestone_stairs": {
    "criteria": {
      "has_cobblestone": "2024-10-31 02:46:46 +0000"
    },
    "done": true
  },
  "everycomp:recipes/everycomp/hc/regions_unexplored/magnolia_bench": {
    "criteria": {
      "has_planks": "2024-10-31 02:41:41 +0000"
    },
    "done": true
  },
  "sliceanddice:recipes/tools/slicer": {
    "criteria": {
      "has_tool": "2024-10-31 02:42:45 +0000"
    },
    "done": true
  },
  "regions_unexplored:recipes/ru_main/magnolia_pressure_plate": {
    "criteria": {
      "has_magnolia_planks": "2024-10-31 02:41:41 +0000"
    },
    "done": true
  },
  "delightful:recipes/food/cooking/sinigang_no_ginger_citrus": {
    "criteria": {
      "has_ginger": "2024-10-31 02:58:38 +0000"
    },
    "done": true
  },
  "farmersdelight:recipes/food/cooking/rabbit_stew": {
    "criteria": {
      "has_any_ingredient": "2024-10-31 03:02:46 +0000"
    },
    "done": true
  },
  "regions_unexplored:recipes/ru_main/brown_painted_planks": {
    "criteria": {
      "has_planks": "2024-10-31 02:41:41 +0000"
    },
    "done": true
  },
  "minecraft:recipes/decorations/white_banner": {
    "criteria": {
      "has_white_wool": "2024-10-31 03:06:31 +0000"
    },
    "done": true
  },
  "extradelight:recipes/farmersdelight/apple_pie_jam": {
    "criteria": {
      "apple_pie": "2024-10-31 02:58:38 +0000"
    },
    "done": true
  },
  "extradelight:recipes/extradelight.aesthetic/ribbon_bow_light_gray": {
    "criteria": {
      "light_gray_bow": "2024-10-31 03:06:31 +0000"
    },
    "done": true
  },
  "minecraft:recipes/decorations/mossy_cobblestone_wall": {
    "criteria": {
      "has_mossy_cobblestone": "2024-10-31 02:47:01 +0000"
    },
    "done": true
  },
  "extradelight:recipes/extradelight.items/bratwurst_bread_bc": {
    "criteria": {
      "book": "2024-10-31 02:52:18 +0000"
    },
    "done": true
  },
  "minecraft:recipes/misc/leather_horse_armor": {
    "criteria": {
      "has_leather": "2024-10-31 03:19:46 +0000"
    },
    "done": true
  },
  "minecraft:recipes/combat/iron_helmet": {
    "criteria": {
      "has_iron_ingot": "2024-10-31 02:51:24 +0000"
    },
    "done": true
  },
  "create:recipes/create.palettes/crafting/kinetics/white_seat": {
    "criteria": {
      "has_wool": "2024-10-31 03:06:31 +0000"
    },
    "done": true
  },
  "minecraft:recipes/combat/bow": {
    "criteria": {
      "has_string": "2024-10-31 02:37:08 +0000"
    },
    "done": true
  },
  "minecraft:recipes/decorations/mossy_cobblestone_wall_from_mossy_cobblestone_stonecutting": {
    "criteria": {
      "has_mossy_cobblestone": "2024-10-31 02:47:01 +0000"
    },
    "done": true
  },
  "regions_unexplored:recipes/ru_main/cyan_painted_planks": {
    "criteria": {
      "has_planks": "2024-10-31 02:41:41 +0000"
    },
    "done": true
  },
  "farmersdelight:recipes/farmersdelight/fried_egg_from_campfire_cooking": {
    "criteria": {
      "fried_egg": "2024-10-31 02:59:34 +0000"
    },
    "done": true
  },
  "create_connected:root": {
    "criteria": {
      "0": "2024-10-31 02:35:48 +0000"
    },
    "done": true
  },
  "regions_unexplored:recipes/ru_main/eucalyptus_boat": {
    "criteria": {
      "in_water": "2024-10-31 02:37:09 +0000"
    },
    "done": true
  },
  "minecraft:story/mine_stone": {
    "criteria": {
      "get_stone": "2024-10-31 02:46:46 +0000"
    },
    "done": true
  },
  "minecraft:recipes/redstone/target": {
    "criteria": {
      "has_hay_block": "2024-10-31 03:10:05 +0000"
    },
    "done": true
  },
  "minecraft:recipes/decorations/furnace": {
    "criteria": {
      "has_cobblestone": "2024-10-31 02:46:46 +0000"
    },
    "done": true
  },
  "minecraft:recipes/transportation/minecart": {
    "criteria": {
      "has_iron_ingot": "2024-10-31 02:51:24 +0000"
    },
    "done": true
  },
  "regions_unexplored:recipes/ru_main/magnolia_planks": {
    "criteria": {
      "has_logs": "2024-10-31 02:41:39 +0000"
    },
    "done": true
  },
  "minecraft:recipes/misc/charcoal": {
    "criteria": {
      "has_log": "2024-10-31 02:41:39 +0000"
    },
    "done": true
  },
  "everycomp:recipes/everycomp/ddr/regions_unexplored/magnolia_mosaic": {
    "criteria": {
      "has_planks": "2024-10-31 02:41:41 +0000"
    },
    "done": true
  },
  "minecraft:recipes/building_blocks/orange_wool": {
    "criteria": {
      "has_white_wool": "2024-10-31 03:06:31 +0000"
    },
    "done": true
  },
  "minecraft:recipes/tools/wooden_pickaxe": {
    "criteria": {
      "has_stick": "2024-10-31 02:42:10 +0000"
    },
    "done": true
  },
  "minecraft:recipes/tools/iron_hoe": {
    "criteria": {
      "has_iron_ingot": "2024-10-31 02:51:24 +0000"
    },
    "done": true
  },
  "extradelight:recipes/extradelight.items/omelette_mix_meat": {
    "criteria": {
      "Recipes": "2024-10-31 02:41:34 +0000"
    },
    "done": true
  },
  "create:recipes/create.palettes/crafting/kinetics/green_seat": {
    "criteria": {
      "has_wool": "2024-10-31 03:06:31 +0000"
    },
    "done": true
  },
  "minecraft:husbandry/root": {
    "criteria": {
      "consumed_item": "2024-10-31 02:50:19 +0000"
    },
    "done": true
  },
  "regions_unexplored:recipes/ru_main/maple_fence_gate": {
    "criteria": {
      "has_maple_planks": "2024-10-31 02:50:33 +0000"
    },
    "done": true
  },
  "everycomp:recipes/handcrafted.main/hc/regions_unexplored/maple_shelf": {
    "criteria": {
      "has_planks": "2024-10-31 02:50:33 +0000"
    },
    "done": true
  },
  "minecraft:recipes/transportation/birch_boat": {
    "criteria": {
      "in_water": "2024-10-31 02:37:09 +0000"
    },
    "done": true
  },
  "minecraft:recipes/tools/iron_shovel": {
    "criteria": {
      "has_iron_ingot": "2024-10-31 02:51:24 +0000"
    },
    "done": true
  },
  "create:recipes/create.palettes/crafting/kinetics/purple_seat": {
    "criteria": {
      "has_wool": "2024-10-31 03:06:31 +0000"
    },
    "done": true
  },
  "everycomp:recipes/everycomp/hc/regions_unexplored/magnolia_desk": {
    "criteria": {
      "has_planks": "2024-10-31 02:41:41 +0000"
    },
    "done": true
  },
  "regions_unexplored:recipes/ru_main/socotra_boat": {
    "criteria": {
      "in_water": "2024-10-31 02:37:09 +0000"
    },
    "done": true
  },
  "regions_unexplored:recipes/ru_main/blue_painted_planks": {
    "criteria": {
      "has_planks": "2024-10-31 02:41:41 +0000"
    },
    "done": true
  },
  "extradelight:recipes/extradelight.items/beef_wellington_block_item": {
    "criteria": {
      "has_any_ingredient": "2024-10-31 02:59:34 +0000"
    },
    "done": true
  },
  "design_decor:recipes/design_decor/metal_support_from_ingots_iron_stonecutting": {
    "criteria": {
      "has_ingots_iron": "2024-10-31 02:51:24 +0000"
    },
    "done": true
  },
  "extradelight:recipes/extradelight.aesthetic/ribbon_bow_lime": {
    "criteria": {
      "lime_bow": "2024-10-31 03:06:31 +0000"
    },
    "done": true
  },
  "handcrafted:recipes/misc/bench": {
    "criteria": {
      "has_iron_ingot": "2024-10-31 02:51:24 +0000"
    },
    "done": true
  },
  "extradelight:recipes/extradelight.aesthetic/mangrove_step_stool": {
    "criteria": {
      "mangrove_step_stool": "2024-10-31 02:42:10 +0000"
    },
    "done": true
  },
  "minecraft:recipes/decorations/item_frame": {
    "criteria": {
      "has_leather": "2024-10-31 03:19:46 +0000"
    },
    "done": true
  },
  "farmersdelight:main/root": {
    "criteria": {
      "seeds": "2024-10-31 02:35:48 +0000"
    },
    "done": true
  },
  "minecraft:recipes/tools/stone_hoe": {
    "criteria": {
      "has_cobblestone": "2024-10-31 02:46:46 +0000"
    },
    "done": true
  },
  "minecraft:recipes/food/baked_potato_from_smoking": {
    "criteria": {
      "has_potato": "2024-10-31 02:58:41 +0000"
    },
    "done": true
  },
  "everycomp:recipes/everycomp/ddr/regions_unexplored/maple_counter": {
    "criteria": {
      "has_planks": "2024-10-31 02:50:33 +0000"
    },
    "done": true
  },
  "create:recipes/create.palettes/crafting/kinetics/light_blue_seat": {
    "criteria": {
      "has_wool": "2024-10-31 03:06:31 +0000"
    },
    "done": true
  },
  "extradelight:recipes/extradelight.items/omelette_mix_mix": {
    "criteria": {
      "Recipes": "2024-10-31 02:58:41 +0000"
    },
    "done": true
  },
  "extradelight:recipes/extradelight.aesthetic/ribbon_bow_purple": {
    "criteria": {
      "purple_bow": "2024-10-31 03:06:31 +0000"
    },
    "done": true
  },
  "extradelight:recipes/extradelight.aesthetic/ribbon_bow_red": {
    "criteria": {
      "red_bow": "2024-10-31 03:06:31 +0000"
    },
    "done": true
  },
  "farmersdelight:recipes/farmersdelight/cooking/dog_food": {
    "criteria": {
      "has_any_ingredient": "2024-10-31 02:53:52 +0000"
    },
    "done": true
  },
  "extradelight:recipes/extradelight.items/omelette_mix_meat_cheese": {
    "criteria": {
      "Recipes": "2024-10-31 02:41:34 +0000"
    },
    "done": true
  },
  "minecraft:recipes/food/baked_potato": {
    "criteria": {
      "has_potato": "2024-10-31 02:58:41 +0000"
    },
    "done": true
  },
  "minecraft:recipes/decorations/white_carpet": {
    "criteria": {
      "has_white_wool": "2024-10-31 03:06:31 +0000"
    },
    "done": true
  },
  "regions_unexplored:recipes/ru_main/magnolia_sign": {
    "criteria": {
      "has_magnolia_planks": "2024-10-31 02:41:41 +0000"
    },
    "done": true
  },
  "toms_storage:unlock_chest": {
    "criteria": {
      "inv_changed-chest": "2024-10-31 02:35:48 +0000"
    },
    "done": true
  },
  "create:root": {
    "criteria": {
      "0": "2024-10-31 02:35:48 +0000"
    },
    "done": true
  },
  "betterdeserttemples:root": {
    "criteria": {
      "always": "2024-10-31 02:35:46 +0000"
    },
    "done": true
  },
  "nethersdelight:recipes/nethersdelight/blackstone_blast_furnace": {
    "criteria": {
      "has_iron": "2024-10-31 02:51:24 +0000"
    },
    "done": true
  },
  "everycomp:recipes/everycomp/hc/regions_unexplored/maple_chair": {
    "criteria": {
      "has_planks": "2024-10-31 02:50:33 +0000"
    },
    "done": true
  },
  "minecraft:story/upgrade_tools": {
    "criteria": {
      "stone_pickaxe": "2024-10-31 02:48:20 +0000"
    },
    "done": true
  },
  "everycomp:recipes/everycomp/db/regions_unexplored/maple_beam": {
    "criteria": {
      "has_planks": "2024-10-31 02:50:33 +0000"
    },
    "done": true
  },
  "alexsmobs:alexsmobs/root": {
    "criteria": {
      "useitem": "2024-10-31 03:03:39 +0000"
    },
    "done": true
  },
  "minecraft:recipes/transportation/oak_boat": {
    "criteria": {
      "in_water": "2024-10-31 02:37:09 +0000"
    },
    "done": true
  },
  "extradelight:recipes/extradelight.items/grater": {
    "criteria": {
      "Recipes": "2024-10-31 02:51:24 +0000"
    },
    "done": true
  },
  "extradelight:recipes/extradelight.aesthetic/birch_step_stool": {
    "criteria": {
      "birch_step_stool": "2024-10-31 02:42:10 +0000"
    },
    "done": true
  },
  "everycomp:recipes/everycomp/hc/regions_unexplored/maple_table": {
    "criteria": {
      "has_planks": "2024-10-31 02:50:33 +0000"
    },
    "done": true
  },
  "extradelight:recipes/extradelight.items/iron_spoon": {
    "criteria": {
      "Recipes": "2024-10-31 02:51:24 +0000"
    },
    "done": true
  },
  "everycomp:recipes/everycomp/c/regions_unexplored/maple_window": {
    "criteria": {
      "has_planks": "2024-10-31 02:50:33 +0000"
    },
    "done": true
  },
  "minecraft:recipes/tools/wooden_axe": {
    "criteria": {
      "has_stick": "2024-10-31 02:42:10 +0000"
    },
    "done": true
  },
  "minecraft:recipes/building_blocks/lime_wool": {
    "criteria": {
      "has_white_wool": "2024-10-31 03:06:31 +0000"
    },
    "done": true
  },
  "everycomp:recipes/everycomp/fd/regions_unexplored/magnolia_cabinet": {
    "criteria": {
      "has_planks": "2024-10-31 02:41:41 +0000"
    },
    "done": true
  },
  "extradelight:start": {
    "criteria": {
      "start": "2024-10-31 02:35:48 +0000"
    },
    "done": true
  },
  "create:recipes/create.palettes/crafting/kinetics/gray_seat": {
    "criteria": {
      "has_wool": "2024-10-31 03:06:31 +0000"
    },
    "done": true
  },
  "minecraft:recipes/decorations/loom": {
    "criteria": {
      "has_string": "2024-10-31 02:37:09 +0000"
    },
    "done": true
  },
  "minecraft:recipes/building_blocks/green_wool": {
    "criteria": {
      "has_white_wool": "2024-10-31 03:06:31 +0000"
    },
    "done": true
  },
  "farmersdelight:recipes/farmersdelight/cooking/fried_rice": {
    "criteria": {
      "has_any_ingredient": "2024-10-31 02:59:34 +0000"
    },
    "done": true
  },
  "extradelight:recipes/extradelight.aesthetic/ribbon_bow_black": {
    "criteria": {
      "black_bow": "2024-10-31 03:06:31 +0000"
    },
    "done": true
  },
  "minecraft:recipes/building_blocks/brown_wool": {
    "criteria": {
      "has_white_wool": "2024-10-31 03:06:31 +0000"
    },
    "done": true
  },
  "farmersdelight:recipes/farmersdelight/cooking/pasta_with_meatballs": {
    "criteria": {
      "has_any_ingredient": "2024-10-31 03:19:46 +0000"
    },
    "done": true
  },
  "farmersdelight:recipes/farmersdelight/cooking/pasta_with_mutton_chop": {
    "criteria": {
      "has_any_ingredient": "2024-10-31 03:06:31 +0000"
    },
    "done": true
  },
  "minecraft:recipes/decorations/painting": {
    "criteria": {
      "has_wool": "2024-10-31 03:06:31 +0000"
    },
    "done": true
  },
  "regions_unexplored:got_wood": {
    "criteria": {
      "magnolia_log": "2024-10-31 02:41:39 +0000",
      "maple_log": "2024-10-31 02:49:34 +0000"
    },
    "done": false
  },
  "everycomp:recipes/everycomp/hc/regions_unexplored/magnolia_chair": {
    "criteria": {
      "has_planks": "2024-10-31 02:41:41 +0000"
    },
    "done": true
  },
  "extradelight:recipes/extradelight.aesthetic/ribbon_bow_yellow": {
    "criteria": {
      "yellow_bow": "2024-10-31 03:06:31 +0000"
    },
    "done": true
  },
  "everycomp:recipes/handcrafted.main/hc/regions_unexplored/magnolia_shelf": {
    "criteria": {
      "has_planks": "2024-10-31 02:41:41 +0000"
    },
    "done": true
  },
  "regions_unexplored:recipes/ru_main/maple_trapdoor": {
    "criteria": {
      "has_maple_planks": "2024-10-31 02:50:33 +0000"
    },
    "done": true
  },
  "minecraft:recipes/building_blocks/coal_block": {
    "criteria": {
      "has_coal": "2024-10-31 03:02:05 +0000"
    },
    "done": true
  },
  "everycomp:recipes/everycomp/db/regions_unexplored/magnolia_beam": {
    "criteria": {
      "has_planks": "2024-10-31 02:41:41 +0000"
    },
    "done": true
  },
  "extradelight:recipes/extradelight.aesthetic/jungle_step_stool": {
    "criteria": {
      "jungle_step_stool": "2024-10-31 02:42:10 +0000"
    },
    "done": true
  },
  "regions_unexplored:recipes/ru_main/orange_painted_planks": {
    "criteria": {
      "has_planks": "2024-10-31 02:41:41 +0000"
    },
    "done": true
  },
  "minecraft:recipes/tools/stone_shovel": {
    "criteria": {
      "has_cobblestone": "2024-10-31 02:46:46 +0000"
    },
    "done": true
  },
  "farmersdelight:main/get_fd_seed": {
    "criteria": {
      "tomato_seeds": "2024-10-31 02:58:39 +0000"
    },
    "done": true
  },
  "minecraft:recipes/building_blocks/mossy_cobblestone_slab": {
    "criteria": {
      "has_mossy_cobblestone": "2024-10-31 02:47:01 +0000"
    },
    "done": true
  },
  "farmersdelight:recipes/farmersdelight/cooking/bone_broth": {
    "criteria": {
      "has_bone": "2024-10-31 02:55:00 +0000"
    },
    "done": true
  },
  "regions_unexplored:recipes/ru_main/oak_shrub": {
    "criteria": {
      "has_oak_sapling": "2024-10-31 02:58:43 +0000"
    },
    "done": true
  },
  "extradelight:recipes/extradelight.items/jerky": {
    "criteria": {
      "has_meat": "2024-10-31 02:41:34 +0000"
    },
    "done": true
  },
  "sophisticatedstorage:recipes/sophisticatedstorage/oak_chest_from_vanilla_chest": {
    "criteria": {
      "has_vanilla_chest": "2024-10-31 03:37:04 +0000"
    },
    "done": true
  },
  "cataclysm:root": {
    "criteria": {
      "custom_test_name": "2024-10-31 02:35:46 +0000"
    },
    "done": true
  },
  "create:recipes/create.palettes/crafting/kinetics/brown_seat": {
    "criteria": {
      "has_wool": "2024-10-31 03:06:31 +0000"
    },
    "done": true
  },
  "sophisticatedstorage:recipes/sophisticatedstorage/upgrade_base": {
    "criteria": {
      "has_iron_ingot": "2024-10-31 02:51:24 +0000"
    },
    "done": true
  },
  "decoration_delight:decoration_101_advancement": {
    "criteria": {
      "decoration_101_advancement": "2024-10-31 02:35:46 +0000"
    },
    "done": true
  },
  "create:recipes/create.palettes/crafting/kinetics/black_seat": {
    "criteria": {
      "has_wool": "2024-10-31 03:06:31 +0000"
    },
    "done": true
  },
  "crabbersdelight:recipes/food/surf_and_turf": {
    "criteria": {
      "has_baked_potato": "2024-10-31 03:02:46 +0000"
    },
    "done": true
  },
  "decorative_blocks:recipes/decorative_blocks.general/chandelier": {
    "criteria": {
      "has_torch": "2024-10-31 03:03:01 +0000"
    },
    "done": true
  },
  "regions_unexplored:recipes/ru_main/magnolia_slab": {
    "criteria": {
      "has_magnolia_planks": "2024-10-31 02:41:41 +0000"
    },
    "done": true
  },
  "regions_unexplored:recipes/ru_main/redwood_boat": {
    "criteria": {
      "in_water": "2024-10-31 02:37:09 +0000"
    },
    "done": true
  },
  "minecraft:story/root": {
    "criteria": {
      "crafting_table": "2024-10-31 02:41:48 +0000"
    },
    "done": true
  },
  "regions_unexplored:recipes/ru_main/maple_pressure_plate": {
    "criteria": {
      "has_maple_planks": "2024-10-31 02:50:33 +0000"
    },
    "done": true
  },
  "farmersdelight:recipes/farmersdelight/cooking/noodle_soup": {
    "criteria": {
      "has_any_ingredient": "2024-10-31 02:41:34 +0000"
    },
    "done": true
  },
  "extradelight:recipes/extradelight.items/omelette_mix_veg": {
    "criteria": {
      "Recipes": "2024-10-31 02:58:41 +0000"
    },
    "done": true
  },
  "minecraft:recipes/combat/leather_chestplate": {
    "criteria": {
      "has_leather": "2024-10-31 03:19:46 +0000"
    },
    "done": true
  },
  "create:recipes/create.base/crafting/appliances/crafting_blueprint": {
    "criteria": {
      "has_item": "2024-10-31 02:41:48 +0000"
    },
    "done": true
  },
  "everycomp:recipes/everycomp/hc/regions_unexplored/maple_side_table": {
    "criteria": {
      "has_planks": "2024-10-31 02:50:33 +0000"
    },
    "done": true
  },
  "regions_unexplored:recipes/ru_main/maple_door": {
    "criteria": {
      "has_maple_planks": "2024-10-31 02:50:33 +0000"
    },
    "done": true
  },
  "farmersdelight:recipes/farmersdelight/flint_knife": {
    "criteria": {
      "has_stick": "2024-10-31 02:42:10 +0000"
    },
    "done": true
  },
  "regions_unexplored:recipes/misc/magenta_dye_from_fireweed": {
    "criteria": {
      "has_fireweed": "2024-10-31 02:45:27 +0000"
    },
    "done": true
  },
  "regions_unexplored:parent": {
    "criteria": {
      "load_in_world": "2024-10-31 02:35:49 +0000"
    },
    "done": true
  },
  "regions_unexplored:recipes/ru_main/green_painted_planks": {
    "criteria": {
      "has_planks": "2024-10-31 02:41:41 +0000"
    },
    "done": true
  },
  "everycomp:recipes/everycomp/hc/regions_unexplored/magnolia_pillar_trim": {
    "criteria": {
      "has_planks": "2024-10-31 02:41:41 +0000"
    },
    "done": true
  },
  "farmersdelight:recipes/farmersdelight/stuffed_potato": {
    "criteria": {
      "has_baked_potato": "2024-10-31 03:02:46 +0000"
    },
    "done": true
  },
  "minecraft:recipes/food/cooked_beef": {
    "criteria": {
      "has_beef": "2024-10-31 03:19:46 +0000"
    },
    "done": true
  },
  "decorative_blocks:recipes/decorations/torch_from_chandelier": {
    "criteria": {
      "has_torch": "2024-10-31 03:03:01 +0000"
    },
    "done": true
  },
  "minecraft:recipes/redstone/iron_door": {
    "criteria": {
      "has_iron_ingot": "2024-10-31 02:51:24 +0000"
    },
    "done": true
  },
  "everycomp:recipes/everycomp/hc/regions_unexplored/maple_nightstand": {
    "criteria": {
      "has_planks": "2024-10-31 02:50:33 +0000"
    },
    "done": true
  },
  "immersive_aircraft:misc/aircraftery": {
    "criteria": {
      "has_item": "2024-10-31 02:51:24 +0000"
    },
    "done": true
  },
  "toms_storage:unlock_dia_pearl": {
    "criteria": {
      "inv_changed-ender_pearl": "2024-10-31 02:35:48 +0000",
      "inv_changed-diamond": "2024-10-31 02:35:48 +0000"
    },
    "done": true
  },
  "create:recipes/create.palettes/crafting/kinetics/pink_seat": {
    "criteria": {
      "has_wool": "2024-10-31 03:06:31 +0000"
    },
    "done": true
  },
  "minecraft:recipes/transportation/jungle_boat": {
    "criteria": {
      "in_water": "2024-10-31 02:37:09 +0000"
    },
    "done": true
  },
  "minecraft:recipes/redstone/heavy_weighted_pressure_plate": {
    "criteria": {
      "has_iron_ingot": "2024-10-31 02:51:24 +0000"
    },
    "done": true
  },
  "minecraft:recipes/transportation/dark_oak_boat": {
    "criteria": {
      "in_water": "2024-10-31 02:37:09 +0000"
    },
    "done": true
  },
  "everycomp:recipes/everycomp/hc/regions_unexplored/maple_couch": {
    "criteria": {
      "has_planks": "2024-10-31 02:50:33 +0000"
    },
    "done": true
  },
  "extradelight:recipes/extradelight.items/omelette_mix_mix_cheese": {
    "criteria": {
      "Recipes": "2024-10-31 02:58:41 +0000"
    },
    "done": true
  },
  "minecraft:recipes/building_blocks/pink_wool": {
    "criteria": {
      "has_white_wool": "2024-10-31 03:06:31 +0000"
    },
    "done": true
  },
  "regions_unexplored:recipes/ru_main/pine_boat": {
    "criteria": {
      "in_water": "2024-10-31 02:37:09 +0000"
    },
    "done": true
  },
  "create_dd:recipes/misc/crafting/coal_from_coal_piece": {
    "criteria": {
      "has_coal": "2024-10-31 03:02:05 +0000"
    },
    "done": true
  },
  "everycomp:recipes/everycomp/c/regions_unexplored/magnolia_window": {
    "criteria": {
      "has_planks": "2024-10-31 02:41:41 +0000"
    },
    "done": true
  },
  "extradelight:recipes/extradelight.aesthetic/ribbon_bow_magenta": {
    "criteria": {
      "magenta_bow": "2024-10-31 03:06:31 +0000"
    },
    "done": true
  },
  "regions_unexplored:recipes/misc/light_gray_dye_from_daisy": {
    "criteria": {
      "has_daisy": "2024-10-31 02:45:25 +0000"
    },
    "done": true
  },
  "everycomp:recipes/everycomp/db/regions_unexplored/magnolia_support": {
    "criteria": {
      "has_planks": "2024-10-31 02:41:41 +0000"
    },
    "done": true
  },
  "goodending:recipes/muddy_oak_boat": {
    "criteria": {
      "in_water": "2024-10-31 02:37:09 +0000"
    },
    "done": true
  },
  "extradelight:recipes/extradelight.items/rack_lamb_block_item": {
    "criteria": {
      "has_any_ingredient": "2024-10-31 02:59:34 +0000"
    },
    "done": true
  },
  "minecraft:recipes/food/cooked_beef_from_campfire_cooking": {
    "criteria": {
      "has_beef": "2024-10-31 03:19:46 +0000"
    },
    "done": true
  },
  "regions_unexplored:recipes/ru_main/magenta_painted_planks": {
    "criteria": {
      "has_planks": "2024-10-31 02:41:41 +0000"
    },
    "done": true
  },
  "extradelight:recipes/extradelight.aesthetic/ribbon_bow_cyan": {
    "criteria": {
      "cyan_bow": "2024-10-31 03:06:31 +0000"
    },
    "done": true
  },
  "everycomp:recipes/everycomp/hc/regions_unexplored/maple_corner_trim": {
    "criteria": {
      "has_planks": "2024-10-31 02:50:33 +0000"
    },
    "done": true
  },
  "extradelight:recipes/misc/sunflower_yellow": {
    "criteria": {
      "Recipes": "2024-10-31 02:37:50 +0000"
    },
    "done": true
  },
  "minecraft:recipes/decorations/soul_campfire": {
    "criteria": {
      "has_stick": "2024-10-31 02:42:10 +0000"
    },
    "done": true
  },
  "minecraft:story/smelt_iron": {
    "criteria": {
      "iron": "2024-10-31 02:51:24 +0000"
    },
    "done": true
  },
  "regions_unexplored:recipes/ru_main/mossy_stone_from_smelting_mossy_cobblestone": {
    "criteria": {
      "has_mossy_cobblestone": "2024-10-31 02:47:01 +0000"
    },
    "done": true
  },
  "minecraft:recipes/building_blocks/mossy_cobblestone_stairs": {
    "criteria": {
      "has_mossy_cobblestone": "2024-10-31 02:47:01 +0000"
    },
    "done": true
  },
  "everycomp:recipes/everycomp/ddr/regions_unexplored/maple_counter_corner": {
    "criteria": {
      "has_planks": "2024-10-31 02:50:33 +0000"
    },
    "done": true
  },
  "DataVersion": 3120
}