{
  "everycomp:recipes/everycomp/c/regions_unexplored/maple_window": {
    "criteria": {
      "has_planks": "2024-10-31 03:19:11 +0000"
    },
    "done": true
  },
  "everycomp:recipes/everycomp/db/regions_unexplored/maple_support": {
    "criteria": {
      "has_planks": "2024-10-31 03:19:11 +0000"
    },
    "done": true
  },
  "everycomp:recipes/everycomp/c/regions_unexplored/maple_window_pane": {
    "criteria": {
      "has_planks": "2024-10-31 03:19:11 +0000"
    },
    "done": true
  },
  "extradelight:recipes/extradelight.items/wooden_spoon": {
    "criteria": {
      "Recipes": "2024-10-31 03:19:11 +0000"
    },
    "done": true
  },
  "minecraft:recipes/tools/wooden_axe": {
    "criteria": {
      "has_stick": "2024-10-31 03:19:23 +0000"
    },
    "done": true
  },
  "regions_unexplored:recipes/ru_main/maple_planks": {
    "criteria": {
      "has_logs": "2024-10-31 03:16:37 +0000"
    },
    "done": true
  },
  "crabbersdelight:main/root": {
    "criteria": {
      "seeds": "2024-10-31 03:07:05 +0000"
    },
    "done": true
  },
  "minecraft:recipes/redstone/lever": {
    "criteria": {
      "has_cobblestone": "2024-10-31 03:19:33 +0000"
    },
    "done": true
  },
  "everycomp:recipes/everycomp/ddr/regions_unexplored/maple_stool": {
    "criteria": {
      "has_planks": "2024-10-31 03:19:11 +0000"
    },
    "done": true
  },
  "minecraft:recipes/building_blocks/cobblestone_stairs_from_cobblestone_stonecutting": {
    "criteria": {
      "has_cobblestone": "2024-10-31 03:19:33 +0000"
    },
    "done": true
  },
  "minecraft:recipes/building_blocks/magenta_concrete_powder": {
    "criteria": {
      "has_gravel": "2024-10-31 03:25:53 +0000"
    },
    "done": true
  },
  "everycomp:recipes/handcrafted.main/hc/regions_unexplored/maple_drawer": {
    "criteria": {
      "has_planks": "2024-10-31 03:19:11 +0000"
    },
    "done": true
  },
  "regions_unexplored:recipes/ru_main/white_painted_planks": {
    "criteria": {
      "has_planks": "2024-10-31 03:19:11 +0000"
    },
    "done": true
  },
  "extradelight:recipes/extradelight.aesthetic/crimson_step_stool": {
    "criteria": {
      "crimson_step_stool": "2024-10-31 03:19:23 +0000"
    },
    "done": true
  },
  "extradelight:start": {
    "criteria": {
      "start": "2024-10-31 03:07:05 +0000"
    },
    "done": true
  },
  "everycomp:recipes/everycomp/ddr/regions_unexplored/maple_mosaic": {
    "criteria": {
      "has_planks": "2024-10-31 03:19:11 +0000"
    },
    "done": true
  },
  "regions_unexplored:recipes/ru_main/peat_coarse_dirt": {
    "criteria": {
      "has_gravel": "2024-10-31 03:25:53 +0000"
    },
    "done": true
  },
  "minecraft:recipes/misc/iron_ingot_from_blasting_raw_iron": {
    "criteria": {
      "has_raw_iron": "2024-10-31 03:23:31 +0000"
    },
    "done": true
  },
  "minecraft:recipes/building_blocks/lime_concrete_powder": {
    "criteria": {
      "has_gravel": "2024-10-31 03:25:53 +0000"
    },
    "done": true
  },
  "regions_unexplored:recipes/ru_main/maple_slab": {
    "criteria": {
      "has_maple_planks": "2024-10-31 03:19:11 +0000"
    },
    "done": true
  },
  "extradelight:recipes/extradelight.aesthetic/oak_step_stool": {
    "criteria": {
      "oak_step_stool": "2024-10-31 03:19:23 +0000"
    },
    "done": true
  },
  "minecraft:recipes/building_blocks/yellow_concrete_powder": {
    "criteria": {
      "has_gravel": "2024-10-31 03:25:53 +0000"
    },
    "done": true
  },
  "everycomp:recipes/everycomp/db/regions_unexplored/maple_palisade": {
    "criteria": {
      "has_planks": "2024-10-31 03:19:11 +0000"
    },
    "done": true
  },
  "crabbersdelight:recipes/crabbersdelight/crab_trap": {
    "criteria": {
      "has_stick": "2024-10-31 03:19:23 +0000"
    },
    "done": true
  },
  "minecraft:recipes/decorations/crafting_table": {
    "criteria": {
      "has_planks": "2024-10-31 03:19:11 +0000"
    },
    "done": true
  },
  "minecraft:recipes/decorations/campfire": {
    "criteria": {
      "has_stick": "2024-10-31 03:19:23 +0000"
    },
    "done": true
  },
  "minecraft:recipes/decorations/ladder": {
    "criteria": {
      "has_stick": "2024-10-31 03:19:23 +0000"
    },
    "done": true
  },
  "toms_storage:unlock_netherite": {
    "criteria": {
      "inv_changed-netherite": "2024-10-31 03:07:05 +0000"
    },
    "done": true
  },
  "minecraft:recipes/decorations/chest": {
    "criteria": {
      "has_lots_of_items": "2024-10-31 03:20:44 +0000"
    },
    "done": true
  },
  "minecraft:recipes/building_blocks/brown_concrete_powder": {
    "criteria": {
      "has_gravel": "2024-10-31 03:25:53 +0000"
    },
    "done": true
  },
  "regions_unexplored:got_wood": {
    "criteria": {
      "maple_log": "2024-10-31 03:16:37 +0000"
    },
    "done": false
  },
  "extradelight:recipes/extradelight.aesthetic/spruce_step_stool": {
    "criteria": {
      "spruce_step_stool": "2024-10-31 03:19:23 +0000"
    },
    "done": true
  },
  "minecraft:recipes/tools/wooden_shovel": {
    "criteria": {
      "has_stick": "2024-10-31 03:19:23 +0000"
    },
    "done": true
  },
  "minecraft:recipes/decorations/torch": {
    "criteria": {
      "has_stone_pickaxe": "2024-10-31 03:19:40 +0000"
    },
    "done": true
  },
  "everycomp:recipes/everycomp/hc/regions_unexplored/maple_dining_bench": {
    "criteria": {
      "has_planks": "2024-10-31 03:19:11 +0000"
    },
    "done": true
  },
  "crabbersdelight:recipes/decorations/crab_trap": {
    "criteria": {
      "has_stick": "2024-10-31 03:19:23 +0000",
      "has_the_recipe": "2024-10-31 03:19:23 +0000"
    },
    "done": true
  },
  "minecraft:recipes/misc/stick": {
    "criteria": {
      "has_planks": "2024-10-31 03:19:11 +0000"
    },
    "done": true
  },
  "minecraft:recipes/combat/arrow": {
    "criteria": {
      "has_flint": "2024-10-31 03:26:00 +0000"
    },
    "done": true
  },
  "regions_unexplored:recipes/ru_main/maple_trapdoor": {
    "criteria": {
      "has_maple_planks": "2024-10-31 03:19:11 +0000"
    },
    "done": true
  },
  "minecraft:recipes/building_blocks/coal_block": {
    "criteria": {
      "has_coal": "2024-10-31 03:19:47 +0000"
    },
    "done": true
  },
  "extradelight:recipes/extradelight.aesthetic/jungle_step_stool": {
    "criteria": {
      "jungle_step_stool": "2024-10-31 03:19:23 +0000"
    },
    "done": true
  },
  "minecraft:recipes/tools/flint_and_steel": {
    "criteria": {
      "has_flint": "2024-10-31 03:26:00 +0000"
    },
    "done": true
  },
  "regions_unexplored:recipes/ru_main/maple_button": {
    "criteria": {
      "has_maple_planks": "2024-10-31 03:19:11 +0000"
    },
    "done": true
  },
  "minecraft:recipes/combat/wooden_sword": {
    "criteria": {
      "has_stick": "2024-10-31 03:19:23 +0000"
    },
    "done": true
  },
  "regions_unexplored:recipes/ru_main/orange_painted_planks": {
    "criteria": {
      "has_planks": "2024-10-31 03:19:11 +0000"
    },
    "done": true
  },
  "minecraft:recipes/tools/stone_shovel": {
    "criteria": {
      "has_cobblestone": "2024-10-31 03:19:33 +0000"
    },
    "done": true
  },
  "everycomp:recipes/everycomp/hc/regions_unexplored/maple_pillar_trim": {
    "criteria": {
      "has_planks": "2024-10-31 03:19:11 +0000"
    },
    "done": true
  },
  "minecraft:recipes/building_blocks/blue_concrete_powder": {
    "criteria": {
      "has_gravel": "2024-10-31 03:25:53 +0000"
    },
    "done": true
  },
  "minecraft:recipes/building_blocks/gray_concrete_powder": {
    "criteria": {
      "has_gravel": "2024-10-31 03:25:53 +0000"
    },
    "done": true
  },
  "cataclysm:root": {
    "criteria": {
      "custom_test_name": "2024-10-31 03:07:05 +0000"
    },
    "done": true
  },
  "extradelight:recipes/extradelight.items/mixing_bowl": {
    "criteria": {
      "Recipes": "2024-10-31 03:19:11 +0000"
    },
    "done": true
  },
  "regions_unexplored:recipes/ru_main/red_painted_planks": {
    "criteria": {
      "has_planks": "2024-10-31 03:19:11 +0000"
    },
    "done": true
  },
  "everycomp:recipes/everycomp/hc/regions_unexplored/maple_desk": {
    "criteria": {
      "has_planks": "2024-10-31 03:19:11 +0000"
    },
    "done": true
  },
  "minecraft:husbandry/balanced_diet": {
    "criteria": {
      "bread": "2024-10-31 03:15:06 +0000"
    },
    "done": false
  },
  "regions_unexplored:recipes/ru_main/purple_painted_planks": {
    "criteria": {
      "has_planks": "2024-10-31 03:19:11 +0000"
    },
    "done": true
  },
  "regions_unexplored:recipes/ru_main/maple_fence": {
    "criteria": {
      "has_maple_planks": "2024-10-31 03:19:11 +0000"
    },
    "done": true
  },
  "minecraft:recipes/tools/wooden_hoe": {
    "criteria": {
      "has_stick": "2024-10-31 03:19:23 +0000"
    },
    "done": true
  },
  "everycomp:recipes/everycomp/hc/regions_unexplored/maple_bench": {
    "criteria": {
      "has_planks": "2024-10-31 03:19:11 +0000"
    },
    "done": true
  },
  "minecraft:recipes/building_blocks/cobblestone_slab": {
    "criteria": {
      "has_cobblestone": "2024-10-31 03:19:33 +0000"
    },
    "done": true
  },
  "decorative_blocks:recipes/decorative_blocks.general/lattice": {
    "criteria": {
      "has_stick": "2024-10-31 03:19:23 +0000"
    },
    "done": true
  },
  "regions_unexplored:regions_explored": {
    "criteria": {
      "maple_forest": "2024-10-31 03:13:48 +0000"
    },
    "done": false
  },
  "decoration_delight:decoration_101_advancement": {
    "criteria": {
      "decoration_101_advancement": "2024-10-31 03:07:05 +0000"
    },
    "done": true
  },
  "everycomp:recipes/everycomp/fd/regions_unexplored/maple_cabinet": {
    "criteria": {
      "has_planks": "2024-10-31 03:19:11 +0000"
    },
    "done": true
  },
  "extradelight:recipes/extradelight.aesthetic/acacia_step_stool": {
    "criteria": {
      "acacia_step_stool": "2024-10-31 03:19:23 +0000"
    },
    "done": true
  },
  "minecraft:recipes/building_blocks/cobblestone_stairs": {
    "criteria": {
      "has_cobblestone": "2024-10-31 03:19:33 +0000"
    },
    "done": true
  },
  "decorative_blocks:recipes/decorative_blocks.general/chandelier": {
    "criteria": {
      "has_torch": "2024-10-31 03:14:06 +0000"
    },
    "done": true
  },
  "minecraft:recipes/building_blocks/black_concrete_powder": {
    "criteria": {
      "has_gravel": "2024-10-31 03:25:53 +0000"
    },
    "done": true
  },
  "regions_unexplored:recipes/ru_main/silt_coarse_dirt": {
    "criteria": {
      "has_gravel": "2024-10-31 03:25:53 +0000"
    },
    "done": true
  },
  "minecraft:recipes/building_blocks/coarse_dirt": {
    "criteria": {
      "has_gravel": "2024-10-31 03:25:53 +0000"
    },
    "done": true
  },
  "regions_unexplored:recipes/ru_main/light_blue_painted_planks": {
    "criteria": {
      "has_planks": "2024-10-31 03:19:11 +0000"
    },
    "done": true
  },
  "extradelight:recipes/extradelight.items/offset_spatula_wood": {
    "criteria": {
      "Recipes": "2024-10-31 03:19:11 +0000"
    },
    "done": true
  },
  "regions_unexplored:recipes/ru_main/maple_stairs": {
    "criteria": {
      "has_maple_planks": "2024-10-31 03:19:11 +0000"
    },
    "done": true
  },
  "regions_unexplored:recipes/ru_main/brown_painted_planks": {
    "criteria": {
      "has_planks": "2024-10-31 03:19:11 +0000"
    },
    "done": true
  },
  "everycomp:recipes/everycomp/db/regions_unexplored/maple_seat": {
    "criteria": {
      "has_planks": "2024-10-31 03:19:11 +0000"
    },
    "done": true
  },
  "minecraft:story/root": {
    "criteria": {
      "crafting_table": "2024-10-31 03:19:13 +0000"
    },
    "done": true
  },
  "regions_unexplored:pioneer": {
    "criteria": {
      "maple_forest": "2024-10-31 03:13:48 +0000"
    },
    "done": false
  },
  "minecraft:recipes/combat/crossbow": {
    "criteria": {
      "has_stick": "2024-10-31 03:19:23 +0000"
    },
    "done": true
  },
  "minecraft:recipes/building_blocks/light_gray_concrete_powder": {
    "criteria": {
      "has_gravel": "2024-10-31 03:25:53 +0000"
    },
    "done": true
  },
  "minecraft:recipes/building_blocks/light_blue_concrete_powder": {
    "criteria": {
      "has_gravel": "2024-10-31 03:25:53 +0000"
    },
    "done": true
  },
  "regions_unexplored:recipes/ru_main/maple_pressure_plate": {
    "criteria": {
      "has_maple_planks": "2024-10-31 03:19:11 +0000"
    },
    "done": true
  },
  "extradelight:recipes/extradelight.items/bratwurst_bread_bc": {
    "criteria": {
      "book": "2024-10-31 03:13:53 +0000"
    },
    "done": true
  },
  "minecraft:recipes/building_blocks/pink_concrete_powder": {
    "criteria": {
      "has_gravel": "2024-10-31 03:25:53 +0000"
    },
    "done": true
  },
  "idas:idas_root": {
    "criteria": {
      "always": "2024-10-31 03:07:05 +0000"
    },
    "done": true
  },
  "minecraft:recipes/building_blocks/red_concrete_powder": {
    "criteria": {
      "has_gravel": "2024-10-31 03:25:53 +0000"
    },
    "done": true
  },
  "betterdungeons:root": {
    "criteria": {
      "always": "2024-10-31 03:07:05 +0000"
    },
    "done": true
  },
  "everycomp:recipes/everycomp/ddr/regions_unexplored/maple_countertop": {
    "criteria": {
      "has_planks": "2024-10-31 03:19:11 +0000"
    },
    "done": true
  },
  "minecraft:recipes/building_blocks/purple_concrete_powder": {
    "criteria": {
      "has_gravel": "2024-10-31 03:25:53 +0000"
    },
    "done": true
  },
  "create:recipes/create.base/crafting/appliances/crafting_blueprint": {
    "criteria": {
      "has_item": "2024-10-31 03:19:13 +0000"
    },
    "done": true
  },
  "regions_unexplored:recipes/ru_main/cyan_painted_planks": {
    "criteria": {
      "has_planks": "2024-10-31 03:19:11 +0000"
    },
    "done": true
  },
  "takesapillage:root": {
    "criteria": {
      "always": "2024-10-31 03:07:05 +0000"
    },
    "done": true
  },
  "everycomp:recipes/everycomp/hc/regions_unexplored/maple_side_table": {
    "criteria": {
      "has_planks": "2024-10-31 03:19:11 +0000"
    },
    "done": true
  },
  "regions_unexplored:recipes/ru_main/maple_door": {
    "criteria": {
      "has_maple_planks": "2024-10-31 03:19:11 +0000"
    },
    "done": true
  },
  "create_connected:root": {
    "criteria": {
      "0": "2024-10-31 03:07:05 +0000"
    },
    "done": true
  },
  "farmersdelight:recipes/farmersdelight/flint_knife": {
    "criteria": {
      "has_stick": "2024-10-31 03:19:23 +0000"
    },
    "done": true
  },
  "toms_storage:unlock_glowstone": {
    "criteria": {
      "inv_changed-glowstone": "2024-10-31 03:07:05 +0000"
    },
    "done": true
  },
  "regions_unexplored:parent": {
    "criteria": {
      "load_in_world": "2024-10-31 03:07:06 +0000"
    },
    "done": true
  },
  "minecraft:story/mine_stone": {
    "criteria": {
      "get_stone": "2024-10-31 03:19:33 +0000"
    },
    "done": true
  },
  "regions_unexplored:recipes/ru_main/green_painted_planks": {
    "criteria": {
      "has_planks": "2024-10-31 03:19:11 +0000"
    },
    "done": true
  },
  "minecraft:recipes/building_blocks/stone": {
    "criteria": {
      "has_cobblestone": "2024-10-31 03:19:33 +0000"
    },
    "done": true
  },
  "everycomp:recipes/everycomp/ddr/regions_unexplored/maple_counter_1": {
    "criteria": {
      "has_planks": "2024-10-31 03:19:11 +0000"
    },
    "done": true
  },
  "minecraft:recipes/decorations/furnace": {
    "criteria": {
      "has_cobblestone": "2024-10-31 03:19:33 +0000"
    },
    "done": true
  },
  "regions_unexplored:recipes/ru_main/maple_wood": {
    "criteria": {
      "has_log": "2024-10-31 03:16:37 +0000"
    },
    "done": true
  },
  "decorative_blocks:recipes/decorations/torch_from_chandelier": {
    "criteria": {
      "has_torch": "2024-10-31 03:14:06 +0000"
    },
    "done": true
  },
  "everycomp:recipes/everycomp/hc/regions_unexplored/maple_nightstand": {
    "criteria": {
      "has_planks": "2024-10-31 03:19:11 +0000"
    },
    "done": true
  },
  "minecraft:adventure/adventuring_time": {
    "criteria": {
      "minecraft:forest": "2024-10-31 03:12:39 +0000",
      "minecraft:meadow": "2024-10-31 03:20:25 +0000",
      "minecraft:plains": "2024-10-31 03:07:06 +0000"
    },
    "done": false
  },
  "minecraft:recipes/misc/charcoal": {
    "criteria": {
      "has_log": "2024-10-31 03:16:37 +0000"
    },
    "done": true
  },
  "extradelight:food": {
    "criteria": {
      "food": "2024-10-31 03:15:06 +0000"
    },
    "done": true
  },
  "minecraft:recipes/tools/wooden_pickaxe": {
    "criteria": {
      "has_stick": "2024-10-31 03:19:23 +0000"
    },
    "done": true
  },
  "everycomp:recipes/everycomp/hc/regions_unexplored/maple_fancy_bed": {
    "criteria": {
      "has_planks": "2024-10-31 03:19:11 +0000"
    },
    "done": true
  },
  "minecraft:recipes/building_blocks/cobblestone_slab_from_cobblestone_stonecutting": {
    "criteria": {
      "has_cobblestone": "2024-10-31 03:19:33 +0000"
    },
    "done": true
  },
  "minecraft:husbandry/root": {
    "criteria": {
      "consumed_item": "2024-10-31 03:15:06 +0000"
    },
    "done": true
  },
  "regions_unexplored:recipes/ru_main/maple_fence_gate": {
    "criteria": {
      "has_maple_planks": "2024-10-31 03:19:11 +0000"
    },
    "done": true
  },
  "everycomp:recipes/handcrafted.main/hc/regions_unexplored/maple_shelf": {
    "criteria": {
      "has_planks": "2024-10-31 03:19:11 +0000"
    },
    "done": true
  },
  "vintageimprovements:root": {
    "criteria": {
      "0": "2024-10-31 03:07:05 +0000"
    },
    "done": true
  },
  "regions_unexplored:recipes/ru_main/maple_sign": {
    "criteria": {
      "has_maple_planks": "2024-10-31 03:19:11 +0000"
    },
    "done": true
  },
  "design_decor:recipes/design_decor/wood_support_from_planks_stonecutting": {
    "criteria": {
      "has_planks": "2024-10-31 03:19:11 +0000"
    },
    "done": true
  },
  "minecraft:recipes/combat/stone_sword": {
    "criteria": {
      "has_cobblestone": "2024-10-31 03:19:33 +0000"
    },
    "done": true
  },
  "regions_unexplored:recipes/ru_main/black_painted_planks": {
    "criteria": {
      "has_planks": "2024-10-31 03:19:11 +0000"
    },
    "done": true
  },
  "minecraft:recipes/decorations/cobblestone_wall": {
    "criteria": {
      "has_cobblestone": "2024-10-31 03:19:33 +0000"
    },
    "done": true
  },
  "toms_storage:unlock_dia_pearl": {
    "criteria": {
      "inv_changed-ender_pearl": "2024-10-31 03:07:05 +0000",
      "inv_changed-diamond": "2024-10-31 03:07:05 +0000"
    },
    "done": true
  },
  "minecraft:recipes/decorations/barrel": {
    "criteria": {
      "has_planks": "2024-10-31 03:19:11 +0000"
    },
    "done": true
  },
  "minecraft:recipes/building_blocks/green_concrete_powder": {
    "criteria": {
      "has_gravel": "2024-10-31 03:25:53 +0000"
    },
    "done": true
  },
  "minecraft:recipes/misc/iron_ingot_from_smelting_raw_iron": {
    "criteria": {
      "has_raw_iron": "2024-10-31 03:23:31 +0000"
    },
    "done": true
  },
  "minecraft:recipes/tools/stone_pickaxe": {
    "criteria": {
      "has_cobblestone": "2024-10-31 03:19:33 +0000"
    },
    "done": true
  },
  "extradelight:recipes/extradelight.aesthetic/warped_step_stool": {
    "criteria": {
      "warped_step_stool": "2024-10-31 03:19:23 +0000"
    },
    "done": true
  },
  "farmersdelight:recipes/farmersdelight/cutting_board": {
    "criteria": {
      "has_stick": "2024-10-31 03:19:23 +0000"
    },
    "done": true
  },
  "regions_unexplored:recipes/ru_main/blue_painted_planks": {
    "criteria": {
      "has_planks": "2024-10-31 03:19:11 +0000"
    },
    "done": true
  },
  "minecraft:recipes/decorations/cobblestone_wall_from_cobblestone_stonecutting": {
    "criteria": {
      "has_cobblestone": "2024-10-31 03:19:33 +0000"
    },
    "done": true
  },
  "minecraft:recipes/building_blocks/white_concrete_powder": {
    "criteria": {
      "has_gravel": "2024-10-31 03:25:53 +0000"
    },
    "done": true
  },
  "extradelight:recipes/extradelight.aesthetic/mangrove_step_stool": {
    "criteria": {
      "mangrove_step_stool": "2024-10-31 03:19:23 +0000"
    },
    "done": true
  },
  "everycomp:recipes/handcrafted.main/hc/regions_unexplored/maple_counter": {
    "criteria": {
      "has_planks": "2024-10-31 03:19:11 +0000"
    },
    "done": true
  },
  "farmersdelight:main/root": {
    "criteria": {
      "seeds": "2024-10-31 03:07:05 +0000"
    },
    "done": true
  },
  "shieldexp:recipes/wooden_shield": {
    "criteria": {
      "has_stick": "2024-10-31 03:19:23 +0000"
    },
    "done": true
  },
  "minecraft:recipes/tools/stone_hoe": {
    "criteria": {
      "has_cobblestone": "2024-10-31 03:19:33 +0000"
    },
    "done": true
  },
  "everycomp:recipes/everycomp/hc/regions_unexplored/maple_couch": {
    "criteria": {
      "has_planks": "2024-10-31 03:19:11 +0000"
    },
    "done": true
  },
  "everycomp:recipes/everycomp/ddr/regions_unexplored/maple_counter": {
    "criteria": {
      "has_planks": "2024-10-31 03:19:11 +0000"
    },
    "done": true
  },
  "extradelight:recipes/extradelight.aesthetic/dark_oak_step_stool": {
    "criteria": {
      "dark_oak_step_stool": "2024-10-31 03:19:23 +0000"
    },
    "done": true
  },
  "regions_unexplored:recipes/ru_main/yellow_painted_planks": {
    "criteria": {
      "has_planks": "2024-10-31 03:19:11 +0000"
    },
    "done": true
  },
  "extradelight:recipes/extradelight.aesthetic/cinnamon_step_stool": {
    "criteria": {
      "cinnamon_step_stool": "2024-10-31 03:19:23 +0000"
    },
    "done": true
  },
  "regions_unexplored:recipes/ru_main/lime_painted_planks": {
    "criteria": {
      "has_planks": "2024-10-31 03:19:11 +0000"
    },
    "done": true
  },
  "everycomp:recipes/everycomp/ddr/regions_unexplored/maple_counter_bend": {
    "criteria": {
      "has_planks": "2024-10-31 03:19:11 +0000"
    },
    "done": true
  },
  "minecraft:recipes/decorations/fletching_table": {
    "criteria": {
      "has_flint": "2024-10-31 03:26:00 +0000"
    },
    "done": true
  },
  "create_dd:recipes/misc/crafting/coal_from_coal_piece": {
    "criteria": {
      "has_coal": "2024-10-31 03:19:47 +0000"
    },
    "done": true
  },
  "regions_unexplored:recipes/ru_main/light_gray_painted_planks": {
    "criteria": {
      "has_planks": "2024-10-31 03:19:11 +0000"
    },
    "done": true
  },
  "toms_storage:unlock_chest": {
    "criteria": {
      "inv_changed-chest": "2024-10-31 03:07:05 +0000"
    },
    "done": true
  },
  "create:root": {
    "criteria": {
      "0": "2024-10-31 03:07:05 +0000"
    },
    "done": true
  },
  "betterdeserttemples:root": {
    "criteria": {
      "always": "2024-10-31 03:07:05 +0000"
    },
    "done": true
  },
  "regions_unexplored:recipes/ru_main/magenta_painted_planks": {
    "criteria": {
      "has_planks": "2024-10-31 03:19:11 +0000"
    },
    "done": true
  },
  "regions_unexplored:recipes/ru_main/maple_branch_from_maple_log": {
    "criteria": {
      "has_log": "2024-10-31 03:16:37 +0000"
    },
    "done": true
  },
  "everycomp:recipes/everycomp/hc/regions_unexplored/maple_corner_trim": {
    "criteria": {
      "has_planks": "2024-10-31 03:19:11 +0000"
    },
    "done": true
  },
  "everycomp:recipes/everycomp/hc/regions_unexplored/maple_chair": {
    "criteria": {
      "has_planks": "2024-10-31 03:19:11 +0000"
    },
    "done": true
  },
  "minecraft:story/upgrade_tools": {
    "criteria": {
      "stone_pickaxe": "2024-10-31 03:19:40 +0000"
    },
    "done": true
  },
  "everycomp:recipes/everycomp/db/regions_unexplored/maple_beam": {
    "criteria": {
      "has_planks": "2024-10-31 03:19:11 +0000"
    },
    "done": true
  },
  "alexsmobs:alexsmobs/root": {
    "criteria": {
      "useitem": "2024-10-31 03:15:24 +0000"
    },
    "done": true
  },
  "regions_unexplored:recipes/ru_main/pink_painted_planks": {
    "criteria": {
      "has_planks": "2024-10-31 03:19:11 +0000"
    },
    "done": true
  },
  "minecraft:recipes/decorations/soul_campfire": {
    "criteria": {
      "has_stick": "2024-10-31 03:19:23 +0000"
    },
    "done": true
  },
  "minecraft:recipes/tools/stone_axe": {
    "criteria": {
      "has_cobblestone": "2024-10-31 03:19:33 +0000"
    },
    "done": true
  },
  "minecraft:recipes/building_blocks/raw_iron_block": {
    "criteria": {
      "has_raw_iron": "2024-10-31 03:23:31 +0000"
    },
    "done": true
  },
  "extradelight:recipes/extradelight.aesthetic/birch_step_stool": {
    "criteria": {
      "birch_step_stool": "2024-10-31 03:19:23 +0000"
    },
    "done": true
  },
  "extradelight:recipes/extradelight.items/mortar/corn_meal": {
    "criteria": {
      "Recipes": "2024-10-31 03:20:44 +0000"
    },
    "done": true
  },
  "minecraft:recipes/building_blocks/orange_concrete_powder": {
    "criteria": {
      "has_gravel": "2024-10-31 03:25:53 +0000"
    },
    "done": true
  },
  "minecraft:recipes/building_blocks/cyan_concrete_powder": {
    "criteria": {
      "has_gravel": "2024-10-31 03:25:53 +0000"
    },
    "done": true
  },
  "everycomp:recipes/everycomp/hc/regions_unexplored/maple_table": {
    "criteria": {
      "has_planks": "2024-10-31 03:19:11 +0000"
    },
    "done": true
  },
  "regions_unexplored:recipes/ru_main/gray_painted_planks": {
    "criteria": {
      "has_planks": "2024-10-31 03:19:11 +0000"
    },
    "done": true
  },
  "decoration_delight:the_search_begins_advancement": {
    "criteria": {
      "the_search_begins_advancement": "2024-10-31 03:07:05 +0000"
    },
    "done": true
  },
  "everycomp:recipes/everycomp/ddr/regions_unexplored/maple_counter_corner": {
    "criteria": {
      "has_planks": "2024-10-31 03:19:11 +0000"
    },
    "done": true
  },
  "DataVersion": 3120
}